v -9.28571 -5 0.471774
v -1 -3.85714 0.100806
v -6.14286 -0.571429 0.53629
v -5.14286 -5 0.165323
v -5.14286 -6.42857 0.0645161
v -6.71429 -6.57143 0.189516
v -7.57143 -9 0.540323
v -4 -6.14286 0.391129
v -5.57143 -4.57143 0.201613
v -3.71429 -2.42857 0.00403226
v -9.42857 -1 0.0403226
v -2.85714 -2.42857 0.391129
v -1.71429 -2.14286 0.189516
v -1.14286 -1.42857 0.129032
v -3.14286 -1 0.46371
v -0.571429 -2.57143 0.0403226
v -3.28571 -3.85714 0.346774
v -3.14286 -9.14286 0.153226
v -0.428571 -9.57143 0.116935
v -7.57143 -9.71429 0.435484
v -7.57143 -8.14286 0.354839
v -7 -8.14286 0.25
v -6.71429 -9.28571 0.854839
v -6 -10 0.568548
v -5.28571 -9.57143 0.798387
v -4.28571 -8.57143 0.701613
v -8 -6.28571 0.737903
v -6.14286 -6.14286 0.245968
v -5.57143 -7.85714 0.395161
v -8.14286 -6.57143 0.810484
v -9.42857 -6.57143 0.689516
v -9.85714 -6.14286 0.354839
v -10 -7 0.241935
v -9.57143 -3.42857 0.427419
v -9.14286 -5.28571 0.665323
v -10 -3.28571 0.193548
v -9.57143 -3.14286 0.201613
v -7.28571 -2.28571 0.318548
v -8.71429 -2.14286 0.245968
v -8.28571 -1.57143 0.0685484
v -4.71429 -3 0.0887097
v -7.28571 -0.428571 0.576613
v -6.42857 -3 0.645161
v -5 -3 0.237903
v -6.28571 -5.42857 0.383065
v -6.28571 -5.85714 0.399194
v -5.42857 -3.28571 0.209677
v -4.28571 -6 0.596774
v -2.85714 -7.57143 0.245968
v -1.71429 -6.57143 0.524194
v -2.14286 -5.28571 0.201613
v -1.57143 -5.28571 0.100806
v -3.71429 -5.28571 0.524194
v -3.57143 -2.57143 0.0282258
v -0.285714 -1.28571 0.108871
v -1.42857 -0.857143 0.447581
v -0.714286 -1.14286 0.16129
v -0.857143 -2.71429 0.0443548
v -0.428571 -3.42857 0.467742
v -0.428571 -5.57143 0.0927419
v -1.28571 -7.28571 0.447581
v -1.42857 -8.57143 0.310484
v -0.142857 -8.28571 0.608871
v -0.571429 -7.71429 0.375
v -1.71429 -8.14286 0.407258
v -2.57143 -7.85714 0.217742
v -2.71429 -7.85714 0.16129
v -2.85714 -7.71429 0.217742
v -1.14286 -8.57143 0.560484
v -1.57143 -8.85714 0.116935
v -2.57143 -8.57143 0.0967742
v -3.85714 -8.85714 0.41129
v -1 -9 0.415323
v -0.714286 -9.71429 0.0362903
v -0.142857 -10 0.221774
v -0.428571 -9.28571 0.209677
v -9.42857 -9.71429 0.274194
v -9.85714 -9.85714 0.346774
v -9.85714 -9.57143 0.274194
v -9.28571 -9.42857 0.387097
v -9.57143 -8.71429 0.512097
v -9.71429 -8.42857 0.435484
v -10 -7.71429 0.21371
v -8.71429 -8.42857 0.544355
v -8.42857 -8 0.846774
v -8.14286 -8 0.653226
v -8.71429 -8.57143 0.544355
v -9 -8.85714 0.254032
v -8.57143 -9.28571 0.221774
v -9.28571 -9.28571 0.399194
v -7.28571 -9.71429 0.552419
v -7.85714 -9.28571 0.508065
v -7.57143 -8.57143 0.391129
v -6.42857 -9.57143 0.758065
v -6.28571 -9 0.758065
v -5.57143 -9.14286 0.770161
v -5.85714 -9.71429 0.717742
v -7 -7.71429 0.0766129
v -6.14286 -8.57143 0.794355
v -6.57143 -8.14286 0.504032
v -7.57143 -8 0.322581
v -7.57143 -7.71429 0.201613
v -7.57143 -8.28571 0.383065
v -7.57143 -8.42857 0.391129
v -7.71429 -7.57143 0.169355
v -7.85714 -7 0.616935
v -7.28571 -7.57143 0.0443548
v -6.42857 -6.42857 0.16129
v -5.71429 -6.57143 0.016129
v -6.28571 -6.85714 0.00806452
v -6.28571 -7.28571 0.00806452
v -6.14286 -5.14286 0.241935
v -5.42857 -4.85714 0.157258
v -6 -6.28571 0.141129
v -6.14286 -6.28571 0.181452
v -6.57143 -5 0.290323
v -7.42857 -5.14286 0.508065
v -8 -6.42857 0.822581
v -8.14286 -5.28571 0.447581
v -8.42857 -5.14286 0.483871
v -8.42857 -5.42857 0.383065
v -8.57143 -5.71429 0.383065
v -8.57143 -6.85714 0.790323
v -8.57143 -5.85714 0.439516
v -8.42857 -7.57143 0.616935
v -10 -7.14286 0.233871
v -8.57143 -7.57143 0.616935
v -9.71429 -6.71429 0.53629
v -9.71429 -6.57143 0.641129
v -9.57143 -6.57143 0.689516
v -9.42857 -6.14286 0.645161
v -9.42857 -5 0.516129
v -9.85714 -5.42857 0.544355
v -9.57143 -4.28571 0.221774
v -9.85714 -4 0.25
v -9.42857 -4 0.366935
v -9.14286 -4.57143 0.245968
v -8.71429 -4.42857 0.169355
v -8.71429 -4.14286 0.25
v -8.28571 -4.14286 0.16129
v -8.42857 -3.42857 0.322581
v -8.42857 -3.28571 0.282258
v -8.71429 -3.85714 0.350806
v -8.85714 -3.85714 0.544355
v -8.85714 -3.42857 0.467742
v -9.42857 -3.42857 0.427419
v -9.42857 -3.85714 0.431452
v -9.42857 -2.14286 0.104839
v -10 -3.14286 0.173387
v -9.42857 -1.71429 0.0362903
v -9.57143 -0.428571 0.0887097
v -9.71429 -0.428571 0.0887097
v -9.28571 -0.285714 0.0927419
v -8.57143 -1.14286 0.129032
v -9.28571 -0.714286 0.0604839
v -8 -0.428571 0.229839
v -8.14286 -0.285714 0.165323
v -9 -1.28571 0.0564516
v -9.14286 -1.42857 0.0403226
v -9 -2.14286 0.254032
v -8.42857 -2.57143 0.278226
v -7 -1.71429 0.346774
v -6.85714 -1.71429 0.346774
v -7.85714 -2.14286 0.149194
v -6.85714 -0.571429 0.487903
v -7 -0.571429 0.487903
v -7 -0.428571 0.548387
v -7.85714 -0.142857 0.346774
v -6.71429 -1.14286 0.197581
v -5.57143 -0.285714 0.302419
v -5.71429 -1 0.633065
v -5.57143 -1.14286 0.604839
v -6.71429 -1.42857 0.229839
v -6.14286 -1.71429 0.483871
v -6.14286 -2.57143 0.516129
v -7.42857 -2.71429 0.596774
v -5.85714 -3.57143 0.133065
v -6.28571 -2.57143 0.560484
v -7.57143 -2.71429 0.552419
v -7.71429 -3.42857 0.379032
v -8 -3.42857 0.366935
v -7.85714 -3.71429 0.141129
v -6.14286 -4.71429 0.108871
v -6.42857 -4.42857 0.576613
v -7.14286 -4 0.657258
v -6.57143 -3.85714 0.951613
v -6.14286 -4 0.290323
v -5.85714 -3.85714 0.16129
v -5.71429 -3.85714 0.116935
v -5.42857 -4.14286 0.104839
v -5 -4.42857 0.217742
v -5.28571 -4.57143 0.221774
v -4.85714 -4.28571 0.258065
v -3.57143 -3.42857 0.0887097
v -3.57143 -4.57143 0.314516
v -3.42857 -4.14286 0.366935
v -3.42857 -3.57143 0.137097
v -2.85714 -2.57143 0.342742
v -2.28571 -3.28571 0.16129
v -2.42857 -3.14286 0.294355
v -2.85714 -3.28571 0.306452
v -3.71429 -2.28571 0.00403226
v -4.42857 -2.42857 0.0282258
v -4.71429 -2.57143 0.112903
v -4.85714 -1.85714 0.125
v -4.85714 -2 0.0846774
v -4.57143 -1.57143 0.141129
v -4.14286 -1.42857 0.153226
v -4.71429 -1 0.375
v -4.85714 -0.714286 0.491935
v -4.85714 -0.142857 0.185484
v -3.42857 -0.428571 0.290323
v -3.71429 -0.428571 0.282258
v -2.71429 -0.857143 0.596774
v -3.28571 -1.14286 0.415323
v -2.71429 -1.42857 0.653226
v -2.28571 -1.71429 0.262097
v -3.28571 -2.14286 0.181452
v -1.42857 -1.71429 0.149194
v -2 -2 0.479839
v -1.14286 -2 0.0403226
v -2 -1.71429 0.399194
v -1.85714 -0.571429 0.209677
v -1.28571 -0.142857 0.419355
v -2.14286 -0.285714 0.391129
v -1 -0.857143 0.21371
v -0.857143 -0.142857 0.548387
v -0.571429 -1 0.16129
v -0.857143 -1.28571 0.120968
v -1 -2.28571 0.0201613
v -0.428571 -2.28571 0.129032
v -0.285714 -1.71429 0.165323
v -0.857143 -3.71429 0.153226
v -0.714286 -4 0.28629
v -0.714286 -3.57143 0.258065
v -1 -3.28571 0.137097
v -1.42857 -3.85714 0.0362903
v -2.14286 -4.14286 0.100806
v -1.71429 -2.71429 0.0645161
v -1.57143 -4.42857 0.145161
v -2 -5.14286 0.189516
v -1.85714 -4.42857 0.116935
v -1.42857 -4.42857 0.125
v -1.42857 -4.14286 0.0645161
v -1.28571 -4.42857 0.125
v -1.42857 -4.85714 0.0120968
v -0.428571 -4.28571 0.564516
v -1.14286 -6.14286 0.209677
v -1.42857 -5.57143 0.149194
v -1.42857 -6.28571 0.318548
v -1.28571 -6.28571 0.318548
v -1 -6.85714 0.483871
v -1.14286 -7.28571 0.512097
v -1.42857 -7.28571 0.447581
v -2.71429 -7.28571 0.370968
v -1.57143 -7.71429 0.362903
v -3 -6.85714 0.552419
v -3 -5.57143 0.637097
v -3 -5.42857 0.532258
v -2 -5.57143 0.225806
v -1.85714 -5.28571 0.181452
v -3.28571 -5.28571 0.41129
v -3.14286 -5.28571 0.419355
v -3.28571 -5.57143 0.556452
v -3.42857 -5.57143 0.528226
v -4 -6.57143 0.314516
v -4.85714 -5.85714 0.556452
v -5.14286 -6 0.233871
v -4.85714 -7.42857 0.205645
v -5 -6.71429 0.217742
v -5 -7.14286 0.221774
v -4.71429 -7.28571 0.262097
v -4.14286 -7.28571 0.41129
v -4 -7 0.16129
v -3.42857 -7.71429 0.129032
v -3.28571 -6.85714 0.41129
v -3 -8 0.0685484
v -2.85714 -8.14286 0.0483871
v -3.28571 -9 0.145161
v -3.42857 -8.85714 0.104839
v -4.57143 -8 0.685484
v -5 -8.57143 0.66129
v -5.14286 -8.57143 0.733871
v -4.42857 -9.85714 0.431452
v -4.57143 -10 0.491935
v -5.28571 -9.14286 0.620968
v -3.85714 -10 0.415323
v -3.85714 -9.42857 0.258065
v -3 -9.85714 0.21371
v -2.71429 -9.28571 0.100806
v -2.42857 -9.57143 0.266129
v -2 -9.71429 0.16129
v -1.71429 -9.57143 0.120968
v -1.85714 -9.42857 0.104839
v -1.71429 -9 0.0604839
v -2 -9.28571 0.0887097
v -1.42857 -8 0.46371
v -0.142857 -8.85714 0.596774
v -0.428571 -8.28571 0.616935
v -0.714286 -8.57143 0.733871
v -1.14286 -9.14286 0.379032
v -0.571429 -9.42857 0.0483871
v -1 -9.42857 0.0846774
v -0.571429 -9.85714 0.0725806
v -0.285714 -9.57143 0.116935
v -9.57143 -9.85714 0.266129
v -9.71429 -9.42857 0.282258
v -10 -9.71429 0.221774
v -9.57143 -10 0.266129
v -9.14286 -9.28571 0.375
v -9.14286 -9.57143 0.379032
v -9.14286 -10 0.16129
v -9.28571 -9.14286 0.5
v -9.28571 -8.85714 0.701613
v -9.14286 -8.85714 0.443548
v -9.57143 -8.85714 0.608871
v -9.71429 -9 0.568548
v -9.85714 -8.85714 0.358871
v -9.71429 -9.28571 0.354839
v -10 -8.42857 0.342742
v -9.42857 -8.71429 0.512097
v -10 -8.14286 0.544355
v -10 -8 0.282258
v -9.85714 -8 0.282258
v -10 -7.85714 0.282258
v -9.42857 -7.42857 0.604839
v -9.28571 -7.42857 0.612903
v -9.14286 -7.42857 0.608871
v -9.28571 -7.57143 0.673387
v -8.85714 -7.71429 0.754032
v -9.14286 -7.71429 0.745968
v -9.14286 -8.42857 0.544355
v -9.14286 -8.57143 0.544355
v -8.85714 -8 0.850806
v -8.28571 -8.14286 0.967742
v -8.57143 -8.14286 1
v -8.57143 -7.85714 0.846774
v -8.71429 -7.85714 0.919355
v -8.42857 -7.71429 0.616935
v -8.71429 -7.71429 0.681452
v -8.28571 -7.57143 0.532258
v -7.85714 -7.42857 0.391129
v -7.71429 -7.71429 0.225806
v -8 -8 0.399194
v -7.71429 -8.42857 0.282258
v -8.28571 -8 0.842742
v -7.71429 -8.57143 0.282258
v -7.85714 -8.71429 0.254032
v -7.57143 -9.42857 0.395161
v -7.57143 -9.14286 0.524194
v -8 -8.71429 0.254032
v -8.28571 -9.28571 0.181452
v -8.28571 -8.85714 0.653226
v -8.42857 -8.85714 0.653226
v -8.28571 -9.42857 0.189516
v -8.57143 -10 0.209677
v -8.85714 -9.71429 0.201613
v -8.14286 -9.42857 0.370968
v -8.14286 -9.85714 0.306452
v -8.14286 -9.57143 0.370968
v -7.85714 -9.85714 0.395161
v -7.85714 -9.57143 0.415323
v -7.28571 -10 0.612903
v -7.14286 -10 0.620968
v -7.14286 -9.57143 0.717742
v -7.42857 -9.28571 0.431452
v -7.42857 -9.14286 0.491935
v -7.28571 -8.85714 0.592742
v -7.14286 -9 0.58871
v -6.28571 -9.14286 0.725806
v -6.71429 -9 0.754032
v -6.28571 -9.28571 0.645161
v -6.85714 -9.28571 0.818548
v -7 -9.42857 0.798387
v -6.57143 -9.42857 0.758065
v -6.71429 -9.85714 0.625
v -6 -9.57143 0.629032
v -6.14286 -10 0.528226
v -6.28571 -9.71429 0.451613
v -5.85714 -10 0.625
v -5.85714 -9.57143 0.737903
v -5.71429 -9.71429 0.810484
v -5 -10 0.53629
v -5.28571 -9 0.625
v -5.14286 -8.85714 0.625
v -5.42857 -9.14286 0.689516
v -5.71429 -8.71429 0.758065
v -5.85714 -8.85714 0.745968
v -6 -9.42857 0.629032
v -6.14286 -9.57143 0.516129
v -6.28571 -8 0.33871
v -6.28571 -7.85714 0.33871
v -6 -8.14286 0.5
v -6 -7.85714 0.334677
v -5.71429 -8.28571 0.677419
v -5 -8.42857 0.66129
v -5.57143 -8.28571 0.733871
v -5.71429 -7.57143 0.0645161
v -5.28571 -7.42857 0.193548
v -5.85714 -7.57143 0.0645161
v -6.14286 -7.71429 0.0443548
v -6.14286 -7.42857 0.0120968
v -6.42857 -7.42857 0.0322581
v -6.28571 -7.57143 0.0322581
v -7 -7.57143 0.0524194
v -6.57143 -7.42857 0.0322581
v -6.57143 -7.71429 0.157258
v -6.57143 -8.28571 0.758065
v -6.71429 -8.28571 0.741935
v -6.85714 -8.57143 0.677419
v -6.42857 -8.42857 0.822581
v -7.28571 -8.57143 0.66129
v -7.42857 -8.57143 0.584677
v -7.14286 -8.42857 0.669355
v -7.28571 -8.42857 0.66129
v -7.57143 -7.85714 0.322581
v -7.28571 -7.71429 0.0927419
v -7.14286 -7.28571 0.0403226
v -7.14286 -7.42857 0.0282258
v -7.28571 -6.57143 0.467742
v -7.14286 -7 0.104839
v -7.14286 -6.57143 0.370968
v -7.42857 -6.28571 0.818548
v -7.28571 -6.14286 0.737903
v -7.14286 -6 0.717742
v -7.28571 -6.28571 0.697581
v -6.85714 -6 0.616935
v -6.57143 -6 0.346774
v -6.28571 -6.42857 0.116935
v -6.57143 -6.71429 0.125
v -6.14286 -6.85714 0.00403226
v -6.71429 -7.28571 0.0322581
v -7 -7 0.0887097
v -6 -7.28571 0.0120968
v -6 -7 0
v -5.71429 -6.85714 0.00806452
v -5.71429 -7 0.00806452
v -5.57143 -6.71429 0.0120968
v -5.57143 -7 0.0241935
v -5.57143 -6.85714 0.0241935
v -5.28571 -6.14286 0.169355
v -5 -6.57143 0.217742
v -5.28571 -6.57143 0.0645161
v -5.42857 -6.14286 0.116935
v -6 -6.71429 0.016129
v -6 -6 0.262097
v -6.14286 -6 0.306452
v -5.85714 -5.71429 0.28629
v -5.85714 -5.85714 0.262097
v -5.57143 -5.57143 0.165323
v -5.57143 -5.85714 0.173387
v -5 -5.71429 0.475806
v -5.14286 -5.71429 0.225806
v -5.28571 -5.57143 0.201613
v -5.28571 -5.42857 0.169355
v -5.28571 -5.28571 0.145161
v -5.42857 -5.28571 0.120968
v -5.71429 -5.14286 0.153226
v -5.85714 -5.14286 0.181452
v -5.85714 -5.28571 0.181452
v -5.71429 -5.28571 0.153226
v -6.14286 -5.57143 0.383065
v -6.71429 -5.14286 0.544355
v -5.85714 -5 0.108871
v -6 -5.57143 0.330645
v -6.57143 -5.71429 0.524194
v -6.28571 -5.71429 0.439516
v -6 -5.85714 0.322581
v -6.85714 -5.71429 0.729839
v -7.42857 -5.85714 0.830645
v -7.42857 -5.57143 0.544355
v -7 -5.42857 0.629032
v -7.28571 -5.42857 0.576613
v -7 -5.28571 0.604839
v -6.85714 -5.14286 0.604839
v -7.14286 -5.14286 0.540323
v -8 -5.28571 0.399194
v -7.42857 -5.28571 0.508065
v -7.71429 -5.14286 0.209677
v -8 -5.14286 0.399194
v -8.28571 -5.28571 0.419355
v -8.42857 -5.28571 0.483871
v -8.71429 -5 0.600806
v -8.14286 -5.71429 0.330645
v -8.28571 -5.71429 0.407258
v -8.42857 -5.57143 0.326613
v -8.14286 -5.42857 0.346774
v -7.71429 -5.57143 0.427419
v -7.57143 -5.57143 0.487903
v -7.57143 -5.71429 0.641129
v -7.85714 -6.14286 0.669355
v -8 -5.71429 0.326613
v -7.71429 -5.85714 0.616935
v -7.71429 -6.57143 0.754032
v -7.57143 -6.85714 0.205645
v -8 -6.85714 0.616935
v -7.71429 -6.85714 0.322581
v -8.42857 -6.42857 0.741935
v -8.42857 -7 0.790323
v -8.57143 -7.14286 0.733871
v -8.42857 -6.28571 0.625
v -8.28571 -6.14286 0.508065
v -8.57143 -6.14286 0.516129
v -8.57143 -6 0.479839
v -8.14286 -6 0.600806
v -9.28571 -6.14286 0.633065
v -9 -6 0.600806
v -8.71429 -6.42857 0.697581
v -9 -6.42857 0.645161
v -9 -6.57143 0.645161
v -8.71429 -6.71429 0.721774
v -9.14286 -6.85714 0.560484
v -9.42857 -7.14286 0.504032
v -9.85714 -7.28571 0.221774
v -9.71429 -7.28571 0.516129
v -9.28571 -6.85714 0.544355
v -9.42857 -6.42857 0.689516
v -9.57143 -6.28571 0.665323
v -9.57143 -6 0.653226
v -10 -5.71429 0.633065
v -10 -5.85714 0.596774
v -9.85714 -5.71429 0.633065
v -9.71429 -5.57143 0.790323
v -9.71429 -5.85714 0.754032
v -9.28571 -5.85714 0.612903
v -8.85714 -5.71429 0.758065
v -8.71429 -5.14286 0.572581
v -8.71429 -5.57143 0.451613
v -8.85714 -5.57143 0.645161
v -9 -5.28571 0.564516
v -9.28571 -5.28571 0.584677
v -9.42857 -5.14286 0.576613
v -9.71429 -5 0.596774
v -9.71429 -5.28571 0.677419
v -10 -4.57143 0.362903
v -9.85714 -4.85714 0.479839
v -10 -4.71429 0.415323
v -9.42857 -4.42857 0.25
v -9.57143 -4.14286 0.221774
v -9.57143 -4 0.366935
v -10 -3.85714 0.266129
v -9 -4.28571 0.314516
v -8.42857 -4.28571 0.221774
v -9 -4 0.544355
v -9 -4.42857 0.209677
v -9.28571 -4.42857 0.217742
v -8.71429 -4.85714 0.427419
v -9 -4.85714 0.580645
v -7.85714 -5 0.375
v -8.14286 -4.42857 0.129032
v -7.85714 -4.85714 0.298387
v -7.85714 -4.71429 0.254032
v -7.71429 -4.71429 0.169355
v -7.42857 -4.71429 0.322581
v -7.28571 -4.85714 0.282258
v -7.71429 -4.14286 0.0806452
v -7.57143 -4 0.282258
v -7.85714 -4.28571 0.100806
v -7.85714 -3.85714 0.0846774
v -7.85714 -4.14286 0.100806
v -8.28571 -3.85714 0.177419
v -8.42857 -3.85714 0.25
v -8.57143 -3.57143 0.290323
v -8.57143 -3.71429 0.266129
v -8.42857 -3.71429 0.266129
v -8.14286 -3.42857 0.330645
v -8 -3.57143 0.241935
v -7.71429 -3.57143 0.241935
v -7.57143 -3.57143 0.326613
v -8 -2.71429 0.375
v -7.42857 -3 0.770161
v -7.71429 -2.71429 0.487903
v -8.28571 -2.85714 0.274194
v -8.42857 -3.14286 0.254032
v -8.71429 -3.14286 0.241935
v -8.85714 -3.28571 0.358871
v -9.28571 -3 0.16129
v -8.85714 -2.71429 0.16129
v -9.42857 -2.85714 0.108871
v -9.14286 -3 0.189516
v -9 -3.14286 0.21371
v -9.28571 -3.57143 0.53629
v -9.28571 -3.71429 0.512097
v -9.85714 -3.28571 0.193548
v -10 -3.57143 0.298387
v -9.71429 -3.71429 0.423387
v -9.71429 -3.28571 0.245968
v -9.71429 -3 0.0927419
v -9.57143 -2.85714 0.108871
v -9.57143 -2.71429 0.0967742
v -9.57143 -2.57143 0.100806
v -9.71429 -2.57143 0.120968
v -10 -2.14286 0.104839
v -9.28571 -2.42857 0.0967742
v -9 -2 0.270161
v -9 -2.57143 0.137097
v -8.85714 -2 0.270161
v -8.85714 -2.42857 0.145161
v -8.85714 -1.57143 0.0887097
v -8.85714 -1.42857 0.0564516
v -9.14286 -1.85714 0.193548
v -9.28571 -1.57143 0.0403226
v -10 -1.57143 0.0120968
v -10 -1.85714 0.0483871
v -9.85714 -1.57143 0.0120968
v -9.85714 -1.28571 0.00806452
v -10 -1.42857 0.00806452
v -9.42857 -1.14286 0.0201613
v -9.85714 -1 0.0887097
v -9.42857 -0.714286 0.100806
v -9.42857 -0.428571 0.0887097
v -9.14286 -0.571429 0.0766129
v -9.28571 -0.142857 0.0524194
v -9 -0.571429 0.100806
v -9.14286 -0.714286 0.0685484
v -8.85714 -0.857143 0.0806452
v -9.14286 -1.14286 0.0322581
v -9.28571 -1 0.0241935
v -8.85714 -1.14286 0.0362903
v -8.71429 -1.28571 0.0322581
v -8.57143 -1.28571 0.0403226
v -8.71429 -1.14286 0.0725806
v -8.71429 -0.857143 0.0967742
v -8.71429 -0.142857 0.129032
v -8.57143 -0.571429 0.112903
v -8.85714 -0.428571 0.108871
v -8 -0.714286 0.104839
v -8 -0.285714 0.229839
v -8.57143 -0.714286 0.169355
v -7.42857 -0.857143 0.270161
v -8.14286 -1 0.225806
v -7.57143 -1.28571 0.165323
v -7.42857 -1.28571 0.197581
v -8 -1.71429 0.157258
v -7.85714 -1.42857 0.129032
v -7.57143 -1.71429 0.112903
v -8 -2 0.116935
v -8.14286 -1.42857 0.112903
v -8.71429 -1.85714 0.157258
v -8.71429 -1.42857 0.0322581
v -8.14286 -2.57143 0.28629
v -8.57143 -2 0.201613
v -8.28571 -2.42857 0.241935
v -8.28571 -2.14286 0.205645
v -8.14286 -2.14286 0.153226
v -7.57143 -2.14286 0.314516
v -7.42857 -2 0.233871
v -7.57143 -2.28571 0.318548
v -7 -2.14286 0.370968
v -7.14286 -2.14286 0.330645
v -7.14286 -2.42857 0.362903
v -6.57143 -2.28571 0.439516
v -6.28571 -2.14286 0.322581
v -6.14286 -2.28571 0.33871
v -6.28571 -2.42857 0.431452
v -6.85714 -1.28571 0.209677
v -6.42857 -1.71429 0.387097
v -6.42857 -1.57143 0.334677
v -7 -1.85714 0.383065
v -7 -1.42857 0.209677
v -7.14286 -1.85714 0.298387
v -7.14286 -1.57143 0.298387
v -6.85714 -0.714286 0.504032
v -7 -0.857143 0.306452
v -7.14286 -0.857143 0.330645
v -7 -0.714286 0.504032
v -7.14286 -0.571429 0.443548
v -6.85714 -0.285714 0.548387
v -6.71429 -0.142857 0.879032
v -6.57143 -0.285714 0.649194
v -6.14286 -0.285714 0.592742
v -6.28571 -0.428571 0.620968
v -6.42857 -0.714286 0.475806
v -6.14286 -0.714286 0.479839
v -6.71429 -0.857143 0.395161
v -6.57143 -1.28571 0.221774
v -6 -0.714286 0.584677
v -6 -0.857143 0.600806
v -5.85714 -0.428571 0.540323
v -6 -0.428571 0.625
v -5.71429 -0.285714 0.435484
v -5.85714 -0.142857 0.637097
v -6 -0.142857 0.645161
v -5.42857 -0.285714 0.270161
v -5 -0.142857 0.137097
v -5.57143 -0.428571 0.302419
v -5.42857 -0.428571 0.270161
v -5.57143 -0.571429 0.258065
v -5.42857 -0.857143 0.520161
v -5.57143 -0.714286 0.330645
v -5.28571 -1.28571 0.487903
v -5 -1.14286 0.625
v -5 -2 0.169355
v -5.28571 -1.42857 0.487903
v -5.57143 -1.57143 0.46371
v -5.71429 -2 0.552419
v -5.85714 -1.28571 0.524194
v -5.85714 -2.42857 0.370968
v -6 -2.42857 0.387097
v -5.85714 -2.28571 0.379032
v -6 -2.14286 0.423387
v -5.85714 -2 0.53629
v -5.57143 -2.28571 0.508065
v -5.42857 -2.28571 0.528226
v -5.28571 -2 0.302419
v -5.71429 -2.71429 0.314516
v -5.57143 -2.57143 0.395161
v -5.42857 -2.71429 0.33871
v -5.42857 -2.85714 0.298387
v -5.71429 -3.14286 0.217742
v -5.28571 -3.57143 0.274194
v -5.57143 -3.42857 0.16129
v -6 -3.57143 0.270161
v -6.14286 -3.57143 0.471774
v -5.85714 -3.14286 0.282258
v -6 -3 0.294355
v -6.28571 -2.85714 0.491935
v -6 -2.71429 0.395161
v -6.42857 -2.71429 0.612903
v -6.85714 -3 0.717742
v -6.85714 -2.85714 0.66129
v -6.71429 -2.57143 0.560484
v -6.85714 -2.57143 0.46371
v -6.85714 -3.14286 0.721774
v -7 -2.71429 0.512097
v -7.14286 -3.14286 0.725806
v -6.71429 -3.71429 0.895161
v -6.85714 -3.42857 0.677419
v -7.14286 -3.28571 0.637097
v -6.71429 -3.28571 0.802419
v -6.57143 -3.71429 0.854839
v -6.57143 -3.42857 0.620968
v -6.42857 -3.14286 0.669355
v -6.42857 -3.57143 0.717742
v -6.28571 -3.85714 0.596774
v -6.28571 -4.28571 0.439516
v -5.85714 -4 0.129032
v -6.57143 -4.14286 0.685484
v -6.71429 -4 0.830645
v -7 -3.85714 0.798387
v -7.14286 -4.14286 0.512097
v -6.85714 -5 0.427419
v -7 -4.71429 0.330645
v -6.85714 -4.57143 0.415323
v -6.71429 -4.57143 0.479839
v -6.71429 -4.71429 0.366935
v -6.28571 -4.85714 0.116935
v -6.42857 -4.71429 0.334677
v -5.71429 -4.85714 0.125
v -5.28571 -4.85714 0.201613
v -5.71429 -5 0.116935
v -5.42857 -4.71429 0.197581
v -5.85714 -4.28571 0.157258
v -5.28571 -4.14286 0.125
v -5.57143 -4.14286 0.0927419
v -5.14286 -4 0.16129
v -5 -3.85714 0.282258
v -5 -4 0.165323
v -5.14286 -4.14286 0.125
v -5.28571 -4.42857 0.177419
v -5 -4.71429 0.278226
v -5.14286 -4.57143 0.221774
v -5.14286 -4.85714 0.201613
v -4.85714 -5 0.370968
v -4.57143 -5 0.443548
v -4.85714 -5.14286 0.451613
v -4.71429 -4.85714 0.370968
v -4.85714 -4.85714 0.290323
v -4.71429 -4.57143 0.314516
v -4.85714 -4.57143 0.294355
v -4.28571 -4.28571 0.25
v -4 -4.14286 0.399194
v -4.57143 -4.57143 0.258065
v -4.57143 -4.71429 0.342742
v -4.28571 -4.85714 0.520161
v -4.28571 -4.71429 0.423387
v -3.85714 -5 0.633065
v -3.28571 -5 0.318548
v -3.71429 -5.14286 0.524194
v -3.42857 -5 0.455645
v -3.14286 -4.85714 0.245968
v -3 -4.85714 0.229839
v -2.71429 -4.85714 0.193548
v -2.57143 -5 0.177419
v -3.28571 -4.28571 0.423387
v -3 -4.71429 0.189516
v -3.14286 -4.57143 0.270161
v -3.28571 -4.71429 0.290323
v -3.42857 -4.28571 0.366935
v -3.71429 -4.85714 0.576613
v -3.71429 -4.71429 0.524194
v -3.14286 -3.85714 0.383065
v -3.42857 -3.71429 0.173387
v -3.42857 -3.85714 0.233871
v -3.14286 -4.14286 0.447581
v -3 -3.71429 0.262097
v -2.85714 -3.71429 0.314516
v -2.57143 -3.85714 0.370968
v -3 -3 0.237903
v -2.57143 -2.85714 0.28629
v -2.85714 -3 0.318548
v -3.14286 -3.14286 0.129032
v -3.28571 -3.71429 0.266129
v -3.28571 -2.85714 0.120968
v -3.42857 -3.14286 0.100806
v -4 -3 0.0524194
v -4 -2.85714 0.0322581
v -3.85714 -3 0.0645161
v -3.57143 -3.14286 0.0806452
v -3.42857 -4 0.282258
v -4 -3.42857 0.0201613
v -4.14286 -3.14286 0.0362903
v -4.85714 -4 0.241935
v -4.42857 -4.14286 0.258065
v -4.57143 -3.42857 0.153226
v -4.42857 -4 0.205645
v -4.14286 -3.28571 0.0362903
v -4.57143 -3.14286 0.0725806
v -4.71429 -2.85714 0.112903
v -4.57143 -2.85714 0.0604839
v -4.85714 -2.42857 0.137097
v -5 -2.14286 0.169355
v -4.85714 -2.71429 0.177419
v -4.42857 -1.85714 0.0282258
v -4 -2.57143 0.00806452
v -4.14286 -2.28571 0.00806452
v -4.42857 -2.71429 0.0403226
v -4.28571 -1.28571 0.153226
v -4 -1.71429 0.0604839
v -4.42857 -1.57143 0.120968
v -4.42857 -1.71429 0.0725806
v -5 -1.71429 0.237903
v -4.85714 -1.71429 0.173387
v -5 -1.85714 0.201613
v -4.85714 -1.14286 0.487903
v -4.85714 -1.28571 0.383065
v -4.71429 -1.14286 0.362903
v -4.57143 -1 0.346774
v -4.57143 -0.857143 0.330645
v -4.71429 -0.285714 0.322581
v -4.71429 -0.571429 0.439516
v -4.28571 -1 0.181452
v -4.42857 -0.857143 0.233871
v -4.42857 -0.571429 0.278226
v -4.28571 -0.142857 0.237903
v -4.42857 -1.14286 0.201613
v -4 -1.14286 0.237903
v -4.14286 -1.28571 0.153226
v -4.57143 -1.28571 0.229839
v -3.57143 -0.714286 0.294355
v -3.71429 -0.714286 0.274194
v -3.85714 -0.857143 0.334677
v -3.28571 -0.714286 0.233871
v -3.14286 -0.571429 0.28629
v -3.57143 -0.428571 0.290323
v -3.71429 -0.285714 0.282258
v -2.85714 -0.428571 0.350806
v -2.57143 -0.142857 0.314516
v -2.85714 -0.571429 0.431452
v -2.71429 -0.571429 0.447581
v -2.85714 -0.857143 0.625
v -3.14286 -0.714286 0.334677
v -2.57143 -0.857143 0.596774
v -2.85714 -1.42857 0.560484
v -2.71429 -1.14286 0.673387
v -3 -1.57143 0.556452
v -3.14286 -1.14286 0.431452
v -3.14286 -1.42857 0.455645
v -3.57143 -1.28571 0.245968
v -3.85714 -1.28571 0.165323
v -3.85714 -2.42857 0.00403226
v -3.85714 -2.14286 0.00403226
v -3.28571 -1.57143 0.379032
v -3.14286 -2 0.375
v -2.85714 -2.14286 0.491935
v -2.71429 -1.85714 0.600806
v -2.71429 -2.14286 0.46371
v -2.71429 -1.57143 0.641129
v -2 -2.42857 0.173387
v -2.28571 -2.28571 0.479839
v -2 -2.71429 0.137097
v -2 -2.28571 0.21371
v -1.85714 -2.57143 0.0927419
v -1.57143 -2.42857 0.100806
v -1.71429 -2.57143 0.0645161
v -1.57143 -1.71429 0.25
v -1.57143 -2.14286 0.108871
v -1.57143 -2 0.0927419
v -1.71429 -1.57143 0.451613
v -2.28571 -1.57143 0.342742
v -2.14286 -1.57143 0.375
v -2 -1.85714 0.419355
v -2.14286 -1.42857 0.362903
v -2.28571 -1.42857 0.407258
v -2.14286 -1.14286 0.584677
v -2.14286 -0.571429 0.322581
v -2.42857 -0.428571 0.387097
v -2.14286 -0.428571 0.391129
v -2.57143 -0.428571 0.318548
v -1.57143 -0.714286 0.395161
v -2 -0.142857 0.193548
v -2 -0.857143 0.205645
v -1.57143 -1 0.387097
v -1.71429 -1.14286 0.491935
v -2 -1.14286 0.653226
v -1.71429 -1.42857 0.637097
v -1.28571 -0.857143 0.447581
v -0.857143 -0.857143 0.149194
v -0.857143 -1 0.258065
v -1 -0.571429 0.237903
v -1 -0.428571 0.290323
v -1.14286 -0.428571 0.262097
v -1.42857 -0.428571 0.379032
v -0.142857 -0.571429 0.0766129
v -0.428571 -0.285714 0.116935
v -0.571429 -0.571429 0.0362903
v -0.571429 -0.857143 0.120968
v -0.428571 -1.14286 0.0967742
v -0.142857 -1 0.0685484
v -0.714286 -0.857143 0.133065
v -0.571429 -1.14286 0.112903
v -0.428571 -1.57143 0.141129
v -0.285714 -1.42857 0.108871
v -0.714286 -1.57143 0.125
v -0.714286 -1.71429 0.120968
v -1.14286 -1.14286 0.169355
v -1.42857 -1.57143 0.25
v -1 -2 0.0725806
v -1.42857 -1.85714 0.104839
v -1.42857 -2.71429 0.0766129
v -1 -2.14286 0.0443548
v -0.857143 -2.42857 0.0282258
v -0.428571 -2.71429 0.0403226
v -0.428571 -2.57143 0.0927419
v -0.142857 -2.57143 0.278226
v -0.142857 -2.85714 0.403226
v -0.714286 -2.85714 0.0483871
v -0.428571 -3 0.149194
v -0.714286 -3 0.0685484
v -0.285714 -3 0.149194
v -0.285714 -3.14286 0.241935
v -0.285714 -3.57143 0.528226
v -0.857143 -3.14286 0.0927419
v -1.14286 -3.42857 0.153226
v -1.28571 -3.28571 0.0766129
v -0.857143 -3 0.0604839
v -1 -3 0.0887097
v -1.28571 -2.85714 0.0927419
v -1 -2.85714 0.0685484
v -1.42857 -3 0.141129
v -1.28571 -3 0.141129
v -1.71429 -3 0.0604839
v -2 -3 0.0927419
v -2.28571 -3 0.254032
v -2.14286 -3 0.165323
v -2.14286 -2.85714 0.217742
v -1.85714 -3.28571 0.0443548
v -1.85714 -3.57143 0.0524194
v -2.14286 -3.57143 0.193548
v -1.57143 -3.42857 0.016129
v -1.57143 -3.14286 0.0564516
v -1.57143 -3.71429 0.0241935
v -1.42857 -3.57143 0.0282258
v -1.28571 -3.57143 0.0282258
v -2 -4.28571 0.100806
v -1.42857 -4 0.0443548
v -1.57143 -4.14286 0.0766129
v -2 -4.42857 0.0967742
v -2.28571 -4.28571 0.153226
v -2.28571 -4 0.225806
v -2.28571 -4.42857 0.153226
v -2.42857 -4.57143 0.145161
v -2.42857 -4.85714 0.125
v -2.57143 -4.71429 0.133065
v -2.28571 -4.57143 0.120968
v -2 -5 0.189516
v -1.42857 -5 0.016129
v -1.71429 -4.85714 0.104839
v -1.28571 -4.85714 0.0120968
v -1.14286 -4.85714 0.0120968
v -1 -4.71429 0.0846774
v -1.28571 -4.57143 0.116935
v -1.28571 -3.85714 0.0362903
v -1 -4.28571 0.141129
v -1.28571 -4.28571 0.0645161
v -0.571429 -3.85714 0.403226
v -0.142857 -3.71429 0.830645
v -0.428571 -3.85714 0.637097
v -0.285714 -4.28571 0.564516
v -0.142857 -4.28571 0.766129
v -0.428571 -4.42857 0.399194
v -0.571429 -4.28571 0.508065
v -0.857143 -4.57143 0.177419
v -1 -5.71429 0.16129
v -0.428571 -5.28571 0.177419
v -0.142857 -5.14286 0.25
v -1 -5.28571 0.0604839
v -1.14286 -5.14286 0.0524194
v -1.28571 -5.28571 0.0483871
v -1.42857 -5.14286 0.0483871
v -1.14286 -5.85714 0.141129
v -1.57143 -6 0.229839
v -1.14286 -5.71429 0.129032
v -0.714286 -5.85714 0.153226
v -0.571429 -5.85714 0.129032
v -0.142857 -5.71429 0.0806452
v -0.428571 -5.85714 0.0927419
v -0.142857 -6.28571 0
v -0.285714 -6.14286 0.0403226
v -0.428571 -6.42857 0.016129
v -0.571429 -6.71429 0.112903
v -0.571429 -7.14286 0.568548
v -0.142857 -7.14286 0.415323
v -0.142857 -6.71429 0.0201613
v -1 -7.14286 0.487903
v -0.857143 -7.57143 0.451613
v -1.42857 -6.71429 0.366935
v -0.714286 -6.71429 0.177419
v -1 -6.71429 0.245968
v -0.571429 -6.14286 0.0887097
v -1 -6.57143 0.165323
v -1.85714 -6.14286 0.439516
v -2 -6.14286 0.487903
v -1.71429 -6.14286 0.346774
v -1.85714 -6.85714 0.407258
v -1.71429 -7.14286 0.346774
v -1.85714 -7.14286 0.370968
v -1.57143 -7 0.354839
v -2.28571 -7.14286 0.487903
v -2.14286 -7.71429 0.596774
v -2.14286 -7.28571 0.524194
v -2 -7.14286 0.427419
v -2.42857 -7 0.391129
v -2.14286 -6.42857 0.520161
v -2.14286 -6.28571 0.491935
v -2.28571 -5.85714 0.46371
v -2.42857 -6.14286 0.620968
v -2 -6 0.451613
v -1.85714 -5.85714 0.354839
v -1.71429 -5.85714 0.322581
v -1.57143 -5.85714 0.270161
v -1.57143 -5.71429 0.266129
v -2 -5.28571 0.189516
v -2 -5.42857 0.201613
v -1.71429 -5.57143 0.278226
v -1.57143 -5.57143 0.21371
v -2.14286 -5.71429 0.362903
v -2.28571 -5.42857 0.241935
v -2.28571 -5.28571 0.205645
v -2.57143 -5.28571 0.423387
v -2.85714 -5.42857 0.576613
v -3.14286 -5.14286 0.419355
v -2.71429 -5.28571 0.459677
v -2.57143 -5.42857 0.483871
v -2.85714 -5.57143 0.637097
v -3 -5.85714 0.729839
v -2.71429 -6 0.766129
v -3.14286 -6.14286 0.802419
v -3.42857 -6.57143 0.491935
v -3.71429 -6.14286 0.387097
v -3.28571 -6 0.729839
v -3.42857 -5.28571 0.326613
v -3.42857 -5.71429 0.725806
v -3.14286 -6 0.754032
v -4 -5.85714 0.560484
v -3.71429 -5.71429 0.451613
v -3.85714 -5.85714 0.487903
v -4.14286 -5.85714 0.604839
v -4.42857 -5.71429 0.580645
v -4.57143 -5.71429 0.58871
v -4.57143 -5.14286 0.544355
v -4.57143 -6.28571 0.387097
v -4.85714 -6.57143 0.310484
v -4.57143 -6 0.524194
v -4.14286 -6.14286 0.520161
v -4.14286 -6.57143 0.342742
v -4 -6.42857 0.314516
v -3.85714 -6.57143 0.350806
v -3.85714 -6.14286 0.322581
v -4.42857 -6.71429 0.294355
v -3.85714 -7 0.270161
v -3.71429 -7 0.245968
v -4.42857 -6.85714 0.233871
v -4.57143 -6.71429 0.379032
v -4.71429 -7 0.282258
v -5 -6.85714 0.274194
v -4.57143 -7.42857 0.419355
v -5 -7.28571 0.221774
v -4.28571 -7.57143 0.689516
v -4.14286 -7 0.189516
v -4 -7.42857 0.298387
v -3.85714 -7.57143 0.201613
v -3.85714 -7.14286 0.153226
v -3.71429 -7.42857 0.157258
v -3.42857 -7.57143 0.0967742
v -3.57143 -7.42857 0.141129
v -3.57143 -7.14286 0.16129
v -3.42857 -7.14286 0.28629
v -3.71429 -6.85714 0.245968
v -3.57143 -6.71429 0.28629
v -2.71429 -6.71429 0.584677
v -3.28571 -6.71429 0.516129
v -3 -6.71429 0.552419
v -2.57143 -7 0.387097
v -3.14286 -7.14286 0.471774
v -2.71429 -7.42857 0.358871
v -3.28571 -7.57143 0.104839
v -3.14286 -7.28571 0.326613
v -2.57143 -8 0.217742
v -3 -7.71429 0.153226
v -2.71429 -8.14286 0.0725806
v -2.42857 -8.57143 0.0967742
v -3.14286 -8.71429 0.0806452
v -2.85714 -8.71429 0.0604839
v -2.71429 -9 0.0685484
v -3.14286 -8.85714 0.149194
v -3.57143 -9 0.112903
v -3.57143 -8.71429 0.157258
v -3.28571 -8 0.0685484
v -3.14286 -7.85714 0.0443548
v -3.57143 -7.85714 0.209677
v -3.14286 -7.71429 0.100806
v -4 -8.28571 0.625
v -3.71429 -8.14286 0.274194
v -4.14286 -8 0.697581
v -4.28571 -8.14286 0.685484
v -4.28571 -8 0.697581
v -5 -7.71429 0.225806
v -4.42857 -7.85714 0.762097
v -4.28571 -8.85714 0.342742
v -5 -8.71429 0.649194
v -4.71429 -8.57143 0.685484
v -4.14286 -8.28571 0.681452
v -4.14286 -8.85714 0.342742
v -4.14286 -8.57143 0.701613
v -3.57143 -8.42857 0.21371
v -3.71429 -9.14286 0.25
v -3.71429 -9.57143 0.209677
v -4.14286 -9 0.342742
v -4.14286 -9.57143 0.274194
v -4.71429 -9.14286 0.524194
v -4.14286 -9.14286 0.28629
v -4.85714 -9.28571 0.58871
v -4.42857 -10 0.431452
v -4.85714 -10 0.483871
v -4.71429 -10 0.512097
v -4.14286 -9.85714 0.407258
v -4 -10 0.370968
v -3.85714 -9.71429 0.233871
v -3.71429 -9.85714 0.334677
v -3.71429 -9.28571 0.229839
v -3.28571 -10 0.197581
v -3.57143 -9.71429 0.197581
v -3.42857 -9.28571 0.145161
v -3.28571 -9.14286 0.181452
v -3.57143 -9.14286 0.116935
v -3.14286 -9 0.149194
v -3 -9.14286 0.0887097
v -2.57143 -9 0.112903
v -2.57143 -9.14286 0.189516
v -2.42857 -9.28571 0.266129
v -3 -9.42857 0.0604839
v -2.71429 -10 0.16129
v -2.85714 -9.71429 0.104839
v -3 -9.71429 0.0967742
v -2.42857 -9.71429 0.197581
v -1.71429 -9.85714 0.197581
v -1.57143 -9.57143 0.141129
v -1.28571 -9.71429 0.157258
v -1.42857 -9.85714 0.262097
v -1.57143 -9.71429 0.165323
v -1.42857 -9.28571 0.129032
v -1.28571 -9 0.193548
v -1.28571 -9.28571 0.129032
v -1.85714 -9 0.0483871
v -1.85714 -9.28571 0.0766129
v -2 -9 0.0483871
v -2.14286 -9 0.0806452
v -1.85714 -8.85714 0.0483871
v -2.14286 -8.85714 0.0806452
v -2.14286 -8.71429 0.0725806
v -2 -8.28571 0.157258
v -2 -8.14286 0.28629
v -2 -8 0.326613
v -2.28571 -8 0.350806
v -1.28571 -8.14286 0.5
v -1.85714 -7.85714 0.346774
v -1.57143 -8 0.391129
v -1.57143 -7.85714 0.391129
v -1.57143 -8.57143 0.225806
v -1.28571 -8.57143 0.310484
v -1.42857 -8.71429 0.25
v -1.42857 -8.85714 0.193548
v -1.28571 -8.42857 0.310484
v -1 -8.57143 0.66129
v -0.857143 -8.28571 0.754032
v -1.14286 -8.14286 0.524194
v -1 -7.85714 0.532258
v -1 -8 0.532258
v -0.714286 -7.71429 0.387097
v -0.142857 -7.71429 0.532258
v -0.285714 -7.71429 0.370968
v -0.428571 -8.42857 0.673387
v -0.142857 -8.42857 0.681452
v -0.285714 -8.42857 0.673387
v -0.285714 -8.71429 0.729839
v -0.428571 -8.71429 0.729839
v -0.571429 -9.14286 0.322581
v -0.285714 -9.14286 0.415323
v -0.571429 -9 0.407258
v -0.571429 -9.28571 0.125
v -1.14286 -9.28571 0.112903
v -0.571429 -8.85714 0.407258
v -0.857143 -9.14286 0.330645
v -1.28571 -10 0.262097
v -1.28571 -9.85714 0.262097
v -1.14286 -9.85714 0.225806
v -1.14286 -10 0.225806
v -0.571429 -9.71429 0.0322581
v -0.428571 -9.71429 0.141129
v -0.142857 -9.85714 0.221774
v -0.571429 -9.57143 0.0483871
v -9.71429 -9.85714 0.229839
v -9.71429 -9.71429 0.274194
v -9.85714 -9.71429 0.221774
v -10 -9.57143 0.274194
v -9.71429 -9.57143 0.282258
v -9.42857 -9.57143 0.33871
v -9.57143 -9.57143 0.33871
v -9.57143 -9.71429 0.274194
v -9.42857 -9.85714 0.266129
v -9.42857 -10 0.266129
v -9.71429 -10 0.229839
v -9.28571 -10 0.278226
v -9.28571 -9.85714 0.278226
v -9.14286 -9.85714 0.16129
v -9 -9.85714 0.193548
v -9 -9.71429 0.201613
v -9 -10 0.193548
v -8.85714 -10 0.193548
v -9 -9.42857 0.21371
v -8.85714 -9.57143 0.21371
v -9 -9.57143 0.21371
v -9.14286 -9.71429 0.302419
v -9.14286 -9.42857 0.379032
v -9.28571 -9.71429 0.342742
v -9.28571 -9.57143 0.387097
v -9.42857 -9.42857 0.33871
v -9.42857 -9.28571 0.427419
v -9.14286 -9.14286 0.387097
v -9 -9.28571 0.193548
v -8.85714 -9.14286 0.209677
v -8.85714 -9.42857 0.21371
v -8.85714 -9.28571 0.193548
v -9 -9 0.254032
v -8.85714 -9 0.254032
v -9 -9.14286 0.209677
v -9.14286 -9 0.443548
v -9.28571 -9 0.701613
v -9.42857 -9 0.608871
v -9.42857 -8.85714 0.608871
v -9.57143 -9 0.608871
v -9.85714 -9 0.358871
v -9.57143 -9.14286 0.447581
v -9.42857 -9.14286 0.447581
v -9.57143 -9.28571 0.427419
v -9.71429 -9.14286 0.532258
v -9.57143 -9.42857 0.33871
v -9.85714 -9.42857 0.274194
v -10 -9.42857 0.274194
v -10 -9.28571 0.407258
v -9.85714 -9.28571 0.407258
v -9.85714 -9.14286 0.415323
v -10 -9.14286 0.415323
v -10 -9 0.358871
v -10 -8.85714 0.358871
v -9.85714 -8.57143 0.342742
v -10 -8.57143 0.342742
v -10 -8.71429 0.225806
v -9.85714 -8.71429 0.225806
v -9.71429 -8.57143 0.435484
v -9.71429 -8.71429 0.495968
v -9.71429 -8.85714 0.568548
v -9.57143 -8.57143 0.556452
v -9.57143 -8.42857 0.556452
v -9.42857 -8.28571 0.669355
v -9.57143 -8.28571 0.669355
v -9.71429 -8.28571 0.669355
v -9.85714 -8.28571 0.596774
v -9.85714 -8.42857 0.342742
v -9.85714 -8.14286 0.544355
v -10 -8.28571 0.596774
v -9.71429 -8.14286 0.778226
v -9.71429 -8 0.721774
v -9.85714 -7.85714 0.282258
v -9.85714 -7.71429 0.21371
v -9.71429 -7.71429 0.520161
v -9.57143 -7.85714 0.830645
v -9.71429 -7.85714 0.721774
v -9.57143 -7.71429 0.762097
v -9.57143 -8 0.830645
v -9.42857 -8 0.830645
v -9.42857 -8.14286 0.850806
v -9.57143 -8.14286 0.850806
v -9.14286 -8 0.91129
v -9.14286 -8.14286 0.923387
v -9.28571 -8 0.943548
v -9.42857 -7.85714 0.830645
v -9.28571 -7.71429 0.850806
v -9.42857 -7.71429 0.762097
v -9.28571 -7.85714 0.943548
v -9 -7.85714 0.850806
v -9.14286 -7.85714 0.91129
v -9 -7.71429 0.754032
v -8.85714 -7.85714 0.850806
v -9 -8 0.850806
v -8.85714 -8.14286 0.899194
v -9 -8.14286 0.899194
v -9.14286 -8.28571 0.637097
v -9 -8.28571 0.552419
v -8.85714 -8.28571 0.552419
v -9.28571 -8.14286 0.955645
v -9.28571 -8.42857 0.625
v -9.42857 -8.42857 0.556452
v -9.28571 -8.28571 0.645161
v -9.28571 -8.57143 0.625
v -9.28571 -8.71429 0.524194
v -9.42857 -8.57143 0.556452
v -9.14286 -8.71429 0.467742
v -9 -8.71429 0.350806
v -9 -8.42857 0.395161
v -9 -8.57143 0.395161
v -8.85714 -8.42857 0.395161
v -8.71429 -8.85714 0.483871
v -8.85714 -8.71429 0.350806
v -8.85714 -8.85714 0.254032
v -8.71429 -8.71429 0.447581
v -8.57143 -8.85714 0.653226
v -8.42857 -8.71429 0.677419
v -8.28571 -8.71429 0.697581
v -8.28571 -8.42857 0.75
v -8.28571 -8.57143 0.75
v -8.42857 -8.57143 0.741935
v -8.42857 -8.42857 0.741935
v -8.57143 -8.57143 0.741935
v -8.85714 -8.57143 0.395161
v -8.57143 -8.71429 0.677419
v -8.57143 -8.28571 0.814516
v -8.57143 -8.42857 0.741935
v -8.71429 -8.28571 0.681452
v -8.71429 -8.14286 0.959677
v -8.71429 -8 0.919355
v -8.57143 -8 0.846774
v -8.57143 -7.71429 0.616935
v -8.42857 -7.85714 0.846774
v -8.28571 -7.71429 0.608871
v -8.28571 -7.85714 0.842742
v -8.14286 -8.14286 0.620968
v -8.42857 -8.14286 1
v -8.28571 -8.28571 0.854839
v -8.42857 -8.28571 0.814516
v -8.14286 -8.28571 0.572581
v -8 -8.28571 0.221774
v -8 -8.14286 0.350806
v -8.14286 -7.85714 0.653226
v -8 -7.85714 0.399194
v -8 -7.71429 0.407258
v -8.14286 -7.71429 0.46371
v -7.71429 -7.85714 0.379032
v -7.85714 -7.71429 0.407258
v -7.85714 -7.85714 0.399194
v -7.71429 -8 0.379032
v -7.85714 -8 0.399194
v -7.85714 -8.14286 0.350806
v -7.71429 -8.14286 0.387097
v -7.85714 -8.42857 0.229839
v -7.71429 -8.28571 0.306452
v -7.85714 -8.28571 0.221774
v -8 -8.57143 0.229839
v -8.14286 -8.42857 0.552419
v -8 -8.42857 0.229839
v -8.14286 -8.57143 0.552419
v -8.14286 -8.71429 0.419355
v -8.14286 -8.85714 0.673387
v -7.85714 -8.57143 0.229839
v -8 -8.85714 0.608871
v -7.71429 -8.71429 0.334677
v -7.71429 -8.85714 0.415323
v -7.57143 -8.85714 0.540323
v -7.57143 -8.71429 0.366935
v -7.85714 -9 0.608871
v -7.85714 -8.85714 0.608871
v -7.71429 -9 0.415323
v -7.85714 -9.14286 0.701613
v -7.71429 -9.14286 0.512097
v -7.71429 -9.28571 0.370968
v -7.71429 -9.42857 0.358871
v -7.85714 -9.42857 0.415323
v -8 -9.42857 0.415323
v -8 -9.28571 0.508065
v -8.14286 -9.28571 0.423387
v -8.14286 -9.14286 0.645161
v -8 -9.14286 0.701613
v -8 -9 0.608871
v -8.28571 -9 0.653226
v -8.14286 -9 0.673387
v -8.28571 -9.14286 0.568548
v -8.42857 -9 0.653226
v -8.57143 -9.14286 0.637097
v -8.57143 -9 0.653226
v -8.71429 -9 0.483871
v -8.57143 -9.42857 0.177419
v -8.71429 -9.42857 0.129032
v -8.71429 -9.28571 0.225806
v -8.71429 -9.14286 0.5
v -8.42857 -9.14286 0.637097
v -8.42857 -9.42857 0.177419
v -8.28571 -9.57143 0.189516
v -8.42857 -9.28571 0.221774
v -8.42857 -9.57143 0.177419
v -8.28571 -9.71429 0.282258
v -8.42857 -9.71429 0.282258
v -8.57143 -9.57143 0.177419
v -8.57143 -9.71429 0.282258
v -8.71429 -9.71429 0.185484
v -8.71429 -9.57143 0.129032
v -8.71429 -10 0.197581
v -8.85714 -9.85714 0.193548
v -8.71429 -9.85714 0.197581
v -8.57143 -9.85714 0.209677
v -8.42857 -9.85714 0.209677
v -8.42857 -10 0.209677
v -8.28571 -10 0.229839
v -8 -9.85714 0.395161
v -8.14286 -10 0.306452
v -8 -10 0.395161
v -8.28571 -9.85714 0.229839
v -8 -9.71429 0.447581
v -8.14286 -9.71429 0.391129
v -8 -9.57143 0.415323
v -7.85714 -9.71429 0.447581
v -7.57143 -9.57143 0.395161
v -7.71429 -9.57143 0.358871
v -7.71429 -9.71429 0.447581
v -7.71429 -9.85714 0.540323
v -7.57143 -9.85714 0.544355
v -7.71429 -10 0.540323
v -7.85714 -10 0.395161
v -7.42857 -10 0.552419
v -7.57143 -10 0.544355
v -7.42857 -9.85714 0.552419
v -7.28571 -9.85714 0.612903
v -7 -9.85714 0.645161
v -7.14286 -9.85714 0.620968
v -7 -10 0.645161
v -7 -9.57143 0.798387
v -7 -9.71429 0.774194
v -7.14286 -9.71429 0.677419
v -7.28571 -9.57143 0.592742
v -7.28571 -9.42857 0.592742
v -7.42857 -9.57143 0.423387
v -7.42857 -9.71429 0.447581
v -7.57143 -9.28571 0.366935
v -7.42857 -9.42857 0.423387
v -7.28571 -9.28571 0.568548
v -7.28571 -9.14286 0.532258
v -7.28571 -9 0.592742
v -7.42857 -9 0.58871
v -7.42857 -8.85714 0.58871
v -7 -9 0.620968
v -7.14286 -8.85714 0.58871
v -7 -8.85714 0.620968
v -7 -9.14286 0.625
v -7.14286 -9.14286 0.53629
v -7.14286 -9.28571 0.709677
v -7.14286 -9.42857 0.717742
v -6.71429 -9.14286 0.794355
v -6.57143 -9.14286 0.802419
v -7 -9.28571 0.818548
v -6.85714 -9.14286 0.625
v -6.85714 -9 0.620968
v -6.85714 -8.85714 0.620968
v -6.71429 -8.85714 0.754032
v -6.42857 -9 0.794355
v -6.42857 -8.85714 0.794355
v -6.57143 -9 0.794355
v -6.42857 -9.14286 0.802419
v -6.42857 -9.28571 0.794355
v -6.42857 -9.42857 0.758065
v -6.57143 -9.28571 0.794355
v -6.57143 -9.57143 0.758065
v -6.57143 -9.71429 0.669355
v -6.71429 -9.71429 0.762097
v -6.71429 -9.42857 0.822581
v -6.85714 -9.57143 0.798387
v -6.71429 -9.57143 0.822581
v -6.85714 -9.42857 0.798387
v -6.71429 -10 0.625
v -6.85714 -10 0.645161
v -6.85714 -9.85714 0.645161
v -6.85714 -9.71429 0.774194
v -6.57143 -10 0.584677
v -6.57143 -9.85714 0.584677
v -6.42857 -10 0.584677
v -6.42857 -9.85714 0.584677
v -6.28571 -9.85714 0.459677
v -6.28571 -10 0.459677
v -6.14286 -9.85714 0.528226
v -6.14286 -9.71429 0.483871
v -6.28571 -9.57143 0.483871
v -6.28571 -9.42857 0.483871
v -6.42857 -9.71429 0.669355
v -6 -9.71429 0.58871
v -5.71429 -9.42857 0.770161
v -5.71429 -9.57143 0.770161
v -5.71429 -9.85714 0.681452
v -5.85714 -9.85714 0.625
v -5.71429 -10 0.681452
v -6 -9.85714 0.568548
v -5.42857 -9.85714 0.762097
v -5.57143 -10 0.717742
v -5.42857 -10 0.762097
v -5.28571 -9.85714 0.721774
v -5.28571 -10 0.721774
v -5.14286 -9.85714 0.721774
v -5.14286 -10 0.721774
v -5.28571 -9.71429 0.814516
v -5.14286 -9.57143 0.798387
v -5.42857 -9.42857 0.834677
v -5.42857 -9.57143 0.834677
v -5.42857 -9.71429 0.854839
v -5.57143 -9.85714 0.717742
v -5.57143 -9.71429 0.842742
v -5.57143 -9.57143 0.782258
v -5.57143 -9.28571 0.758065
v -5.71429 -9.14286 0.818548
v -5.57143 -9.42857 0.782258
v -5.42857 -9.28571 0.806452
v -5.28571 -9.28571 0.782258
v -5.28571 -9.42857 0.798387
v -5.14286 -9.42857 0.798387
v -5.14286 -9.14286 0.620968
v -5.14286 -9 0.625
v -5.28571 -8.85714 0.625
v -5.42857 -8.85714 0.641129
v -5.42857 -9 0.641129
v -5.57143 -8.85714 0.705645
v -5.57143 -9 0.705645
v -5.85714 -9 0.745968
v -6 -8.85714 0.806452
v -5.71429 -9 0.745968
v -5.85714 -9.14286 0.806452
v -5.71429 -9.28571 0.774194
v -5.85714 -9.28571 0.834677
v -5.85714 -9.42857 0.737903
v -6.14286 -9.28571 0.709677
v -6.14286 -9.42857 0.516129
v -6 -9.28571 0.802419
v -6 -9.14286 0.78629
v -6.14286 -9.14286 0.806452
v -6.28571 -8.85714 0.758065
v -6.14286 -9 0.75
v -6 -9 0.806452
v -6 -8.71429 0.733871
v -6.14286 -8.85714 0.75
v -6.14286 -8.71429 0.717742
v -6 -8.57143 0.806452
v -6.14286 -8.42857 0.794355
v -6 -8.28571 0.701613
v -6.14286 -8.28571 0.725806
v -6 -8.42857 0.806452
v -5.85714 -8.28571 0.701613
v -5.85714 -8.42857 0.778226
v -5.85714 -8.57143 0.778226
v -5.71429 -8.57143 0.71371
v -5.85714 -8.71429 0.766129
v -5.71429 -8.85714 0.745968
v -5.57143 -8.42857 0.737903
v -5.57143 -8.57143 0.737903
v -5.57143 -8.71429 0.741935
v -5.42857 -8.71429 0.75
v -5.42857 -8.57143 0.75
v -5.28571 -8.57143 0.733871
v -5.28571 -8.71429 0.741935
v -5.14286 -8.28571 0.741935
v -5.14286 -8.42857 0.733871
v -5.28571 -8.28571 0.741935
v -5.28571 -8.42857 0.733871
v -5.42857 -8.28571 0.729839
v -5.42857 -8.42857 0.75
v -5.71429 -8.42857 0.71371
v -5.42857 -8 0.403226
v -5.57143 -8 0.395161
v -5.42857 -8.14286 0.572581
v -5.28571 -8.14286 0.544355
v -5.14286 -8.14286 0.544355
v -5.14286 -8 0.439516
v -5.28571 -8 0.439516
v -5.14286 -7.85714 0.439516
v -5.14286 -7.71429 0.145161
v -5.28571 -7.71429 0.145161
v -5.28571 -7.85714 0.439516
v -5.42857 -7.57143 0.104839
v -5.42857 -7.71429 0.133065
v -5.42857 -7.85714 0.403226
v -5.57143 -7.71429 0.129032
v -5.85714 -7.71429 0.125
v -5.71429 -7.71429 0.125
v -5.71429 -7.85714 0.358871
v -5.71429 -8 0.358871
v -5.57143 -8.14286 0.544355
v -5.71429 -8.14286 0.471774
v -5.85714 -8 0.306452
v -6.14286 -8.14286 0.528226
v -6.14286 -8 0.346774
v -5.85714 -8.14286 0.427419
v -6 -8 0.334677
v -5.85714 -7.85714 0.306452
v -6.14286 -7.85714 0.346774
v -6 -7.71429 0.100806
v -6.42857 -7.71429 0.157258
v -6.28571 -7.71429 0.0846774
v -6.42857 -7.85714 0.383065
v -6.57143 -7.85714 0.383065
v -6.71429 -7.85714 0.278226
v -6.85714 -7.85714 0.137097
v -6.71429 -7.71429 0.141129
v -6.71429 -8.14286 0.447581
v -6.85714 -8.28571 0.548387
v -6.71429 -8 0.278226
v -6.57143 -8 0.383065
v -6.42857 -8 0.383065
v -6.42857 -8.14286 0.504032
v -6.28571 -8.14286 0.495968
v -6.28571 -8.28571 0.685484
v -6.42857 -8.28571 0.758065
v -6.28571 -8.42857 0.766129
v -6.28571 -8.57143 0.766129
v -6.42857 -8.57143 0.822581
v -6.28571 -8.71429 0.814516
v -6.42857 -8.71429 0.875
v -6.57143 -8.71429 0.875
v -6.57143 -8.85714 0.794355
v -6.71429 -8.71429 0.778226
v -6.71429 -8.57143 0.766129
v -6.57143 -8.57143 0.822581
v -6.85714 -8.42857 0.677419
v -6.71429 -8.42857 0.766129
v -6.57143 -8.42857 0.822581
v -7 -8.42857 0.677419
v -7 -8.28571 0.548387
v -7 -8.57143 0.677419
v -7.14286 -8.57143 0.669355
v -7.14286 -8.71429 0.721774
v -7 -8.71429 0.689516
v -6.85714 -8.71429 0.689516
v -7.42857 -8.42857 0.584677
v -7.28571 -8.71429 0.697581
v -7.42857 -8.71429 0.604839
v -7.28571 -8.28571 0.512097
v -7.14286 -8.28571 0.512097
v -7.28571 -8.14286 0.237903
v -7.42857 -8.28571 0.483871
v -7.14286 -8 0.116935
v -7.42857 -8.14286 0.274194
v -7.42857 -8 0.221774
v -7.14286 -8.14286 0.193548
v -7 -8 0.137097
v -6.85714 -8 0.137097
v -6.85714 -8.14286 0.25
v -7 -7.85714 0.137097
v -6.85714 -7.71429 0.0766129
v -7.14286 -7.85714 0.116935
v -7.14286 -7.71429 0.0685484
v -7.28571 -7.85714 0.169355
v -7.28571 -8 0.169355
v -7.42857 -7.71429 0.141129
v -7.42857 -7.85714 0.221774
v -7.42857 -7.57143 0.0725806
v -7.57143 -7.57143 0.129032
v -7.42857 -7.42857 0.0483871
v -7.28571 -7.42857 0.0282258
v -7.14286 -7.57143 0.0443548
v -7 -7.42857 0.0483871
v -7.28571 -7.28571 0.0403226
v -7 -7.28571 0.0403226
v -7 -7.14286 0.0564516
v -7.14286 -7.14286 0.0604839
v -7.28571 -7.14286 0.0685484
v -7.42857 -7.14286 0.0846774
v -7.57143 -7.14286 0.129032
v -7.42857 -7.28571 0.0483871
v -7.42857 -6.85714 0.153226
v -7.42857 -7 0.153226
v -7.57143 -7 0.205645
v -7.42857 -6.71429 0.403226
v -7.57143 -6.57143 0.649194
v -7.42857 -6.57143 0.572581
v -7.57143 -6.42857 0.649194
v -7.28571 -6.71429 0.334677
v -7 -6.42857 0.28629
v -7.14286 -6.42857 0.370968
v -7.14286 -6.71429 0.270161
v -7.14286 -6.85714 0.104839
v -7.28571 -6.85714 0.125
v -7.28571 -7 0.125
v -7 -6.85714 0.0887097
v -6.71429 -6.85714 0.0403226
v -6.85714 -6.85714 0.0887097
v -6.85714 -6.71429 0.21371
v -7 -6.71429 0.21371
v -6.85714 -6.57143 0.28629
v -7 -6.57143 0.28629
v -6.57143 -6.42857 0.16129
v -6.71429 -6.42857 0.189516
v -6.57143 -6.57143 0.16129
v -6.71429 -6.71429 0.133065
v -6.57143 -6.85714 0.0322581
v -6.42857 -6.71429 0.125
v -6.42857 -6.85714 0.0322581
v -6.57143 -7 0.0322581
v -6.42857 -7.14286 0.00806452
v -6.57143 -7.14286 0.00806452
v -6.71429 -7 0.0403226
v -6.71429 -7.14286 0.0201613
v -6.85714 -7.14286 0.0564516
v -6.85714 -7 0.0887097
v -6.85714 -7.28571 0.0403226
v -6.85714 -7.42857 0.0483871
v -6.71429 -7.57143 0.0846774
v -6.85714 -7.57143 0.0524194
v -6.71429 -7.42857 0.0564516
v -6.57143 -7.57143 0.0766129
v -6.57143 -7.28571 0.0120968
v -6.42857 -7.28571 0.0120968
v -6.42857 -7.57143 0.0766129
v -6.14286 -7.57143 0.0201613
v -6.28571 -7.42857 0.0120968
v -6.14286 -7.28571 0.00806452
v -6 -7.14286 0
v -6.14286 -7.14286 0.00403226
v -6.28571 -7.14286 0.00806452
v -5.85714 -7.14286 0.00403226
v -5.71429 -7.14286 0.0201613
v -5.71429 -7.28571 0.0322581
v -5.85714 -7.28571 0.016129
v -5.85714 -7.42857 0.0403226
v -6 -7.42857 0.016129
v -6 -7.57143 0.0483871
v -5.57143 -7.57143 0.0766129
v -5.71429 -7.42857 0.0604839
v -5.57143 -7.42857 0.100806
v -5.42857 -7.42857 0.137097
v -5.42857 -7.28571 0.153226
v -5.28571 -7.57143 0.165323
v -5.14286 -7.57143 0.165323
v -5.14286 -7.14286 0.177419
v -5.14286 -7.28571 0.173387
v -5.28571 -7.28571 0.173387
v -5.28571 -7.14286 0.177419
v -5.42857 -7.14286 0.116935
v -5.57143 -7.28571 0.0887097
v -5.57143 -7.14286 0.0604839
v -5.42857 -6.85714 0.0725806
v -5.71429 -6.71429 0.00806452
v -5.42857 -7 0.0725806
v -5.28571 -6.85714 0.149194
v -5.14286 -6.85714 0.149194
v -5.14286 -7 0.149194
v -5.28571 -7 0.149194
v -5.28571 -6.71429 0.0806452
v -5.14286 -6.57143 0.0645161
v -5.42857 -6.57143 0.0241935
v -5.42857 -6.71429 0.0322581
v -5.71429 -6.42857 0.016129
v -5.57143 -6.57143 0.0120968
v -5.85714 -6.57143 0.0241935
v -6 -6.57143 0.0322581
v -5.85714 -6.42857 0.0241935
v -6.14286 -6.71429 0.0403226
v -5.85714 -6.71429 0.0120968
v -5.85714 -6.85714 0
v -6 -6.85714 0
v -5.85714 -7 0
v -6.14286 -7 0.00403226
v -6.28571 -7 0.00806452
v -6.42857 -7 0.0322581
v -6.28571 -6.71429 0.0725806
v -6.14286 -6.57143 0.0806452
v -6.28571 -6.57143 0.116935
v -6.42857 -6.57143 0.16129
v -6.14286 -6.42857 0.0806452
v -6 -6.14286 0.201613
v -6 -6.42857 0.0322581
v -6.28571 -6.28571 0.221774
v -6.28571 -6.14286 0.266129
v -6.42857 -6 0.346774
v -6.28571 -6 0.334677
v -6.14286 -5.85714 0.362903
v -5.85714 -6 0.21371
v -5.71429 -6 0.177419
v -5.71429 -5.85714 0.209677
v -5.85714 -6.14286 0.157258
v -5.71429 -6.14286 0.125
v -5.71429 -6.28571 0.0645161
v -5.85714 -6.28571 0.0967742
v -5.57143 -6.28571 0.0524194
v -5.57143 -6.42857 0.0120968
v -5.42857 -6.42857 0.0241935
v -5.42857 -6.28571 0.0645161
v -5.28571 -6.28571 0.108871
v -5.28571 -6.42857 0.0645161
v -5.14286 -6.14286 0.169355
v -5.28571 -6 0.233871
v -5.28571 -5.85714 0.241935
v -5.14286 -5.85714 0.241935
v -5.42857 -5.85714 0.181452
v -5.42857 -6 0.16129
v -5.57143 -6 0.149194
v -5.57143 -6.14286 0.104839
v -5.42857 -5.57143 0.157258
v -5.71429 -5.57143 0.209677
v -5.57143 -5.71429 0.177419
v -5.42857 -5.71429 0.177419
v -5.28571 -5.71429 0.225806
v -5.14286 -5.42857 0.169355
v -5.14286 -5.57143 0.201613
v -5.28571 -5.14286 0.145161
v -5.14286 -5.14286 0.145161
v -5.42857 -5.42857 0.133065
v -5.42857 -5.14286 0.120968
v -5.57143 -5.42857 0.145161
v -5.57143 -5.28571 0.125
v -5.57143 -5.14286 0.125
v -5.71429 -5.42857 0.185484
v -6 -5.14286 0.209677
v -6 -5.28571 0.209677
v -5.85714 -5.42857 0.229839
v -5.85714 -5.57143 0.270161
v -6 -5.71429 0.346774
v -5.71429 -5.71429 0.221774
v -6.14286 -5.42857 0.326613
v -6.14286 -5.71429 0.407258
v -6.28571 -5.57143 0.435484
v -6.42857 -5.42857 0.524194
v -6 -5.42857 0.278226
v -6.28571 -5.28571 0.294355
v -6.14286 -5.28571 0.241935
v -6.28571 -5.14286 0.294355
v -6.42857 -5.28571 0.455645
v -6.42857 -5.14286 0.455645
v -6.57143 -5.42857 0.524194
v -6.57143 -5.14286 0.455645
v -6.57143 -5.28571 0.455645
v -6.71429 -5.28571 0.544355
v -6.85714 -5.28571 0.604839
v -6.71429 -5.42857 0.596774
v -6.85714 -5.42857 0.629032
v -6.85714 -5.57143 0.685484
v -6.71429 -5.57143 0.616935
v -6.57143 -5.57143 0.552419
v -6.42857 -5.71429 0.524194
v -6.42857 -5.57143 0.552419
v -6.71429 -6.14286 0.28629
v -6.57143 -5.85714 0.447581
v -6.42857 -5.85714 0.447581
v -6.57143 -6.14286 0.266129
v -6.42857 -6.14286 0.266129
v -6.57143 -6.28571 0.221774
v -6.42857 -6.28571 0.221774
v -6.71429 -6.28571 0.217742
v -6.85714 -6.42857 0.28629
v -6.85714 -6.28571 0.439516
v -6.85714 -6.14286 0.520161
v -6.71429 -6 0.391129
v -6.85714 -5.85714 0.697581
v -6.71429 -5.85714 0.508065
v -6.71429 -5.71429 0.58871
v -7 -6 0.616935
v -7.14286 -5.85714 0.770161
v -7 -6.14286 0.520161
v -7.14286 -6.14286 0.641129
v -7 -6.28571 0.439516
v -7.14286 -6.28571 0.564516
v -7.28571 -6.42857 0.467742
v -7.57143 -6.14286 0.850806
v -7.42857 -6.42857 0.572581
v -7.42857 -6.14286 0.814516
v -7.42857 -6 0.826613
v -7.28571 -6 0.782258
v -7.57143 -5.85714 0.75
v -7.28571 -5.85714 0.814516
v -7.28571 -5.71429 0.75
v -7.42857 -5.71429 0.721774
v -7.28571 -5.57143 0.625
v -7.14286 -5.57143 0.681452
v -7.14286 -5.71429 0.762097
v -7 -5.71429 0.729839
v -7 -5.85714 0.697581
v -7 -5.57143 0.685484
v -7 -5.14286 0.604839
v -7.14286 -5.42857 0.592742
v -7.14286 -5.28571 0.540323
v -7.28571 -5.14286 0.520161
v -7.28571 -5.28571 0.520161
v -7.42857 -5.42857 0.504032
v -7.57143 -5.14286 0.326613
v -7.57143 -5.28571 0.326613
v -7.85714 -5.14286 0.399194
v -7.71429 -5.28571 0.209677
v -7.57143 -5.42857 0.403226
v -7.85714 -5.42857 0.306452
v -7.71429 -5.42857 0.326613
v -7.71429 -5.71429 0.520161
v -8.14286 -5.57143 0.322581
v -7.85714 -5.85714 0.495968
v -7.85714 -5.71429 0.326613
v -7.85714 -5.57143 0.258065
v -8 -5.57143 0.258065
v -8 -5.42857 0.306452
v -7.85714 -5.28571 0.399194
v -8.57143 -5.28571 0.483871
v -8.57143 -5.42857 0.383065
v -8.28571 -5.14286 0.419355
v -8.71429 -5.28571 0.572581
v -8.85714 -5.42857 0.46371
v -8.85714 -5.28571 0.564516
v -8.85714 -5.14286 0.564516
v -8.71429 -5.42857 0.447581
v -8.71429 -5.71429 0.451613
v -8.57143 -5.57143 0.326613
v -8.42857 -5.71429 0.383065
v -8.28571 -5.42857 0.370968
v -8.28571 -5.57143 0.346774
v -8.14286 -5.85714 0.475806
v -8.42857 -5.85714 0.439516
v -8.28571 -5.85714 0.427419
v -8.28571 -6 0.447581
v -8.42857 -6 0.479839
v -8.71429 -6 0.568548
v -8.71429 -6.14286 0.564516
v -8.71429 -5.85714 0.5
v -8.57143 -6.42857 0.741935
v -8.71429 -6.28571 0.649194
v -8.57143 -6.28571 0.625
v -8.42857 -6.14286 0.516129
v -8.28571 -6.28571 0.608871
v -8.28571 -6.42857 0.782258
v -8.14286 -6.42857 0.810484
v -8.14286 -6.14286 0.612903
v -8.14286 -6.28571 0.717742
v -7.85714 -6.57143 0.822581
v -8 -6.14286 0.669355
v -8 -6 0.625
v -7.85714 -6 0.625
v -8 -5.85714 0.495968
v -7.71429 -6.14286 0.842742
v -7.57143 -6 0.814516
v -7.71429 -6 0.766129
v -7.57143 -6.28571 0.850806
v -7.85714 -6.28571 0.737903
v -7.71429 -6.42857 0.754032
v -7.71429 -6.28571 0.846774
v -7.85714 -6.42857 0.822581
v -7.71429 -6.71429 0.616935
v -7.57143 -6.71429 0.508065
v -7.85714 -6.71429 0.78629
v -7.85714 -6.85714 0.616935
v -8 -6.57143 0.822581
v -8 -6.71429 0.78629
v -8.14286 -6.71429 0.794355
v -8.14286 -7.14286 0.669355
v -8.28571 -7 0.782258
v -8.14286 -7 0.741935
v -8.14286 -6.85714 0.741935
v -8 -7 0.616935
v -7.71429 -7 0.322581
v -7.85714 -7.14286 0.508065
v -7.57143 -7.28571 0.0967742
v -7.85714 -7.28571 0.471774
v -7.71429 -7.14286 0.225806
v -7.71429 -7.28571 0.201613
v -7.57143 -7.42857 0.104839
v -7.71429 -7.42857 0.189516
v -7.85714 -7.57143 0.346774
v -8 -7.42857 0.391129
v -8.14286 -7.57143 0.379032
v -8 -7.57143 0.346774
v -8.28571 -7.42857 0.633065
v -8.14286 -7.42857 0.427419
v -8 -7.28571 0.471774
v -8.14286 -7.28571 0.560484
v -8 -7.14286 0.508065
v -8.57143 -7.28571 0.705645
v -8.28571 -7.14286 0.762097
v -8.71429 -7.28571 0.637097
v -8.28571 -7.28571 0.705645
v -8.42857 -7.42857 0.673387
v -8.42857 -7.28571 0.705645
v -8.57143 -7.42857 0.673387
v -8.85714 -7.57143 0.685484
v -8.71429 -7.57143 0.657258
v -8.71429 -7.42857 0.641129
v -8.85714 -7.42857 0.620968
v -8.85714 -7.28571 0.600806
v -8.85714 -7.14286 0.604839
v -8.71429 -7.14286 0.665323
v -8.71429 -7 0.75
v -8.71429 -6.85714 0.75
v -8.85714 -7 0.625
v -8.57143 -7 0.790323
v -8.42857 -6.85714 0.790323
v -8.28571 -6.85714 0.782258
v -8.42857 -7.14286 0.733871
v -8.42857 -6.71429 0.774194
v -8.28571 -6.71429 0.782258
v -8.42857 -6.57143 0.741935
v -8.28571 -6.57143 0.782258
v -8.57143 -6.57143 0.741935
v -8.57143 -6.71429 0.774194
v -8.71429 -6.57143 0.697581
v -8.85714 -6.71429 0.657258
v -9.14286 -6.57143 0.685484
v -8.85714 -6.57143 0.645161
v -8.85714 -6.42857 0.645161
v -9.14286 -6.42857 0.685484
v -9.28571 -6.57143 0.677419
v -9.28571 -6.71429 0.689516
v -9.28571 -6.42857 0.677419
v -9.42857 -6.71429 0.705645
v -9.42857 -6.85714 0.540323
v -9.28571 -7 0.544355
v -9.14286 -6.71429 0.657258
v -9 -6.71429 0.657258
v -9 -6.85714 0.625
v -8.85714 -6.85714 0.625
v -9 -7 0.625
v -9.14286 -7 0.560484
v -9 -7.14286 0.604839
v -9.14286 -7.28571 0.576613
v -9 -7.28571 0.600806
v -9 -7.42857 0.620968
v -9 -7.57143 0.685484
v -9.28571 -7.28571 0.592742
v -9.14286 -7.57143 0.616935
v -9.42857 -7.57143 0.633065
v -9.42857 -7.28571 0.584677
v -9.28571 -7.14286 0.540323
v -9.14286 -7.14286 0.576613
v -9.42857 -7 0.540323
v -9.57143 -7.28571 0.584677
v -9.57143 -7.14286 0.504032
v -9.71429 -7.14286 0.475806
v -9.57143 -7.42857 0.604839
v -9.71429 -7.42857 0.520161
v -9.57143 -7.57143 0.633065
v -9.71429 -7.57143 0.483871
v -9.85714 -7.57143 0.225806
v -10 -7.57143 0.225806
v -10 -7.42857 0.237903
v -9.85714 -7.42857 0.237903
v -9.85714 -7.14286 0.233871
v -10 -7.28571 0.221774
v -9.71429 -7 0.495968
v -9.85714 -6.85714 0.241935
v -9.85714 -7 0.241935
v -10 -6.85714 0.241935
v -9.85714 -6.71429 0.282258
v -9.57143 -6.85714 0.540323
v -9.71429 -6.85714 0.495968
v -9.57143 -7 0.540323
v -9.71429 -6.42857 0.641129
v -9.57143 -6.71429 0.705645
v -9.57143 -6.42857 0.689516
v -9.85714 -6.42857 0.270161
v -9.85714 -6.57143 0.270161
v -10 -6.42857 0.270161
v -10 -6.57143 0.270161
v -10 -6.71429 0.282258
v -10 -6.28571 0.28629
v -9.85714 -6.28571 0.28629
v -10 -6.14286 0.354839
v -9.71429 -6 0.677419
v -10 -6 0.53629
v -9.85714 -5.85714 0.596774
v -9.85714 -6 0.53629
v -9.57143 -5.85714 0.649194
v -9.42857 -5.71429 0.741935
v -9.42857 -5.85714 0.649194
v -9.42857 -6 0.653226
v -9.57143 -6.14286 0.645161
v -9.71429 -6.28571 0.612903
v -9.71429 -6.14286 0.564516
v -9.14286 -6.14286 0.600806
v -9.42857 -6.28571 0.665323
v -9.28571 -6.28571 0.71371
v -9.14286 -6.28571 0.633065
v -9 -6.14286 0.620968
v -9 -6.28571 0.629032
v -8.85714 -6.28571 0.629032
v -8.85714 -5.85714 0.693548
v -8.85714 -6 0.600806
v -8.85714 -6.14286 0.620968
v -9 -5.85714 0.693548
v -9.14286 -6 0.540323
v -9.14286 -5.85714 0.576613
v -9.14286 -5.71429 0.58871
v -9.28571 -6 0.604839
v -9.28571 -5.57143 0.66129
v -9.42857 -5.57143 0.745968
v -9.28571 -5.71429 0.641129
v -9.14286 -5.57143 0.532258
v -9 -5.42857 0.46371
v -9 -5.71429 0.758065
v -9 -5.57143 0.645161
v -9.14286 -5.42857 0.504032
v -9 -5.14286 0.564516
v -9.14286 -5.14286 0.665323
v -9.28571 -5.14286 0.584677
v -9.28571 -5.42857 0.673387
v -9.42857 -5.42857 0.657258
v -9.42857 -5.28571 0.576613
v -9.57143 -5.28571 0.576613
v -9.57143 -5.14286 0.576613
v -9.71429 -5.42857 0.689516
v -9.57143 -5.42857 0.657258
v -9.57143 -5.57143 0.745968
v -9.71429 -5.71429 0.870968
v -9.57143 -5.71429 0.741935
v -10 -5.28571 0.548387
v -10 -5.57143 0.604839
v -9.85714 -5.57143 0.604839
v -10 -5.42857 0.544355
v -9.85714 -5.28571 0.548387
v -9.71429 -5.14286 0.677419
v -9.85714 -5.14286 0.548387
v -10 -5.14286 0.548387
v -10 -4.85714 0.479839
v -10 -5 0.540323
v -9.85714 -4.71429 0.415323
v -9.85714 -5 0.540323
v -9.71429 -4.85714 0.475806
v -9.57143 -4.85714 0.407258
v -9.57143 -5 0.516129
v -9.57143 -4.71429 0.326613
v -9.57143 -4.57143 0.302419
v -9.71429 -4.71429 0.370968
v -9.71429 -4.42857 0.270161
v -9.71429 -4.57143 0.318548
v -9.85714 -4.42857 0.310484
v -9.85714 -4.57143 0.362903
v -10 -4.28571 0.274194
v -9.85714 -4.28571 0.274194
v -10 -4.42857 0.310484
v -9.85714 -4.14286 0.274194
v -10 -4.14286 0.274194
v -10 -4 0.25
v -9.85714 -3.85714 0.266129
v -9.71429 -4 0.346774
v -9.71429 -3.85714 0.407258
v -9.57143 -3.85714 0.431452
v -9.42857 -4.14286 0.221774
v -9.71429 -4.14286 0.25
v -9.71429 -4.28571 0.25
v -9.57143 -4.42857 0.25
v -9.42857 -4.28571 0.221774
v -9.14286 -4.28571 0.366935
v -9.28571 -4.28571 0.217742
v -9.28571 -4.14286 0.217742
v -9.28571 -4 0.399194
v -9.14286 -4 0.548387
v -9.28571 -3.85714 0.471774
v -8.85714 -4.14286 0.314516
v -9.14286 -4.14286 0.366935
v -8.85714 -4 0.544355
v -9 -4.14286 0.314516
v -8.85714 -4.28571 0.314516
v -9.14286 -4.42857 0.233871
v -8.85714 -4.42857 0.209677
v -9.14286 -4.71429 0.310484
v -9 -4.57143 0.274194
v -9 -4.71429 0.427419
v -9.28571 -4.57143 0.258065
v -9.28571 -4.71429 0.294355
v -9.42857 -4.57143 0.302419
v -9.42857 -4.71429 0.326613
v -9.14286 -5 0.633065
v -9.42857 -4.85714 0.407258
v -9.28571 -4.85714 0.362903
v -9.14286 -4.85714 0.46371
v -9 -5 0.71371
v -8.85714 -5 0.71371
v -8.85714 -4.71429 0.427419
v -8.85714 -4.85714 0.580645
v -8.57143 -4.85714 0.366935
v -8.57143 -5 0.520161
v -8.57143 -5.14286 0.483871
v -8.71429 -4.71429 0.370968
v -8.85714 -4.57143 0.274194
v -8.57143 -4.57143 0.177419
v -8.71429 -4.57143 0.193548
v -8.42857 -4.71429 0.322581
v -8.42857 -4.57143 0.177419
v -8.57143 -4.71429 0.322581
v -8.42857 -4.85714 0.366935
v -8.28571 -4.85714 0.274194
v -8.28571 -5 0.358871
v -8.42857 -5 0.520161
v -8.14286 -5 0.431452
v -8.14286 -4.85714 0.350806
v -8.14286 -5.14286 0.447581
v -8 -5 0.375
v -8 -4.85714 0.298387
v -7.71429 -5 0.193548
v -7.71429 -4.85714 0.149194
v -8 -4.71429 0.254032
v -7.71429 -4.57143 0.125
v -8 -4.57143 0.197581
v -8.14286 -4.57143 0.197581
v -8.14286 -4.71429 0.290323
v -8.28571 -4.57143 0.149194
v -8.28571 -4.71429 0.241935
v -8 -4.42857 0.137097
v -8 -4.28571 0.100806
v -8 -4.14286 0.100806
v -7.85714 -4.42857 0.137097
v -7.71429 -4.42857 0.0927419
v -7.71429 -4.28571 0.0806452
v -7.85714 -4.57143 0.197581
v -7.85714 -4 0.0604839
v -7.71429 -4 0.165323
v -7.71429 -3.85714 0.165323
v -8 -3.85714 0.0846774
v -8 -4 0.0604839
v -8.14286 -3.85714 0.0846774
v -8.14286 -4 0.0766129
v -8.42857 -4 0.262097
v -8.28571 -4 0.193548
v -8.14286 -4.14286 0.100806
v -8.42857 -4.14286 0.221774
v -8.28571 -4.28571 0.16129
v -8.14286 -4.28571 0.100806
v -8.28571 -4.42857 0.141129
v -8.71429 -4.28571 0.25
v -8.42857 -4.42857 0.189516
v -8.57143 -4.42857 0.189516
v -8.57143 -4.28571 0.221774
v -8.57143 -4.14286 0.221774
v -8.71429 -4 0.342742
v -8.57143 -4 0.262097
v -8.57143 -3.85714 0.25
v -8.57143 -3.42857 0.322581
v -8.71429 -3.57143 0.342742
v -8.71429 -3.71429 0.33871
v -8.71429 -3.42857 0.362903
v -8.71429 -3.28571 0.314516
v -8.57143 -3.28571 0.282258
v -8.57143 -3.14286 0.254032
v -8.28571 -3.28571 0.334677
v -8.14286 -3.14286 0.342742
v -8.28571 -3.14286 0.282258
v -8.28571 -3.42857 0.342742
v -8.28571 -3.57143 0.294355
v -8.42857 -3.57143 0.290323
v -8.28571 -3.71429 0.217742
v -8.14286 -3.57143 0.229839
v -8.14286 -3.71429 0.137097
v -8 -3.71429 0.141129
v -7.85714 -3.42857 0.366935
v -7.85714 -3.57143 0.241935
v -7.71429 -3.71429 0.201613
v -7.57143 -3.42857 0.451613
v -7.71429 -3.28571 0.5
v -7.71429 -3.14286 0.600806
v -7.85714 -3.28571 0.423387
v -7.85714 -3.14286 0.431452
v -8 -3.28571 0.423387
v -8 -3.14286 0.431452
v -8.14286 -3.28571 0.366935
v -8.14286 -2.85714 0.33871
v -8.14286 -3 0.366935
v -8 -3 0.459677
v -7.85714 -2.85714 0.423387
v -7.85714 -3 0.459677
v -7.71429 -2.85714 0.580645
v -7.71429 -3 0.625
v -7.71429 -2.57143 0.375
v -7.57143 -2.57143 0.443548
v -7.85714 -2.57143 0.314516
v -7.85714 -2.71429 0.375
v -8 -2.57143 0.314516
v -8.14286 -2.71429 0.298387
v -8 -2.85714 0.423387
v -8.28571 -2.71429 0.270161
v -8.28571 -2.57143 0.254032
v -8.42857 -2.71429 0.290323
v -8.42857 -2.85714 0.278226
v -8.57143 -3 0.241935
v -8.42857 -3 0.241935
v -8.28571 -3 0.274194
v -8.57143 -2.85714 0.278226
v -8.85714 -2.85714 0.181452
v -8.71429 -3 0.237903
v -8.71429 -2.85714 0.302419
v -8.71429 -2.71429 0.330645
v -8.57143 -2.71429 0.290323
v -8.57143 -2.57143 0.278226
v -8.71429 -2.57143 0.294355
v -9 -2.71429 0.16129
v -8.85714 -2.57143 0.137097
v -9.14286 -2.57143 0.100806
v -9.14286 -2.71429 0.125
v -9.28571 -2.57143 0.0967742
v -9.28571 -2.71429 0.100806
v -9.42857 -2.71429 0.0967742
v -9.14286 -2.85714 0.169355
v -9.28571 -2.85714 0.112903
v -9.14286 -3.14286 0.262097
v -9 -2.85714 0.181452
v -9 -3 0.157258
v -8.85714 -3 0.157258
v -8.85714 -3.14286 0.21371
v -9 -3.42857 0.467742
v -9 -3.28571 0.358871
v -9 -3.57143 0.512097
v -8.85714 -3.57143 0.512097
v -8.85714 -3.71429 0.516129
v -9 -3.85714 0.544355
v -9 -3.71429 0.516129
v -9.14286 -3.42857 0.508065
v -9.14286 -3.85714 0.564516
v -9.14286 -3.71429 0.556452
v -9.14286 -3.57143 0.540323
v -9.28571 -3.42857 0.524194
v -9.14286 -3.28571 0.419355
v -9.28571 -3.28571 0.391129
v -9.28571 -3.14286 0.254032
v -9.71429 -3.42857 0.370968
v -9.57143 -3.28571 0.322581
v -9.42857 -3.28571 0.322581
v -9.42857 -3.57143 0.455645
v -9.57143 -3.57143 0.455645
v -9.57143 -3.71429 0.455645
v -9.42857 -3.71429 0.455645
v -9.85714 -3.57143 0.298387
v -10 -3.71429 0.28629
v -9.85714 -3.71429 0.28629
v -9.71429 -3.57143 0.423387
v -10 -3.42857 0.245968
v -9.85714 -3.42857 0.245968
v -9.71429 -3.14286 0.137097
v -9.85714 -3 0.193548
v -10 -3 0.193548
v -9.85714 -3.14286 0.173387
v -9.71429 -2.85714 0.0725806
v -9.42857 -3 0.137097
v -9.42857 -3.14286 0.201613
v -9.57143 -3 0.137097
v -9.85714 -2.71429 0.209677
v -9.42857 -2.57143 0.100806
v -9.71429 -2.71429 0.0846774
v -9.85714 -2.57143 0.229839
v -9.85714 -2.85714 0.209677
v -10 -2.71429 0.209677
v -10 -2.85714 0.209677
v -10 -2.57143 0.229839
v -10 -2.42857 0.193548
v -9.85714 -2.42857 0.193548
v -9.85714 -2.28571 0.157258
v -10 -2.28571 0.157258
v -10 -2 0.0685484
v -9.85714 -2.14286 0.104839
v -9.85714 -2 0.0685484
v -9.57143 -2.14286 0.104839
v -9.71429 -2.14286 0.0967742
v -9.71429 -2 0.0846774
v -9.71429 -2.28571 0.125
v -9.57143 -2.28571 0.112903
v -9.57143 -2.42857 0.116935
v -9.71429 -2.42857 0.129032
v -9.42857 -2.42857 0.116935
v -9.42857 -2.28571 0.112903
v -9.28571 -2.28571 0.125
v -9.14286 -2.42857 0.112903
v -9 -2.28571 0.177419
v -8.85714 -2.28571 0.177419
v -9 -2.42857 0.145161
v -9.14286 -2.14286 0.25
v -8.85714 -2.14286 0.254032
v -9.14286 -2 0.254032
v -9.14286 -2.28571 0.16129
v -9.28571 -2 0.120968
v -9.28571 -2.14286 0.137097
v -9.57143 -2 0.0887097
v -9.28571 -1.85714 0.0846774
v -9.42857 -1.85714 0.0645161
v -9.42857 -2 0.0887097
v -9 -1.85714 0.254032
v -9 -1.71429 0.185484
v -8.85714 -1.71429 0.185484
v -8.85714 -1.85714 0.254032
v -9 -1.57143 0.0887097
v -9 -1.42857 0.0564516
v -9.14286 -1.57143 0.0564516
v -9.14286 -1.71429 0.112903
v -9.28571 -1.42857 0.0322581
v -9.28571 -1.71429 0.0483871
v -9.42857 -1.57143 0.0282258
v -9.42857 -1.42857 0.0201613
v -9.57143 -1.28571 0.0201613
v -9.42857 -1.28571 0.0201613
v -9.57143 -1.42857 0.0201613
v -9.57143 -1.57143 0.0282258
v -9.57143 -1.71429 0.0362903
v -9.57143 -1.85714 0.0645161
v -9.85714 -1.71429 0.0282258
v -10 -1.71429 0.0282258
v -9.85714 -1.85714 0.0483871
v -9.71429 -1.85714 0.0564516
v -9.71429 -1.71429 0.0241935
v -9.71429 -1.57143 0.016129
v -9.71429 -1.42857 0.0120968
v -9.85714 -1.42857 0.00806452
v -10 -1.14286 0.0443548
v -10 -1.28571 0.00806452
v -9.85714 -1.14286 0.0443548
v -9.71429 -1.28571 0.0120968
v -9.71429 -1.14286 0.0241935
v -9.57143 -1.14286 0.0201613
v -9.57143 -1 0.0403226
v -9.71429 -0.857143 0.100806
v -9.57143 -0.714286 0.100806
v -9.57143 -0.857143 0.0645161
v -9.71429 -1 0.0604839
v -9.85714 -0.857143 0.116935
v -10 -0.857143 0.116935
v -10 -1 0.0887097
v -10 -0.714286 0.133065
v -10 -0.142857 0.233871
v -9.85714 -0.285714 0.16129
v -9.85714 -0.142857 0.233871
v -9.71429 -0.285714 0.0887097
v -9.71429 -0.142857 0.0927419
v -9.57143 -0.285714 0.0887097
v -9.57143 -0.142857 0.0927419
v -9.71429 -0.571429 0.125
v -9.57143 -0.571429 0.0967742
v -9.85714 -0.714286 0.133065
v -9.71429 -0.714286 0.133065
v -9.28571 -0.428571 0.0927419
v -9.42857 -0.571429 0.0967742
v -9.14286 -0.428571 0.104839
v -9.14286 -0.285714 0.104839
v -9.14286 -0.142857 0.0443548
v -9.42857 -0.142857 0.0927419
v -9.42857 -0.285714 0.0887097
v -8.85714 -0.285714 0.108871
v -8.85714 -0.142857 0.0483871
v -9 -0.142857 0.0483871
v -9 -0.285714 0.108871
v -9 -0.428571 0.108871
v -8.85714 -0.571429 0.100806
v -8.71429 -0.571429 0.0806452
v -9 -0.857143 0.0806452
v -8.85714 -0.714286 0.0806452
v -9 -0.714286 0.0806452
v -9.14286 -0.857143 0.0645161
v -9.28571 -0.857143 0.0403226
v -9.42857 -0.857143 0.0645161
v -9.28571 -0.571429 0.0725806
v -9.14286 -1 0.0282258
v -9.28571 -1.14286 0.0201613
v -9.28571 -1.28571 0.0322581
v -9.14286 -1.28571 0.0403226
v -9 -1.14286 0.0362903
v -8.85714 -1 0.0524194
v -8.85714 -1.28571 0.0564516
v -9 -1 0.0524194
v -8.42857 -1.14286 0.129032
v -8.57143 -1 0.145161
v -8.71429 -1 0.112903
v -8.42857 -1 0.145161
v -8.28571 -1.14286 0.217742
v -8.14286 -1.14286 0.169355
v -8.28571 -1 0.21371
v -8.28571 -0.857143 0.270161
v -8.14286 -0.714286 0.16129
v -8.28571 -0.714286 0.274194
v -8.42857 -0.714286 0.169355
v -8.42857 -0.857143 0.157258
v -8.57143 -0.857143 0.157258
v -8.71429 -0.714286 0.100806
v -8.71429 -0.428571 0.0846774
v -8.57143 -0.428571 0.108871
v -8.71429 -0.285714 0.0846774
v -8.57143 -0.285714 0.108871
v -8.42857 -0.285714 0.108871
v -8.57143 -0.142857 0.153226
v -8.42857 -0.142857 0.153226
v -8.28571 -0.142857 0.153226
v -8.14286 -0.142857 0.282258
v -8.28571 -0.285714 0.120968
v -8.42857 -0.428571 0.108871
v -8.28571 -0.428571 0.120968
v -8.28571 -0.571429 0.165323
v -8.42857 -0.571429 0.112903
v -8 -0.571429 0.149194
v -8.14286 -0.571429 0.169355
v -7.85714 -0.571429 0.149194
v -7.85714 -0.428571 0.229839
v -8 -0.142857 0.346774
v -7.85714 -0.285714 0.229839
v -8.14286 -0.428571 0.165323
v -7.57143 -0.142857 0.375
v -7.71429 -0.142857 0.407258
v -7.71429 -0.285714 0.302419
v -7.71429 -0.428571 0.302419
v -7.57143 -0.428571 0.306452
v -7.71429 -0.571429 0.197581
v -7.71429 -0.714286 0.16129
v -7.85714 -0.714286 0.104839
v -7.71429 -0.857143 0.185484
v -7.57143 -0.714286 0.189516
v -7.85714 -0.857143 0.153226
v -8 -0.857143 0.153226
v -8 -1 0.173387
v -8.14286 -0.857143 0.157258
v -7.85714 -1 0.173387
v -7.85714 -1.14286 0.16129
v -8 -1.14286 0.16129
v -7.85714 -1.28571 0.129032
v -7.71429 -1.28571 0.100806
v -7.71429 -1 0.120968
v -7.57143 -1 0.201613
v -7.71429 -1.14286 0.0685484
v -7.71429 -1.42857 0.100806
v -7.57143 -1.42857 0.165323
v -7.71429 -1.57143 0.125
v -7.57143 -1.57143 0.173387
v -7.71429 -1.71429 0.149194
v -7.71429 -1.85714 0.189516
v -7.85714 -1.85714 0.133065
v -7.85714 -1.57143 0.149194
v -8 -1.85714 0.133065
v -7.85714 -1.71429 0.157258
v -8 -1.57143 0.149194
v -8 -1.42857 0.129032
v -8.14286 -1.28571 0.112903
v -8 -1.28571 0.129032
v -8.28571 -1.42857 0.0846774
v -8.28571 -1.28571 0.0846774
v -8.14286 -1.57143 0.149194
v -8.42857 -1.42857 0.0403226
v -8.42857 -1.28571 0.0403226
v -8.57143 -1.42857 0.0403226
v -8.57143 -1.57143 0.0241935
v -8.71429 -1.57143 0.0524194
v -8.71429 -1.71429 0.120968
v -8.42857 -1.57143 0.0241935
v -8.57143 -1.71429 0.0806452
v -8.42857 -1.71429 0.0806452
v -8.28571 -1.71429 0.0967742
v -8.14286 -1.85714 0.125
v -8.14286 -1.71429 0.137097
v -8.42857 -2 0.201613
v -8.28571 -1.85714 0.120968
v -8.42857 -1.85714 0.153226
v -8.42857 -2.14286 0.241935
v -8.57143 -1.85714 0.153226
v -8.71429 -2 0.221774
v -8.57143 -2.14286 0.241935
v -8.57143 -2.42857 0.270161
v -8.71429 -2.42857 0.274194
v -8.71429 -2.28571 0.270161
v -8.57143 -2.28571 0.266129
v -8.42857 -2.42857 0.270161
v -8.42857 -2.28571 0.266129
v -8.28571 -2.28571 0.233871
v -8 -2.28571 0.193548
v -8 -2.42857 0.258065
v -8.14286 -2.42857 0.258065
v -8.14286 -2.28571 0.201613
v -8 -2.14286 0.149194
v -8.28571 -2 0.149194
v -8.14286 -2 0.120968
v -7.57143 -2 0.258065
v -7.85714 -2 0.116935
v -7.71429 -2 0.217742
v -7.71429 -2.14286 0.258065
v -7.71429 -2.28571 0.254032
v -7.85714 -2.42857 0.258065
v -7.71429 -2.42857 0.278226
v -7.85714 -2.28571 0.193548
v -7.57143 -2.42857 0.358871
v -7.42857 -2.57143 0.46371
v -7.28571 -2.42857 0.362903
v -7.42857 -2.42857 0.391129
v -7.42857 -2.28571 0.318548
v -7.28571 -2.14286 0.262097
v -7.42857 -2.14286 0.266129
v -6.85714 -2.14286 0.370968
v -7 -2 0.366935
v -7.14286 -2.28571 0.358871
v -7 -2.28571 0.423387
v -7 -2.42857 0.427419
v -7.14286 -2.57143 0.395161
v -7 -2.57143 0.46371
v -6.57143 -2.42857 0.455645
v -6.71429 -2.42857 0.495968
v -6.85714 -2.42857 0.427419
v -6.57143 -2.57143 0.532258
v -6.42857 -2.28571 0.439516
v -6.42857 -2.42857 0.455645
v -6.42857 -2.57143 0.532258
v -6.42857 -2.14286 0.415323
v -6.42857 -2 0.419355
v -6.57143 -2.14286 0.415323
v -6.71429 -2.14286 0.431452
v -6.85714 -2 0.366935
v -6.71429 -2.28571 0.439516
v -6.85714 -2.28571 0.423387
v -6.71429 -1.85714 0.358871
v -6.85714 -1.85714 0.383065
v -6.71429 -2 0.423387
v -6.57143 -1.85714 0.326613
v -6.57143 -1.71429 0.387097
v -6.42857 -1.85714 0.326613
v -6.57143 -2 0.419355
v -6.57143 -1.42857 0.221774
v -6.42857 -1.42857 0.221774
v -6.57143 -1.57143 0.334677
v -6.71429 -1.57143 0.334677
v -6.85714 -1.42857 0.209677
v -6.71429 -1.71429 0.391129
v -6.85714 -1.57143 0.358871
v -7 -1.57143 0.358871
v -7.14286 -1.42857 0.233871
v -7.28571 -1.71429 0.254032
v -7.14286 -1.71429 0.294355
v -7.28571 -1.85714 0.229839
v -7.14286 -2 0.306452
v -7.28571 -2 0.229839
v -7.42857 -1.71429 0.181452
v -7.57143 -1.85714 0.157258
v -7.42857 -1.85714 0.173387
v -7.28571 -1.57143 0.221774
v -7.42857 -1.57143 0.189516
v -7.28571 -1.42857 0.28629
v -7.42857 -1.42857 0.197581
v -7.28571 -1.28571 0.28629
v -7.42857 -1 0.245968
v -7.57143 -1.14286 0.125
v -7.42857 -1.14286 0.217742
v -7.28571 -1.14286 0.225806
v -7.14286 -1.28571 0.233871
v -7.14286 -1.14286 0.229839
v -7 -1.14286 0.149194
v -7.14286 -1 0.278226
v -7 -1 0.193548
v -7.14286 -0.714286 0.475806
v -7.28571 -0.857143 0.326613
v -7.28571 -1 0.25
v -7.57143 -0.857143 0.237903
v -7.42857 -0.714286 0.298387
v -7.57143 -0.571429 0.21371
v -7.28571 -0.571429 0.435484
v -7.42857 -0.571429 0.375
v -7.42857 -0.428571 0.431452
v -7.42857 -0.285714 0.431452
v -7.57143 -0.285714 0.306452
v -7.42857 -0.142857 0.407258
v -7 -0.142857 0.725806
v -7.14286 -0.142857 0.677419
v -7.28571 -0.142857 0.524194
v -7 -0.285714 0.548387
v -7.14286 -0.285714 0.58871
v -7.28571 -0.285714 0.576613
v -7.28571 -0.714286 0.419355
v -7.14286 -0.428571 0.58871
v -6.71429 -0.428571 0.637097
v -6.71429 -0.571429 0.467742
v -6.85714 -0.428571 0.548387
v -6.57143 -0.428571 0.649194
v -6.71429 -0.285714 0.637097
v -6.57143 -0.142857 0.866935
v -6.85714 -0.142857 0.725806
v -6.42857 -0.428571 0.649194
v -6.42857 -0.142857 0.866935
v -6.42857 -0.285714 0.649194
v -6.57143 -0.571429 0.520161
v -6.28571 -0.571429 0.508065
v -6.28571 -0.714286 0.447581
v -6.42857 -0.571429 0.520161
v -6.42857 -1 0.540323
v -6.42857 -0.857143 0.459677
v -6.57143 -0.714286 0.475806
v -6.57143 -0.857143 0.459677
v -6.85714 -0.857143 0.306452
v -6.85714 -1 0.193548
v -6.71429 -0.714286 0.395161
v -6.85714 -1.14286 0.149194
v -7 -1.28571 0.209677
v -6.71429 -1 0.375
v -6.71429 -1.28571 0.229839
v -6.57143 -1.14286 0.387097
v -6.57143 -1 0.540323
v -6.42857 -1.28571 0.221774
v -6.42857 -1.14286 0.387097
v -6.28571 -1.28571 0.387097
v -6.28571 -1.14286 0.479839
v -6.14286 -1.28571 0.391129
v -6 -1.28571 0.5
v -5.71429 -1.14286 0.540323
v -5.85714 -1.14286 0.524194
v -5.71429 -1.42857 0.53629
v -6 -1 0.580645
v -5.85714 -1 0.620968
v -6 -1.14286 0.508065
v -6.14286 -0.857143 0.512097
v -6.14286 -1.14286 0.431452
v -6.28571 -1 0.467742
v -6.14286 -1 0.479839
v -6 -0.571429 0.592742
v -6.28571 -0.857143 0.435484
v -6.14286 -0.428571 0.592742
v -6 -0.285714 0.625
v -6.14286 -0.142857 0.653226
v -6.28571 -0.285714 0.620968
v -6.28571 -0.142857 0.717742
v -5.85714 -0.285714 0.540323
v -5.71429 -0.142857 0.516129
v -5.71429 -0.428571 0.435484
v -5.85714 -0.571429 0.495968
v -5.85714 -0.714286 0.544355
v -5.71429 -0.857143 0.608871
v -5.85714 -0.857143 0.629032
v -5.42857 -0.571429 0.241935
v -5.42857 -0.714286 0.318548
v -5.28571 -0.571429 0.326613
v -5.71429 -0.571429 0.375
v -5.42857 -0.142857 0.370968
v -5.57143 -0.142857 0.475806
v -5.28571 -0.142857 0.302419
v -5.28571 -0.285714 0.270161
v -5.14286 -0.142857 0.302419
v -5.14286 -0.285714 0.270161
v -5.28571 -0.428571 0.270161
v -5.14286 -0.571429 0.326613
v -5.28571 -0.714286 0.439516
v -5.14286 -0.714286 0.439516
v -5.28571 -0.857143 0.475806
v -5.14286 -0.857143 0.475806
v -5.28571 -1 0.475806
v -5.42857 -1 0.584677
v -5.57143 -1 0.637097
v -5.71429 -0.714286 0.447581
v -5.57143 -0.857143 0.540323
v -5.42857 -1.14286 0.580645
v -5.71429 -1.28571 0.53629
v -5.57143 -1.28571 0.544355
v -5.42857 -1.28571 0.516129
v -5.28571 -1.14286 0.544355
v -5.14286 -1.28571 0.487903
v -5.14286 -1.14286 0.544355
v -5.14286 -1 0.475806
v -5.42857 -1.42857 0.516129
v -5.14286 -1.42857 0.487903
v -5.14286 -1.57143 0.379032
v -5.28571 -1.57143 0.379032
v -5.14286 -1.85714 0.298387
v -5.28571 -1.85714 0.298387
v -5.28571 -1.71429 0.326613
v -5.71429 -1.85714 0.572581
v -5.57143 -1.85714 0.516129
v -5.71429 -1.71429 0.552419
v -5.57143 -1.71429 0.487903
v -5.42857 -1.71429 0.387097
v -5.57143 -1.42857 0.544355
v -5.42857 -1.57143 0.399194
v -5.85714 -1.42857 0.524194
v -5.85714 -1.57143 0.572581
v -6 -1.42857 0.5
v -6.14286 -1.42857 0.391129
v -6.28571 -1.42857 0.387097
v -6.14286 -1.57143 0.459677
v -6.28571 -1.57143 0.354839
v -6.14286 -1.85714 0.451613
v -6.28571 -1.85714 0.375
v -6.28571 -1.71429 0.387097
v -6 -1.85714 0.487903
v -6 -1.57143 0.544355
v -6 -1.71429 0.544355
v -5.85714 -1.71429 0.592742
v -5.71429 -1.57143 0.560484
v -5.85714 -1.85714 0.580645
v -5.71429 -2.14286 0.524194
v -5.85714 -2.14286 0.475806
v -6 -2 0.471774
v -6.14286 -2 0.41129
v -6.28571 -2 0.383065
v -6.14286 -2.14286 0.354839
v -6.14286 -2.42857 0.439516
v -6.28571 -2.28571 0.33871
v -6 -2.28571 0.354839
v -6 -2.57143 0.41129
v -5.85714 -2.57143 0.330645
v -5.71429 -2.28571 0.451613
v -5.71429 -2.42857 0.431452
v -5.57143 -2.42857 0.491935
v -5.42857 -2.42857 0.504032
v -5.42857 -2.57143 0.415323
v -5.57143 -2.14286 0.532258
v -5.57143 -2 0.532258
v -5.42857 -2 0.439516
v -5.42857 -1.85714 0.399194
v -5.42857 -2.14286 0.467742
v -5.14286 -2 0.302419
v -5.28571 -2.14286 0.391129
v -5.28571 -2.28571 0.455645
v -5.28571 -2.42857 0.423387
v -5.14286 -2.42857 0.423387
v -5.14286 -2.57143 0.358871
v -5.28571 -2.57143 0.358871
v -5.28571 -2.71429 0.310484
v -5.28571 -3 0.245968
v -5.14286 -2.85714 0.270161
v -5.28571 -2.85714 0.270161
v -5.42857 -3 0.241935
v -5.57143 -2.85714 0.302419
v -5.57143 -2.71429 0.350806
v -5.57143 -3 0.25
v -5.57143 -3.14286 0.209677
v -5.42857 -3.14286 0.193548
v -5.28571 -3.14286 0.221774
v -5.28571 -3.28571 0.282258
v -5.14286 -3.14286 0.221774
v -5.14286 -3 0.245968
v -5.14286 -3.42857 0.314516
v -5.14286 -3.28571 0.282258
v -5.28571 -3.42857 0.314516
v -5.14286 -3.57143 0.274194
v -5.28571 -3.71429 0.21371
v -5.14286 -3.71429 0.21371
v -5.28571 -3.85714 0.201613
v -5.42857 -3.71429 0.149194
v -5.57143 -3.71429 0.0967742
v -5.42857 -3.57143 0.165323
v -5.71429 -3.57143 0.125
v -5.57143 -3.57143 0.120968
v -5.57143 -3.28571 0.189516
v -5.42857 -3.42857 0.201613
v -5.85714 -3.28571 0.181452
v -5.71429 -3.28571 0.153226
v -6 -3.28571 0.193548
v -5.85714 -3.42857 0.0967742
v -5.85714 -3.71429 0.201613
v -5.71429 -3.42857 0.125
v -5.71429 -3.71429 0.133065
v -6.14286 -3.71429 0.520161
v -6.28571 -3.71429 0.681452
v -6 -3.71429 0.334677
v -6.28571 -3.57143 0.596774
v -6.14286 -3.42857 0.350806
v -6.14286 -3.28571 0.318548
v -6 -3.42857 0.16129
v -6.28571 -3.28571 0.447581
v -6.28571 -3 0.455645
v -6.28571 -3.14286 0.504032
v -6.14286 -3.14286 0.383065
v -6 -3.14286 0.302419
v -5.85714 -3 0.278226
v -5.71429 -3 0.237903
v -5.85714 -2.85714 0.278226
v -5.71429 -2.57143 0.366935
v -5.71429 -2.85714 0.262097
v -5.85714 -2.71429 0.298387
v -6 -2.85714 0.314516
v -6.14286 -2.71429 0.516129
v -6.14286 -3 0.370968
v -6.14286 -2.85714 0.391129
v -6.28571 -2.71429 0.58871
v -6.57143 -2.71429 0.612903
v -6.42857 -2.85714 0.629032
v -6.57143 -2.85714 0.629032
v -6.57143 -3.28571 0.645161
v -6.57143 -3.14286 0.669355
v -6.57143 -3 0.645161
v -7 -3.14286 0.721774
v -6.71429 -3.14286 0.774194
v -6.71429 -3 0.729839
v -7 -2.85714 0.66129
v -6.85714 -2.71429 0.512097
v -6.71429 -2.85714 0.705645
v -6.71429 -2.71429 0.657258
v -7.14286 -2.71429 0.495968
v -7.14286 -2.85714 0.625
v -7.28571 -2.57143 0.41129
v -7.28571 -2.85714 0.685484
v -7.28571 -2.71429 0.560484
v -7.42857 -2.85714 0.729839
v -7.57143 -2.85714 0.653226
v -7.57143 -3 0.693548
v -7.57143 -3.14286 0.657258
v -7.42857 -3.28571 0.544355
v -7.42857 -3.14286 0.685484
v -7.28571 -3.14286 0.705645
v -7 -3 0.717742
v -7.28571 -3 0.758065
v -7.14286 -3 0.717742
v -7.14286 -3.57143 0.709677
v -7.14286 -3.42857 0.612903
v -7.28571 -3.57143 0.600806
v -7.28571 -3.28571 0.596774
v -7.57143 -3.28571 0.532258
v -7.28571 -3.42857 0.540323
v -7.42857 -3.42857 0.451613
v -7.42857 -3.71429 0.491935
v -7.57143 -3.71429 0.322581
v -7.42857 -3.85714 0.447581
v -7.42857 -3.57143 0.423387
v -7.28571 -3.71429 0.649194
v -7.14286 -3.85714 0.677419
v -7.14286 -3.71429 0.758065
v -6.85714 -3.71429 0.866935
v -7 -3.71429 0.866935
v -7 -3.57143 0.790323
v -6.85714 -3.57143 0.790323
v -7 -3.42857 0.677419
v -7 -3.28571 0.697581
v -6.85714 -3.28571 0.697581
v -6.71429 -3.42857 0.778226
v -6.28571 -3.42857 0.495968
v -6.42857 -3.42857 0.620968
v -6.42857 -3.28571 0.645161
v -6.71429 -3.57143 0.810484
v -6.57143 -3.57143 0.717742
v -6.42857 -3.71429 0.854839
v -6.42857 -3.85714 0.951613
v -6.57143 -4 0.899194
v -6.71429 -3.85714 0.919355
v -6.85714 -4 0.737903
v -6.71429 -4.14286 0.782258
v -6.42857 -4.28571 0.685484
v -6.71429 -4.28571 0.782258
v -6.57143 -4.28571 0.685484
v -6.85714 -4.28571 0.657258
v -6.85714 -4.42857 0.552419
v -7 -4.42857 0.552419
v -6.85714 -4.14286 0.657258
v -7 -4.14286 0.657258
v -7 -4 0.737903
v -6.85714 -3.85714 0.798387
v -7.28571 -3.85714 0.584677
v -7.28571 -4.14286 0.314516
v -7.28571 -4 0.479839
v -7.42857 -4 0.346774
v -7.42857 -4.14286 0.173387
v -7.57143 -4.14286 0.129032
v -7.57143 -3.85714 0.318548
v -7.57143 -4.42857 0.129032
v -7.57143 -4.28571 0.129032
v -7.42857 -4.28571 0.173387
v -7.28571 -4.28571 0.314516
v -7.28571 -4.42857 0.326613
v -7.14286 -4.28571 0.512097
v -7 -4.28571 0.657258
v -7.28571 -4.71429 0.330645
v -7.14286 -4.42857 0.467742
v -7.28571 -4.57143 0.379032
v -7.42857 -4.57143 0.28629
v -7.42857 -4.42857 0.197581
v -7.57143 -4.57143 0.16129
v -7.57143 -4.71429 0.193548
v -7.57143 -4.85714 0.165323
v -7.57143 -5 0.193548
v -7.42857 -4.85714 0.290323
v -7.42857 -5 0.314516
v -7.28571 -5 0.375
v -7.14286 -5 0.391129
v -7.14286 -4.85714 0.278226
v -7 -4.85714 0.330645
v -6.85714 -4.85714 0.330645
v -7 -5 0.427419
v -7.14286 -4.71429 0.310484
v -6.85714 -4.71429 0.330645
v -7 -4.57143 0.415323
v -7.14286 -4.57143 0.395161
v -6.71429 -4.42857 0.649194
v -6.57143 -4.42857 0.576613
v -6.42857 -4.57143 0.439516
v -6.57143 -4.57143 0.439516
v -6.57143 -4.71429 0.334677
v -6.57143 -4.85714 0.274194
v -6.71429 -4.85714 0.330645
v -6.71429 -5 0.375
v -6.42857 -5 0.290323
v -6.42857 -4.85714 0.274194
v -6.28571 -5 0.137097
v -6.14286 -5 0.108871
v -6 -4.85714 0.0846774
v -6 -5 0.100806
v -5.85714 -4.85714 0.100806
v -6 -4.57143 0.145161
v -5.85714 -4.71429 0.125
v -6 -4.71429 0.108871
v -6.14286 -4.85714 0.0887097
v -6.14286 -4.57143 0.165323
v -6.28571 -4.57143 0.241935
v -6.28571 -4.71429 0.157258
v -6.14286 -4.42857 0.241935
v -6.28571 -4.42857 0.358871
v -6.28571 -4.14286 0.439516
v -6.42857 -4.14286 0.685484
v -6.28571 -4 0.495968
v -6.14286 -3.85714 0.443548
v -6.42857 -4 0.899194
v -6 -4.14286 0.221774
v -6 -3.85714 0.25
v -6 -4 0.181452
v -6.14286 -4.14286 0.310484
v -6.14286 -4.28571 0.310484
v -6 -4.28571 0.221774
v -5.85714 -4.42857 0.173387
v -6 -4.42857 0.173387
v -5.71429 -4.14286 0.100806
v -5.71429 -4.28571 0.100806
v -5.57143 -4.28571 0.0927419
v -5.85714 -4.14286 0.157258
v -5.57143 -4 0.120968
v -5.71429 -4 0.112903
v -5.57143 -3.85714 0.125
v -5.42857 -3.85714 0.173387
v -5.14286 -3.85714 0.201613
v -5.28571 -4 0.16129
v -5.42857 -4 0.141129
v -5.14286 -4.28571 0.125
v -5.28571 -4.28571 0.125
v -5.42857 -4.28571 0.104839
v -5.42857 -4.57143 0.225806
v -5.42857 -4.42857 0.185484
v -5.14286 -4.42857 0.177419
v -5.57143 -4.42857 0.157258
v -5.71429 -4.42857 0.133065
v -5.71429 -4.57143 0.149194
v -5.85714 -4.57143 0.169355
v -5.57143 -4.85714 0.149194
v -5.71429 -4.71429 0.137097
v -5.57143 -5 0.133065
v -5.57143 -4.71429 0.157258
v -5.42857 -5 0.149194
v -5.28571 -5 0.165323
v -5.14286 -4.71429 0.221774
v -5.28571 -4.71429 0.221774
v -5 -5 0.310484
v -5 -4.85714 0.28629
v -4.85714 -4.71429 0.28629
v -4.71429 -5 0.423387
v -4.57143 -4.85714 0.423387
v -4.42857 -4.71429 0.443548
v -4.42857 -4.85714 0.479839
v -4.57143 -4.42857 0.326613
v -4.42857 -4.42857 0.241935
v -4.71429 -4.42857 0.41129
v -4.71429 -4.28571 0.41129
v -4.85714 -4.42857 0.326613
v -4.71429 -4.71429 0.274194
v -5 -4.57143 0.306452
v -4.85714 -4.14286 0.258065
v -5 -4.28571 0.153226
v -5 -4.14286 0.153226
v -4.71429 -4.14286 0.41129
v -4.71429 -4 0.330645
v -4.85714 -3.85714 0.370968
v -4.71429 -3.85714 0.403226
v -4.42857 -3.85714 0.205645
v -4.57143 -3.71429 0.25
v -4.42857 -3.71429 0.153226
v -4.57143 -3.85714 0.290323
v -4.57143 -4 0.262097
v -4.57143 -4.14286 0.379032
v -4.57143 -4.28571 0.379032
v -4.14286 -4.14286 0.25
v -4.42857 -4.28571 0.258065
v -4.28571 -4.14286 0.25
v -4.14286 -4 0.173387
v -4.28571 -4 0.173387
v -4.14286 -3.85714 0.112903
v -4.28571 -3.85714 0.112903
v -3.85714 -4 0.177419
v -4 -3.85714 0.0604839
v -3.85714 -3.85714 0.0725806
v -4 -4 0.181452
v -3.85714 -4.14286 0.407258
v -3.85714 -4.28571 0.407258
v -4 -4.28571 0.399194
v -4 -4.42857 0.455645
v -3.85714 -4.42857 0.431452
v -4.14286 -4.42857 0.290323
v -4.14286 -4.28571 0.25
v -4.28571 -4.57143 0.278226
v -4.28571 -4.42857 0.290323
v -4.14286 -4.57143 0.278226
v -4.14286 -4.85714 0.520161
v -4.28571 -5 0.471774
v -4.14286 -5 0.471774
v -4.42857 -4.57143 0.270161
v -4.14286 -4.71429 0.423387
v -4 -4.57143 0.423387
v -4 -4.71429 0.467742
v -4 -4.85714 0.540323
v -3.85714 -4.85714 0.564516
v -3.71429 -5 0.633065
v -3.57143 -4.85714 0.491935
v -3.85714 -4.71429 0.58871
v -3.71429 -4.57143 0.395161
v -3.71429 -4.42857 0.41129
v -3.85714 -4.57143 0.455645
v -3.57143 -4.71429 0.362903
v -3.42857 -4.57143 0.330645
v -3.28571 -4.57143 0.314516
v -3.42857 -4.71429 0.314516
v -3.28571 -4.85714 0.241935
v -3.42857 -4.85714 0.306452
v -3.57143 -5 0.616935
v -3 -5 0.262097
v -3.14286 -5 0.270161
v -2.85714 -4.85714 0.201613
v -2.85714 -4.71429 0.197581
v -2.85714 -5 0.25
v -2.71429 -4.71429 0.145161
v -2.71429 -5 0.25
v -2.71429 -4.57143 0.141129
v -2.71429 -4.42857 0.145161
v -2.85714 -4.57143 0.189516
v -3 -4.42857 0.217742
v -3 -4.57143 0.189516
v -3.14286 -4.42857 0.366935
v -3.14286 -4.71429 0.233871
v -3 -4.14286 0.415323
v -3 -4.28571 0.415323
v -2.85714 -4.14286 0.314516
v -2.85714 -4.28571 0.314516
v -2.85714 -4.42857 0.197581
v -2.71429 -4.28571 0.225806
v -2.71429 -4.14286 0.225806
v -2.85714 -4 0.322581
v -2.71429 -4 0.306452
v -2.71429 -3.85714 0.346774
v -2.85714 -3.85714 0.330645
v -3 -3.85714 0.387097
v -3 -4 0.419355
v -3.14286 -4 0.459677
v -3.57143 -4.14286 0.302419
v -3.28571 -4 0.387097
v -3.28571 -4.14286 0.423387
v -3.57143 -4.28571 0.302419
v -3.42857 -4.42857 0.310484
v -3.28571 -4.42857 0.354839
v -3.14286 -4.28571 0.447581
v -3.71429 -4.28571 0.346774
v -3.57143 -4.42857 0.334677
v -3.71429 -4 0.153226
v -3.71429 -4.14286 0.346774
v -3.57143 -4 0.16129
v -3.57143 -3.85714 0.108871
v -3.57143 -3.71429 0.0806452
v -3.71429 -3.85714 0.0806452
v -3.85714 -3.71429 0.0322581
v -3.71429 -3.71429 0.0443548
v -3.57143 -3.57143 0.0927419
v -3.71429 -3.57143 0.0443548
v -3.71429 -3.42857 0.0241935
v -3.57143 -3.28571 0.0806452
v -3.71429 -3.28571 0.0282258
v -3.42857 -3.28571 0.112903
v -3.28571 -3.28571 0.100806
v -3.42857 -3.42857 0.125
v -3.28571 -3.42857 0.149194
v -3.14286 -3.71429 0.258065
v -3.14286 -3.57143 0.189516
v -3.28571 -3.57143 0.181452
v -2.85714 -3.42857 0.294355
v -3 -3.57143 0.193548
v -2.85714 -3.57143 0.270161
v -2.71429 -3.42857 0.318548
v -2.71429 -3.71429 0.387097
v -2.71429 -3.57143 0.334677
v -2.57143 -3.57143 0.346774
v -2.85714 -3.14286 0.290323
v -2.71429 -3.28571 0.314516
v -3 -3.42857 0.21371
v -3 -3.14286 0.209677
v -3 -3.28571 0.233871
v -3.14286 -3.42857 0.16129
v -3.14286 -3.28571 0.153226
v -3 -2.85714 0.262097
v -3.14286 -2.85714 0.197581
v -3.14286 -3 0.16129
v -2.85714 -2.85714 0.302419
v -2.71429 -3.14286 0.302419
v -2.71429 -3 0.306452
v -2.57143 -3 0.318548
v -2.71429 -2.57143 0.342742
v -2.57143 -2.71429 0.282258
v -2.71429 -2.71429 0.282258
v -2.71429 -2.85714 0.282258
v -2.85714 -2.71429 0.314516
v -3 -2.57143 0.314516
v -3 -2.71429 0.294355
v -3.14286 -2.71429 0.229839
v -3.28571 -2.71429 0.145161
v -3.42857 -2.57143 0.0685484
v -3.42857 -2.71429 0.0766129
v -3.28571 -3 0.100806
v -3.42857 -3 0.0887097
v -3.28571 -3.14286 0.100806
v -3.71429 -2.85714 0.0483871
v -3.71429 -3 0.0524194
v -3.71429 -3.14286 0.0403226
v -3.57143 -3 0.0685484
v -3.42857 -2.85714 0.0766129
v -3.57143 -2.85714 0.0564516
v -3.57143 -2.71429 0.0443548
v -3.71429 -2.71429 0.0241935
v -4.14286 -2.71429 0.0241935
v -3.85714 -2.71429 0.016129
v -4 -2.71429 0.016129
v -4.14286 -2.57143 0.0201613
v -4.14286 -2.85714 0.016129
v -4.28571 -2.85714 0.016129
v -4.28571 -2.71429 0.0241935
v -4.28571 -3 0.0201613
v -4.42857 -2.85714 0.0241935
v -4.42857 -3 0.0201613
v -4.14286 -3 0.0201613
v -4 -3.14286 0.0403226
v -3.85714 -3.14286 0.0322581
v -3.85714 -2.85714 0.0403226
v -3.85714 -3.42857 0.00806452
v -4 -3.28571 0.0201613
v -3.85714 -3.28571 0.0120968
v -4.14286 -3.42857 0.0403226
v -3.85714 -3.57143 0.0120968
v -4 -3.57143 0.0241935
v -4 -3.71429 0.0403226
v -4.14286 -3.57143 0.0685484
v -4.14286 -3.71429 0.120968
v -4.28571 -3.71429 0.120968
v -4.28571 -3.57143 0.0685484
v -4.28571 -3.42857 0.0403226
v -4.28571 -3.28571 0.0362903
v -4.42857 -3.14286 0.0564516
v -4.28571 -3.14286 0.0362903
v -4.42857 -3.42857 0.108871
v -4.71429 -3.28571 0.177419
v -4.57143 -3.28571 0.125
v -4.71429 -3.42857 0.225806
v -4.42857 -3.57143 0.116935
v -4.57143 -3.57143 0.177419
v -4.71429 -3.71429 0.407258
v -5 -3.71429 0.427419
v -4.85714 -3.71429 0.483871
v -4.71429 -3.57143 0.298387
v -4.85714 -3.57143 0.459677
v -5 -3.57143 0.524194
v -5 -3.42857 0.495968
v -4.85714 -3.42857 0.362903
v -4.85714 -3.28571 0.28629
v -5 -3.14286 0.294355
v -5 -3.28571 0.415323
v -4.85714 -3.14286 0.201613
v -4.71429 -3.14286 0.104839
v -4.57143 -3 0.0524194
v -4.42857 -3.28571 0.0967742
v -4.71429 -2.71429 0.120968
v -4.42857 -2.57143 0.0362903
v -4.57143 -2.71429 0.0766129
v -4.85714 -3 0.16129
v -4.85714 -2.85714 0.165323
v -5.14286 -2.71429 0.310484
v -5 -2.71429 0.233871
v -5 -2.85714 0.221774
v -4.85714 -2.57143 0.173387
v -5 -2.57143 0.229839
v -5 -2.42857 0.201613
v -5.14286 -2.28571 0.455645
v -5 -2.28571 0.193548
v -4.85714 -2.14286 0.0887097
v -5.14286 -2.14286 0.391129
v -4.57143 -2.14286 0.0282258
v -4.71429 -2.14286 0.0483871
v -4.71429 -2.28571 0.0685484
v -4.57143 -2.28571 0.0362903
v -4.57143 -2.42857 0.0524194
v -4.85714 -2.28571 0.116935
v -4.71429 -2.42857 0.0887097
v -4.28571 -2.28571 0.00806452
v -4.57143 -2.57143 0.0725806
v -4.28571 -2.42857 0.0120968
v -4.28571 -2.57143 0.0201613
v -4.14286 -2.42857 0.0120968
v -4 -2.42857 0.00403226
v -3.85714 -2.57143 0.00806452
v -4 -2.14286 0.00403226
v -3.85714 -2.28571 0
v -4 -2.28571 0
v -4.14286 -2.14286 0.00806452
v -4.28571 -2.14286 0.00806452
v -4.42857 -2.28571 0.016129
v -4.42857 -2.14286 0.0120968
v -4.28571 -2 0.00806452
v -4.28571 -1.85714 0.0201613
v -4.14286 -2 0.00806452
v -4.14286 -1.85714 0.0201613
v -4 -1.85714 0.0282258
v -3.85714 -2 0.0120968
v -4 -2 0.00806452
v -4 -1.57143 0.108871
v -3.85714 -1.57143 0.120968
v -4 -1.42857 0.165323
v -4.14286 -1.57143 0.112903
v -4.14286 -1.71429 0.0564516
v -4.28571 -1.57143 0.112903
v -4.28571 -1.71429 0.0564516
v -4.71429 -1.42857 0.306452
v -4.57143 -1.42857 0.229839
v -4.57143 -1.71429 0.0846774
v -4.71429 -1.85714 0.0725806
v -4.57143 -1.85714 0.0443548
v -4.57143 -2 0.0282258
v -4.42857 -2 0.0120968
v -4.71429 -1.71429 0.116935
v -5.14286 -1.71429 0.326613
v -4.71429 -2 0.0483871
v -5 -1.57143 0.33871
v -4.71429 -1.57143 0.185484
v -4.85714 -1.42857 0.383065
v -5 -1.42857 0.46371
v -4.85714 -1.57143 0.274194
v -5 -1.28571 0.46371
v -5 -1 0.528226
v -4.85714 -1 0.459677
v -4.71429 -1.28571 0.306452
v -4.57143 -1.14286 0.314516
v -4.42857 -1.28571 0.177419
v -4.42857 -1.42857 0.177419
v -4.57143 -0.714286 0.334677
v -4.42857 -1 0.197581
v -4.71429 -0.857143 0.427419
v -4.71429 -0.714286 0.427419
v -4.85714 -0.857143 0.487903
v -5 -0.714286 0.467742
v -5 -0.857143 0.475806
v -5 -0.571429 0.342742
v -4.85714 -0.571429 0.41129
v -4.85714 -0.428571 0.306452
v -5 -0.428571 0.229839
v -5.14286 -0.428571 0.270161
v -5 -0.285714 0.229839
v -4.85714 -0.285714 0.306452
v -4.57143 -0.285714 0.28629
v -4.71429 -0.142857 0.229839
v -4.57143 -0.142857 0.241935
v -4.42857 -0.142857 0.169355
v -4.71429 -0.428571 0.322581
v -4.57143 -0.428571 0.28629
v -4.42857 -0.428571 0.233871
v -4.57143 -0.571429 0.375
v -4.14286 -0.428571 0.262097
v -4.14286 -0.571429 0.258065
v -4.28571 -0.571429 0.258065
v -4.28571 -0.428571 0.262097
v -4.42857 -0.285714 0.233871
v -4.14286 -0.142857 0.237903
v -4.28571 -0.285714 0.262097
v -4 -0.285714 0.302419
v -4.14286 -0.285714 0.262097
v -4 -0.142857 0.290323
v -3.85714 -0.285714 0.294355
v -3.85714 -0.428571 0.294355
v -4 -0.571429 0.262097
v -4 -0.428571 0.302419
v -4 -0.714286 0.270161
v -4 -0.857143 0.294355
v -4.14286 -0.857143 0.225806
v -4.14286 -0.714286 0.237903
v -4.28571 -0.714286 0.237903
v -4.42857 -0.714286 0.282258
v -4.28571 -0.857143 0.225806
v -4.14286 -1.14286 0.193548
v -4.28571 -1.42857 0.153226
v -4.28571 -1.14286 0.193548
v -4.14286 -1 0.181452
v -4 -1.28571 0.165323
v -4 -1 0.266129
v -3.85714 -1 0.314516
v -3.85714 -1.14286 0.266129
v -3.71429 -1.14286 0.306452
v -3.71429 -1.28571 0.185484
v -3.57143 -1.14286 0.330645
v -3.42857 -1.14286 0.366935
v -3.42857 -1.28571 0.294355
v -3.28571 -1.28571 0.379032
v -3.28571 -1 0.403226
v -3.42857 -1 0.41129
v -3.28571 -0.857143 0.314516
v -3.42857 -0.857143 0.366935
v -3.57143 -1 0.41129
v -3.57143 -0.857143 0.423387
v -3.71429 -0.857143 0.395161
v -3.71429 -1 0.399194
v -3.85714 -0.571429 0.270161
v -3.57143 -0.571429 0.25
v -3.85714 -0.714286 0.274194
v -3.71429 -0.571429 0.266129
v -3.57143 -0.142857 0.298387
v -3.85714 -0.142857 0.258065
v -3.71429 -0.142857 0.266129
v -3.42857 -0.142857 0.326613
v -3.28571 -0.142857 0.306452
v -3.57143 -0.285714 0.290323
v -3.42857 -0.285714 0.290323
v -3.42857 -0.571429 0.237903
v -3.28571 -0.571429 0.209677
v -3.42857 -0.714286 0.245968
v -3.28571 -0.428571 0.266129
v -3 -0.428571 0.342742
v -3.14286 -0.428571 0.282258
v -3.28571 -0.285714 0.266129
v -3.14286 -0.285714 0.282258
v -3.14286 -0.142857 0.314516
v -3 -0.142857 0.379032
v -2.85714 -0.142857 0.415323
v -2.71429 -0.142857 0.375
v -2.85714 -0.285714 0.350806
v -2.57143 -0.285714 0.318548
v -2.71429 -0.285714 0.354839
v -2.71429 -0.428571 0.354839
v -3 -0.285714 0.342742
v -2.71429 -0.714286 0.552419
v -2.57143 -1 0.641129
v -2.85714 -0.714286 0.58871
v -3 -0.857143 0.580645
v -3 -0.714286 0.491935
v -3.14286 -0.857143 0.399194
v -3 -0.571429 0.383065
v -3 -1.14286 0.528226
v -3.14286 -1.28571 0.455645
v -3 -1 0.592742
v -2.85714 -1.28571 0.560484
v -2.85714 -1.14286 0.568548
v -2.85714 -1 0.629032
v -2.71429 -1.28571 0.653226
v -2.71429 -1 0.685484
v -3 -1.42857 0.504032
v -3 -1.28571 0.504032
v -2.85714 -1.57143 0.620968
v -2.85714 -1.71429 0.620968
v -3 -1.71429 0.556452
v -2.85714 -1.85714 0.576613
v -2.71429 -1.71429 0.608871
v -3.14286 -1.85714 0.419355
v -3.28571 -1.85714 0.294355
v -3 -1.85714 0.516129
v -3.28571 -1.71429 0.358871
v -3.14286 -1.71429 0.475806
v -3.14286 -1.57143 0.483871
v -3.28571 -1.42857 0.379032
v -3.42857 -1.42857 0.294355
v -3.42857 -1.57143 0.254032
v -3.57143 -1.42857 0.245968
v -3.57143 -1.57143 0.181452
v -3.71429 -1.57143 0.141129
v -3.85714 -1.42857 0.165323
v -3.71429 -1.42857 0.185484
v -3.71429 -1.85714 0.0524194
v -3.85714 -1.71429 0.0725806
v -3.85714 -1.85714 0.0362903
v -3.71429 -1.71429 0.0967742
v -3.57143 -1.71429 0.137097
v -3.57143 -1.85714 0.0927419
v -3.42857 -1.71429 0.229839
v -3.42857 -1.85714 0.169355
v -3.42857 -2 0.112903
v -3.42857 -2.14286 0.0766129
v -3.28571 -2 0.229839
v -3.57143 -2.14286 0.0241935
v -3.57143 -2 0.0483871
v -3.71429 -2 0.0201613
v -3.71429 -2.14286 0.00806452
v -3.57143 -2.28571 0.016129
v -3.71429 -2.57143 0.0120968
v -3.57143 -2.42857 0.0201613
v -3.42857 -2.28571 0.0604839
v -3.42857 -2.42857 0.0604839
v -3.28571 -2.57143 0.141129
v -3.28571 -2.42857 0.137097
v -3.14286 -2.42857 0.241935
v -3.14286 -2.57143 0.237903
v -3 -2.28571 0.419355
v -3.14286 -2.28571 0.28629
v -3.14286 -2.14286 0.330645
v -3.28571 -2.28571 0.149194
v -3 -2 0.495968
v -2.85714 -2 0.532258
v -2.57143 -2 0.479839
v -2.71429 -2 0.564516
v -3 -2.14286 0.459677
v -2.85714 -2.28571 0.451613
v -2.71429 -2.28571 0.41129
v -2.71429 -2.42857 0.370968
v -3 -2.42857 0.358871
v -2.57143 -2.28571 0.375
v -2.42857 -2.42857 0.435484
v -2.57143 -2.42857 0.366935
v -2.42857 -2.28571 0.46371
v -2.57143 -2.14286 0.370968
v -2.42857 -2.14286 0.375
v -2.42857 -2 0.346774
v -2.28571 -2.14286 0.479839
v -2.28571 -2 0.366935
v -2.14286 -2 0.423387
v -2.14286 -2.14286 0.415323
v -2.14286 -2.28571 0.306452
v -2.14286 -2.42857 0.290323
v -2.28571 -2.42857 0.391129
v -1.71429 -2.28571 0.169355
v -1.85714 -2.28571 0.21371
v -1.85714 -2.42857 0.137097
v -1.71429 -2.42857 0.116935
v -1.57143 -2.28571 0.112903
v -1.42857 -2.28571 0.108871
v -1.42857 -2.42857 0.0766129
v -1.42857 -2.14286 0.108871
v -1.42857 -2 0.100806
v -1.71429 -2 0.145161
v -1.85714 -2.14286 0.322581
v -1.85714 -2 0.310484
v -1.85714 -1.85714 0.354839
v -2 -2.14286 0.41129
v -1.85714 -1.71429 0.419355
v -2 -1.57143 0.358871
v -1.85714 -1.57143 0.395161
v -1.71429 -1.85714 0.245968
v -1.71429 -1.71429 0.383065
v -1.57143 -1.85714 0.133065
v -1.28571 -1.71429 0.149194
v -1.42857 -1.42857 0.241935
v -1.28571 -1.57143 0.25
v -1.57143 -1.28571 0.479839
v -1.57143 -1.57143 0.415323
v -1.85714 -1.42857 0.560484
v -1.85714 -1.28571 0.560484
v -1.57143 -1.42857 0.479839
v -2 -1.42857 0.41129
v -2.28571 -1.28571 0.407258
v -2 -1.28571 0.41129
v -2.42857 -1.57143 0.447581
v -2.14286 -1.71429 0.358871
v -2.14286 -1.85714 0.358871
v -2.28571 -1.85714 0.270161
v -2.57143 -1.85714 0.483871
v -2.42857 -1.85714 0.33871
v -2.57143 -1.71429 0.479839
v -2.42857 -1.71429 0.346774
v -2.57143 -1.57143 0.556452
v -2.57143 -1.42857 0.604839
v -2.57143 -1.28571 0.604839
v -2.42857 -1.42857 0.447581
v -2.42857 -1.14286 0.552419
v -2.42857 -1.28571 0.447581
v -2.57143 -1.14286 0.665323
v -2.28571 -1.14286 0.564516
v -2.28571 -1 0.641129
v -2.14286 -1.28571 0.362903
v -2.14286 -1 0.544355
v -2 -1 0.431452
v -2 -0.714286 0.193548
v -2.14286 -0.857143 0.375
v -2.28571 -0.857143 0.540323
v -2.28571 -0.714286 0.451613
v -2.42857 -0.857143 0.560484
v -2.42857 -1 0.584677
v -2.57143 -0.571429 0.407258
v -2.42857 -0.714286 0.53629
v -2.57143 -0.714286 0.532258
v -2.42857 -0.571429 0.431452
v -2.28571 -0.428571 0.455645
v -2.42857 -0.285714 0.387097
v -2.42857 -0.142857 0.290323
v -2.28571 -0.142857 0.310484
v -2.14286 -0.142857 0.225806
v -2 -0.285714 0.379032
v -2.28571 -0.285714 0.455645
v -2 -0.428571 0.379032
v -2 -0.571429 0.262097
v -2.28571 -0.571429 0.471774
v -2.14286 -0.714286 0.294355
v -1.85714 -0.428571 0.334677
v -1.71429 -0.428571 0.354839
v -1.71429 -0.571429 0.306452
v -1.85714 -0.285714 0.334677
v -1.71429 -0.285714 0.354839
v -1.85714 -0.142857 0.33871
v -1.71429 -0.142857 0.524194
v -1.42857 -0.142857 0.419355
v -1.57143 -0.142857 0.612903
v -1.28571 -0.285714 0.379032
v -1.42857 -0.285714 0.379032
v -1.57143 -0.285714 0.358871
v -1.42857 -0.571429 0.415323
v -1.57143 -0.428571 0.358871
v -1.57143 -0.857143 0.423387
v -1.42857 -0.714286 0.459677
v -1.57143 -0.571429 0.483871
v -1.71429 -0.857143 0.28629
v -1.71429 -0.714286 0.221774
v -1.85714 -0.857143 0.221774
v -1.85714 -0.714286 0.189516
v -1.71429 -1 0.379032
v -1.85714 -1.14286 0.645161
v -1.85714 -1 0.366935
v -1.71429 -1.28571 0.637097
v -1.57143 -1.14286 0.314516
v -1.42857 -1 0.233871
v -1.42857 -1.28571 0.241935
v -1.42857 -1.14286 0.173387
v -1.28571 -1.14286 0.173387
v -1.28571 -1.28571 0.241935
v -1.28571 -1 0.233871
v -1.14286 -1.28571 0.129032
v -0.857143 -1.14286 0.233871
v -1 -1.14286 0.185484
v -0.714286 -1 0.201613
v -1 -0.714286 0.125
v -0.857143 -0.714286 0.104839
v -0.714286 -0.714286 0.0604839
v -1 -1 0.21371
v -1.14286 -0.714286 0.16129
v -1.14286 -0.857143 0.21371
v -1.14286 -1 0.189516
v -1.28571 -0.571429 0.415323
v -1.28571 -0.714286 0.459677
v -1.14286 -0.571429 0.274194
v -1.28571 -0.428571 0.379032
v -1 -0.142857 0.455645
v -1.14286 -0.142857 0.334677
v -1.14286 -0.285714 0.262097
v -0.857143 -0.285714 0.245968
v -0.714286 -0.285714 0.137097
v -0.714286 -0.142857 0.423387
v -1 -0.285714 0.290323
v -0.714286 -0.428571 0.137097
v -0.857143 -0.571429 0.185484
v -0.857143 -0.428571 0.245968
v -0.428571 -0.571429 0.0564516
v -0.714286 -0.571429 0.0725806
v -0.571429 -0.428571 0.0685484
v -0.428571 -0.428571 0.116935
v -0.571429 -0.285714 0.0685484
v -0.571429 -0.142857 0.318548
v -0.428571 -0.142857 0.366935
v -0.142857 -0.285714 0.0806452
v -0.142857 -0.142857 0.350806
v -0.285714 -0.142857 0.366935
v -0.285714 -0.285714 0.116935
v -0.142857 -0.428571 0.0806452
v -0.285714 -0.428571 0.116935
v -0.285714 -0.571429 0.0564516
v -0.285714 -0.714286 0.0887097
v -0.142857 -0.714286 0.0846774
v -0.142857 -0.857143 0.0846774
v -0.285714 -0.857143 0.129032
v -0.428571 -0.714286 0.0887097
v -0.428571 -0.857143 0.129032
v -0.571429 -0.714286 0.0483871
v -0.428571 -1 0.112903
v -0.714286 -1.28571 0.120968
v -0.571429 -1.28571 0.133065
v -0.428571 -1.28571 0.108871
v -0.285714 -1.14286 0.0967742
v -0.285714 -1 0.112903
v -0.142857 -1.14286 0.0846774
v -0.142857 -1.28571 0.125
v -0.142857 -1.57143 0.133065
v -0.142857 -1.42857 0.125
v -0.285714 -1.57143 0.141129
v -0.142857 -1.71429 0.233871
v -0.285714 -1.85714 0.157258
v -0.142857 -1.85714 0.326613
v -0.428571 -1.85714 0.157258
v -0.571429 -1.71429 0.169355
v -0.714286 -1.85714 0.108871
v -0.571429 -1.85714 0.133065
v -0.428571 -1.71429 0.165323
v -0.571429 -1.57143 0.16129
v -0.428571 -1.42857 0.108871
v -0.571429 -1.42857 0.133065
v -0.857143 -1.42857 0.120968
v -0.714286 -1.42857 0.120968
v -0.857143 -1.57143 0.104839
v -1 -1.28571 0.104839
v -1 -1.57143 0.0806452
v -1.28571 -1.42857 0.241935
v -1 -1.42857 0.104839
v -1.14286 -1.57143 0.0685484
v -1.28571 -1.85714 0.104839
v -1.14286 -1.85714 0.0564516
v -1.14286 -1.71429 0.0846774
v -1 -1.85714 0.116935
v -0.857143 -1.85714 0.125
v -1 -1.71429 0.125
v -0.857143 -1.71429 0.137097
v -0.714286 -2.14286 0.0282258
v -0.714286 -2 0.0564516
v -0.857143 -2 0.0806452
v -0.857143 -2.14286 0.0403226
v -1.28571 -2.14286 0.108871
v -1.14286 -2.14286 0.0443548
v -1.28571 -2 0.100806
v -1.28571 -2.42857 0.0766129
v -1.28571 -2.28571 0.108871
v -1.14286 -2.42857 0.0403226
v -1.14286 -2.28571 0.0322581
v -0.714286 -2.42857 0.0282258
v -1 -2.42857 0.0241935
v -0.857143 -2.28571 0.0201613
v -0.571429 -2.28571 0.0443548
v -0.714286 -2.28571 0.0282258
v -0.571429 -2.42857 0.0564516
v -0.571429 -2.14286 0.0322581
v -0.428571 -2.14286 0.0604839
v -0.428571 -2 0.0927419
v -0.571429 -2 0.0564516
v -0.285714 -2.14286 0.0604839
v -0.142857 -2.14286 0.245968
v -0.285714 -2 0.0927419
v -0.142857 -2 0.294355
v -0.142857 -2.28571 0.310484
v -0.285714 -2.28571 0.129032
v -0.428571 -2.42857 0.185484
v -0.142857 -2.42857 0.334677
v -0.285714 -2.57143 0.0927419
v -0.285714 -2.71429 0.0403226
v -0.142857 -2.71429 0.302419
v -0.285714 -2.42857 0.185484
v -0.428571 -2.85714 0.0645161
v -0.571429 -2.71429 0.0403226
v -0.714286 -2.57143 0.0322581
v -0.571429 -2.85714 0.0685484
v -0.571429 -3.14286 0.141129
v -0.571429 -3 0.100806
v -0.428571 -3.14286 0.241935
v -0.285714 -2.85714 0.0645161
v -0.142857 -3 0.540323
v -0.142857 -3.14286 0.596774
v -0.142857 -3.42857 0.657258
v -0.142857 -3.28571 0.641129
v -0.285714 -3.28571 0.362903
v -0.285714 -3.42857 0.467742
v -0.142857 -3.57143 0.717742
v -0.285714 -3.71429 0.612903
v -0.285714 -3.85714 0.637097
v -0.571429 -3.57143 0.395161
v -0.428571 -3.71429 0.612903
v -0.571429 -3.71429 0.403226
v -0.428571 -3.57143 0.528226
v -0.571429 -3.42857 0.383065
v -0.571429 -3.28571 0.258065
v -0.428571 -3.28571 0.362903
v -0.857143 -3.42857 0.141129
v -0.857143 -3.28571 0.129032
v -0.714286 -3.28571 0.169355
v -0.714286 -3.42857 0.201613
v -0.857143 -3.57143 0.133065
v -0.714286 -3.71429 0.266129
v -1 -3.71429 0.0846774
v -1.14286 -3.57143 0.100806
v -1.14286 -3.71429 0.0483871
v -1.28571 -3.71429 0.0282258
v -1 -3.57143 0.100806
v -1.28571 -3.42857 0.0443548
v -1.14286 -3.28571 0.169355
v -1 -3.42857 0.141129
v -1.14286 -2.85714 0.116935
v -1.14286 -3 0.141129
v -1.28571 -3.14286 0.125
v -1.14286 -3.14286 0.145161
v -1 -3.14286 0.112903
v -0.857143 -2.85714 0.0403226
v -0.714286 -3.14286 0.100806
v -0.857143 -2.57143 0.0322581
v -0.714286 -2.71429 0.0443548
v -1 -2.71429 0.0403226
v -1 -2.57143 0.0241935
v -1.14286 -2.71429 0.0685484
v -1.14286 -2.57143 0.0483871
v -1.28571 -2.71429 0.0766129
v -1.28571 -2.57143 0.0887097
v -1.42857 -2.57143 0.0887097
v -1.57143 -2.57143 0.0806452
v -1.57143 -2.71429 0.0887097
v -1.57143 -2.85714 0.0846774
v -1.57143 -3 0.0766129
v -1.42857 -2.85714 0.0927419
v -1.42857 -3.14286 0.125
v -1.71429 -3.14286 0.0282258
v -2 -3.14286 0.100806
v -1.85714 -3.14286 0.0403226
v -1.85714 -3 0.0725806
v -1.85714 -2.85714 0.0483871
v -1.71429 -2.85714 0.0766129
v -1.85714 -2.71429 0.0725806
v -2.14286 -2.71429 0.254032
v -2 -2.57143 0.145161
v -2.14286 -2.57143 0.241935
v -2.28571 -2.57143 0.342742
v -2.28571 -2.71429 0.294355
v -2.57143 -2.57143 0.33871
v -2.42857 -2.57143 0.350806
v -2.42857 -2.85714 0.298387
v -2.57143 -3.14286 0.310484
v -2.42857 -3 0.33871
v -2.42857 -2.71429 0.28629
v -2.28571 -2.85714 0.262097
v -2.14286 -3.14286 0.129032
v -2.28571 -3.14286 0.197581
v -2 -2.85714 0.125
v -2.14286 -3.28571 0.141129
v -2 -3.42857 0.133065
v -2.14286 -3.42857 0.205645
v -2.28571 -3.42857 0.241935
v -2.57143 -3.28571 0.290323
v -2.42857 -3.42857 0.310484
v -2.42857 -3.28571 0.25
v -2.42857 -3.57143 0.350806
v -2.57143 -3.71429 0.391129
v -2.57143 -3.42857 0.310484
v -2.42857 -3.71429 0.366935
v -2.28571 -3.71429 0.25
v -2.14286 -3.71429 0.185484
v -2.28571 -3.57143 0.28629
v -1.85714 -3.71429 0.0604839
v -1.85714 -3.85714 0.0483871
v -2 -3.71429 0.137097
v -2 -3.57143 0.157258
v -1.85714 -3.42857 0.0443548
v -2 -3.28571 0.0967742
v -1.71429 -3.28571 0.0120968
v -1.71429 -3.42857 0.0120968
v -1.42857 -3.28571 0.0766129
v -1.57143 -3.28571 0.0282258
v -1.42857 -3.42857 0.0443548
v -1.57143 -3.57143 0.0120968
v -1.71429 -3.57143 0.0120968
v -1.42857 -3.71429 0.0282258
v -1.71429 -3.71429 0.016129
v -1.71429 -4 0.0403226
v -1.57143 -4 0.0443548
v -1.57143 -3.85714 0.0362903
v -1.71429 -4.14286 0.104839
v -1.42857 -4.28571 0.0645161
v -1.71429 -4.28571 0.104839
v -1.57143 -4.28571 0.0766129
v -1.85714 -4.14286 0.104839
v -2 -4.14286 0.100806
v -1.85714 -4.28571 0.104839
v -2 -4 0.104839
v -1.85714 -4 0.0564516
v -1.71429 -3.85714 0.0322581
v -2 -3.85714 0.104839
v -2.28571 -3.85714 0.233871
v -2.14286 -4 0.217742
v -2.14286 -3.85714 0.217742
v -2.42857 -4 0.205645
v -2.42857 -3.85714 0.290323
v -2.57143 -4.14286 0.25
v -2.57143 -4 0.258065
v -2.42857 -4.28571 0.258065
v -2.42857 -4.42857 0.185484
v -2.57143 -4.28571 0.25
v -2.42857 -4.14286 0.258065
v -2.28571 -4.14286 0.153226
v -2.14286 -4.28571 0.100806
v -2.14286 -4.42857 0.120968
v -2.14286 -4.57143 0.0887097
v -2 -4.57143 0.0806452
v -2 -4.71429 0.125
v -2.14286 -4.71429 0.0967742
v -2.28571 -4.71429 0.104839
v -2.57143 -4.57143 0.145161
v -2.57143 -4.42857 0.165323
v -2.42857 -4.71429 0.129032
v -2.57143 -4.85714 0.141129
v -2.42857 -5 0.145161
v -2.28571 -4.85714 0.116935
v -2.28571 -5 0.145161
v -2 -4.85714 0.177419
v -2.14286 -4.85714 0.137097
v -1.85714 -5 0.153226
v -1.71429 -5 0.0967742
v -1.85714 -4.85714 0.181452
v -1.71429 -4.71429 0.157258
v -1.85714 -4.71429 0.181452
v -1.85714 -4.57143 0.141129
v -1.71429 -4.57143 0.209677
v -1.42857 -4.57143 0.116935
v -1.71429 -4.42857 0.165323
v -1.57143 -4.57143 0.173387
v -1.42857 -4.71429 0.0483871
v -1.28571 -4.71429 0.0483871
v -1.57143 -4.85714 0.0443548
v -1.57143 -4.71429 0.100806
v -1.57143 -5 0.0524194
v -1.14286 -4.71429 0.0282258
v -1.28571 -5 0.016129
v -1.14286 -5 0.0201613
v -1 -4.85714 0.0604839
v -0.857143 -5 0.145161
v -0.857143 -4.85714 0.129032
v -0.714286 -5 0.201613
v -0.714286 -4.71429 0.181452
v -0.714286 -4.57143 0.233871
v -0.857143 -4.71429 0.153226
v -0.857143 -4.42857 0.205645
v -1 -4.42857 0.16129
v -1 -4.57143 0.116935
v -1.14286 -4.57143 0.0766129
v -1.28571 -4.14286 0.0645161
v -1.14286 -4.28571 0.0645161
v -1.14286 -4.42857 0.0927419
v -1.14286 -4.14286 0.0645161
v -1.28571 -4 0.0443548
v -1.14286 -4 0.0685484
v -1.14286 -3.85714 0.0725806
v -0.714286 -4.14286 0.395161
v -1 -4 0.108871
v -0.857143 -3.85714 0.149194
v -0.857143 -4 0.181452
v -1 -4.14286 0.141129
v -0.857143 -4.14286 0.254032
v -0.857143 -4.28571 0.254032
v -0.714286 -4.42857 0.28629
v -0.714286 -4.28571 0.395161
v -0.571429 -4.42857 0.350806
v -0.571429 -4.14286 0.508065
v -0.428571 -4.14286 0.564516
v -0.428571 -4 0.681452
v -0.571429 -4 0.479839
v -0.714286 -3.85714 0.245968
v -0.142857 -4 0.907258
v -0.142857 -3.85714 0.907258
v -0.285714 -4 0.681452
v -0.142857 -4.14286 0.766129
v -0.285714 -4.14286 0.564516
v -0.142857 -4.42857 0.725806
v -0.285714 -4.42857 0.399194
v -0.285714 -4.71429 0.314516
v -0.142857 -4.71429 0.556452
v -0.142857 -4.57143 0.645161
v -0.285714 -4.57143 0.298387
v -0.428571 -4.71429 0.314516
v -0.428571 -4.57143 0.298387
v -0.571429 -4.57143 0.270161
v -0.571429 -4.85714 0.229839
v -0.714286 -4.85714 0.177419
v -0.428571 -4.85714 0.346774
v -0.571429 -4.71429 0.233871
v -0.428571 -5 0.306452
v -0.285714 -5 0.306452
v -0.285714 -4.85714 0.346774
v -0.142857 -4.85714 0.495968
v -0.285714 -5.14286 0.177419
v -0.142857 -5 0.487903
v -0.142857 -5.28571 0.25
v -0.285714 -5.28571 0.177419
v -0.142857 -5.57143 0.104839
v -0.142857 -5.42857 0.209677
v -0.285714 -5.57143 0.0927419
v -0.285714 -5.42857 0.112903
v -0.571429 -5.42857 0.116935
v -0.428571 -5.42857 0.112903
v -0.571429 -5.28571 0.137097
v -0.571429 -5.14286 0.137097
v -0.571429 -5 0.221774
v -0.428571 -5.14286 0.177419
v -0.714286 -5.14286 0.149194
v -0.714286 -5.28571 0.149194
v -0.857143 -5.14286 0.104839
v -0.857143 -5.28571 0.104839
v -1 -5.14286 0.0604839
v -1.14286 -5.28571 0.0524194
v -1 -5 0.0564516
v -1.14286 -5.42857 0.0645161
v -1.14286 -5.57143 0.104839
v -1 -5.42857 0.0685484
v -0.857143 -5.42857 0.100806
v -0.714286 -5.42857 0.141129
v -0.714286 -5.57143 0.120968
v -0.571429 -5.57143 0.100806
v -0.857143 -5.85714 0.181452
v -0.857143 -5.57143 0.116935
v -0.857143 -5.71429 0.153226
v -0.857143 -6 0.185484
v -1 -5.57143 0.120968
v -1 -5.85714 0.177419
v -1 -6 0.201613
v -1.14286 -6 0.181452
v -1.14286 -6.28571 0.201613
v -1 -6.14286 0.229839
v -1 -6.28571 0.205645
v -0.857143 -6.14286 0.173387
v -0.857143 -6.28571 0.157258
v -0.714286 -6 0.153226
v -0.714286 -6.14286 0.145161
v -0.571429 -6.28571 0.0483871
v -0.571429 -6 0.108871
v -0.428571 -6 0.0645161
v -0.428571 -5.71429 0.0967742
v -0.571429 -5.71429 0.116935
v -0.714286 -5.71429 0.133065
v -0.285714 -5.85714 0.0927419
v -0.142857 -5.85714 0.0403226
v -0.285714 -5.71429 0.0967742
v -0.285714 -6 0.0645161
v -0.142857 -6 0.0120968
v -0.142857 -6.14286 0.00403226
v -0.285714 -6.28571 0.016129
v -0.428571 -6.14286 0.0403226
v -0.285714 -6.42857 0.016129
v -0.142857 -6.57143 0
v -0.142857 -6.42857 0
v -0.285714 -6.57143 0.016129
v -0.428571 -6.57143 0.016129
v -0.571429 -6.42857 0.0443548
v -0.428571 -6.28571 0.016129
v -0.428571 -6.85714 0.354839
v -0.571429 -6.85714 0.471774
v -0.571429 -6.57143 0.0443548
v -0.428571 -6.71429 0.0483871
v -0.285714 -6.71429 0.0483871
v -0.285714 -6.85714 0.354839
v -0.142857 -6.85714 0.245968
v -0.285714 -7.14286 0.471774
v -0.285714 -7 0.354839
v -0.142857 -7 0.245968
v -0.285714 -7.28571 0.5
v -0.142857 -7.28571 0.479839
v -0.142857 -7.42857 0.532258
v -0.285714 -7.42857 0.451613
v -0.571429 -7.28571 0.528226
v -0.428571 -7.42857 0.451613
v -0.571429 -7.42857 0.395161
v -0.428571 -7.28571 0.5
v -0.428571 -7.14286 0.471774
v -0.428571 -7 0.354839
v -0.571429 -7 0.471774
v -0.714286 -7.14286 0.58871
v -0.857143 -7 0.443548
v -0.857143 -7.14286 0.491935
v -0.714286 -7.28571 0.544355
v -0.857143 -7.42857 0.46371
v -0.714286 -7.42857 0.435484
v -0.857143 -7.28571 0.508065
v -1.14286 -7.42857 0.459677
v -1 -7.57143 0.471774
v -1 -7.42857 0.487903
v -1 -7.28571 0.508065
v -1.14286 -7.14286 0.552419
v -1.14286 -7 0.544355
v -1 -7 0.483871
v -1.14286 -6.57143 0.181452
v -1.14286 -6.71429 0.298387
v -1.14286 -6.85714 0.544355
v -0.857143 -6.71429 0.217742
v -0.857143 -6.85714 0.443548
v -0.714286 -7 0.5
v -0.714286 -6.85714 0.5
v -0.857143 -6.42857 0.157258
v -0.714286 -6.57143 0.0927419
v -0.714286 -6.42857 0.0927419
v -0.714286 -6.28571 0.100806
v -0.857143 -6.57143 0.157258
v -1 -6.42857 0.165323
v -1.28571 -6.42857 0.33871
v -1.14286 -6.42857 0.181452
v -1.42857 -6.57143 0.33871
v -1.28571 -6.57143 0.33871
v -1.28571 -6.71429 0.366935
v -1.57143 -6.57143 0.415323
v -1.57143 -6.42857 0.415323
v -1.71429 -6.71429 0.491935
v -1.71429 -6.42857 0.524194
v -1.71429 -6.85714 0.346774
v -1.85714 -6.71429 0.524194
v -1.57143 -6.71429 0.387097
v -1.57143 -6.85714 0.354839
v -1.42857 -7 0.375
v -1.42857 -6.85714 0.375
v -1.28571 -6.85714 0.375
v -1.42857 -7.14286 0.403226
v -1.28571 -7 0.375
v -1.57143 -7.14286 0.354839
v -1.28571 -7.14286 0.403226
v -1.57143 -7.28571 0.391129
v -1.42857 -7.42857 0.455645
v -1.28571 -7.42857 0.455645
v -1.71429 -7.42857 0.423387
v -1.85714 -7.57143 0.512097
v -1.85714 -7.42857 0.427419
v -1.57143 -7.42857 0.435484
v -1.71429 -7.28571 0.366935
v -1.71429 -7 0.346774
v -1.85714 -7 0.407258
v -2 -7 0.427419
v -2.14286 -6.85714 0.435484
v -2.14286 -7 0.435484
v -2.14286 -7.14286 0.459677
v -2 -7.28571 0.443548
v -2 -7.42857 0.528226
v -1.85714 -7.28571 0.370968
v -2.42857 -7.42857 0.625
v -2.14286 -7.42857 0.596774
v -2.28571 -7.42857 0.705645
v -2.42857 -7.28571 0.568548
v -2.42857 -7.14286 0.487903
v -2.28571 -7 0.439516
v -2.28571 -7.28571 0.58871
v -2.42857 -6.71429 0.512097
v -2.42857 -6.85714 0.391129
v -2.57143 -6.71429 0.53629
v -2.28571 -6.71429 0.5
v -2.28571 -6.85714 0.439516
v -2 -6.71429 0.516129
v -2 -6.85714 0.427419
v -2.14286 -6.57143 0.520161
v -1.85714 -6.57143 0.568548
v -2.14286 -6.71429 0.487903
v -2 -6.57143 0.560484
v -2.28571 -6.57143 0.524194
v -2.42857 -6.57143 0.556452
v -2.57143 -6.57143 0.604839
v -2.42857 -6.42857 0.556452
v -2.42857 -6.28571 0.604839
v -2.28571 -6.42857 0.524194
v -2.28571 -6.28571 0.528226
v -2.28571 -6.14286 0.524194
v -2.42857 -6 0.592742
v -2.28571 -6 0.504032
v -2.42857 -5.85714 0.53629
v -2.14286 -5.85714 0.439516
v -2 -5.85714 0.415323
v -1.85714 -5.71429 0.294355
v -2.14286 -6 0.475806
v -2.14286 -6.14286 0.491935
v -2 -6.28571 0.495968
v -2 -6.42857 0.560484
v -1.71429 -6.28571 0.455645
v -1.85714 -6.42857 0.568548
v -1.85714 -6.28571 0.491935
v -1.57143 -6.28571 0.399194
v -1.42857 -6.42857 0.33871
v -1.42857 -6.14286 0.241935
v -1.28571 -6.14286 0.241935
v -1.42857 -5.71429 0.201613
v -1.28571 -5.85714 0.193548
v -1.42857 -5.85714 0.193548
v -1.28571 -6 0.201613
v -1.42857 -6 0.201613
v -1.57143 -6.14286 0.266129
v -1.71429 -6 0.302419
v -1.85714 -6 0.391129
v -1.85714 -5.42857 0.189516
v -1.85714 -5.57143 0.245968
v -1.71429 -5.71429 0.306452
v -1.57143 -5.42857 0.165323
v -1.28571 -5.71429 0.201613
v -1.28571 -5.57143 0.149194
v -1.28571 -5.42857 0.0967742
v -1.42857 -5.28571 0.0483871
v -1.42857 -5.42857 0.0967742
v -1.28571 -5.14286 0.0483871
v -1.57143 -5.14286 0.100806
v -1.71429 -5.14286 0.153226
v -1.71429 -5.42857 0.217742
v -1.71429 -5.28571 0.153226
v -2.14286 -5.14286 0.201613
v -2.14286 -5 0.165323
v -1.85714 -5.14286 0.181452
v -2.14286 -5.42857 0.241935
v -2.14286 -5.57143 0.278226
v -2 -5.71429 0.322581
v -2.28571 -5.71429 0.41129
v -2.28571 -5.57143 0.322581
v -2.42857 -5.57143 0.427419
v -2.42857 -5.71429 0.487903
v -2.42857 -5.42857 0.350806
v -2.42857 -5.28571 0.306452
v -2.57143 -5.14286 0.423387
v -2.42857 -5.14286 0.306452
v -2.28571 -5.14286 0.205645
v -2.71429 -5.14286 0.459677
v -2.71429 -5.42857 0.548387
v -2.85714 -5.14286 0.479839
v -2.85714 -5.28571 0.479839
v -3 -5.14286 0.370968
v -3 -5.28571 0.370968
v -3.14286 -5.42857 0.528226
v -3.14286 -5.57143 0.600806
v -3.28571 -5.71429 0.717742
v -3.14286 -5.71429 0.673387
v -3 -5.71429 0.673387
v -2.85714 -5.71429 0.669355
v -2.71429 -5.57143 0.580645
v -2.57143 -5.57143 0.516129
v -2.71429 -5.85714 0.697581
v -2.57143 -5.71429 0.556452
v -2.71429 -5.71429 0.625
v -2.57143 -5.85714 0.608871
v -2.57143 -6 0.689516
v -2.57143 -6.14286 0.71371
v -2.71429 -6.14286 0.802419
v -2.85714 -6.14286 0.858871
v -3.14286 -6.28571 0.826613
v -3 -6.14286 0.858871
v -3 -6 0.78629
v -2.85714 -6 0.810484
v -3.14286 -5.85714 0.733871
v -2.85714 -5.85714 0.725806
v -3.28571 -5.85714 0.737903
v -3.42857 -5.85714 0.741935
v -3.42857 -6 0.673387
v -3.57143 -6.14286 0.524194
v -3.28571 -6.14286 0.762097
v -3.42857 -6.14286 0.665323
v -3.42857 -6.28571 0.576613
v -3.57143 -6 0.608871
v -3.85714 -6 0.427419
v -3.71429 -6 0.475806
v -3.71429 -5.85714 0.467742
v -3.57143 -5.85714 0.673387
v -3.57143 -5.71429 0.592742
v -3.85714 -5.71429 0.483871
v -3.71429 -5.42857 0.528226
v -3.85714 -5.57143 0.544355
v -3.71429 -5.57143 0.504032
v -3.57143 -5.57143 0.443548
v -3.57143 -5.42857 0.439516
v -3.42857 -5.42857 0.415323
v -3.28571 -5.42857 0.459677
v -3.57143 -5.28571 0.459677
v -3.57143 -5.14286 0.459677
v -3.28571 -5.14286 0.41129
v -3.42857 -5.14286 0.326613
v -3.85714 -5.42857 0.612903
v -3.85714 -5.14286 0.552419
v -4 -5.28571 0.548387
v -3.85714 -5.28571 0.552419
v -4.14286 -5.14286 0.451613
v -4 -5 0.580645
v -4 -5.14286 0.548387
v -4.14286 -5.28571 0.451613
v -4.14286 -5.42857 0.556452
v -4 -5.57143 0.572581
v -4 -5.42857 0.629032
v -4.42857 -5.28571 0.479839
v -4.28571 -5.42857 0.556452
v -4.42857 -5.42857 0.568548
v -4.28571 -5.28571 0.451613
v -4.28571 -5.14286 0.451613
v -4.42857 -5.14286 0.479839
v -4.42857 -5 0.419355
v -4.71429 -5.14286 0.540323
v -4.57143 -5.28571 0.544355
v -4.71429 -5.28571 0.540323
v -4.85714 -5.28571 0.451613
v -5 -5.14286 0.342742
v -5 -5.28571 0.342742
v -5.14286 -5.28571 0.145161
v -4.85714 -5.42857 0.53629
v -4.85714 -5.57143 0.576613
v -5 -5.42857 0.403226
v -5 -5.57143 0.447581
v -4.71429 -5.42857 0.616935
v -4.71429 -5.57143 0.633065
v -4.57143 -5.57143 0.633065
v -4.57143 -5.42857 0.625
v -4.71429 -5.85714 0.58871
v -4.57143 -5.85714 0.596774
v -4.71429 -6 0.516129
v -4.71429 -5.71429 0.608871
v -4.85714 -5.71429 0.572581
v -5 -5.85714 0.471774
v -5 -6 0.423387
v -4.85714 -6.28571 0.358871
v -5 -6.14286 0.354839
v -4.85714 -6.14286 0.415323
v -4.85714 -6 0.495968
v -4.71429 -6.14286 0.439516
v -4.57143 -6.14286 0.431452
v -4.42857 -6.14286 0.447581
v -4.42857 -6.28571 0.415323
v -4.28571 -6.28571 0.46371
v -4.42857 -6 0.544355
v -4.28571 -5.85714 0.604839
v -4.42857 -5.85714 0.576613
v -4.28571 -5.71429 0.556452
v -4.42857 -5.57143 0.612903
v -4.14286 -5.71429 0.556452
v -4.28571 -5.57143 0.616935
v -4.14286 -5.57143 0.616935
v -4 -5.71429 0.544355
v -4 -6 0.520161
v -4.14286 -6 0.596774
v -4.28571 -6.14286 0.520161
v -4 -6.28571 0.358871
v -4.14286 -6.42857 0.342742
v -3.85714 -6.28571 0.314516
v -3.85714 -6.42857 0.350806
v -3.71429 -6.71429 0.298387
v -4 -6.71429 0.362903
v -3.85714 -6.71429 0.391129
v -3.85714 -6.85714 0.270161
v -4.28571 -6.71429 0.254032
v -4.14286 -6.85714 0.189516
v -4.14286 -6.71429 0.254032
v -4.28571 -6.57143 0.342742
v -4.42857 -6.42857 0.358871
v -4.28571 -6.42857 0.342742
v -4.14286 -6.28571 0.46371
v -4.71429 -6.42857 0.375
v -4.57143 -6.42857 0.391129
v -4.71429 -6.28571 0.383065
v -4.85714 -6.42857 0.310484
v -5.14286 -6.28571 0.108871
v -5 -6.42857 0.217742
v -5 -6.28571 0.282258
v -4.85714 -6.71429 0.330645
v -5.14286 -6.71429 0.0806452
v -4.85714 -6.85714 0.294355
v -4.71429 -6.71429 0.419355
v -4.71429 -6.57143 0.375
v -4.42857 -6.57143 0.358871
v -4.57143 -6.57143 0.391129
v -4.57143 -7 0.258065
v -4.57143 -7.14286 0.310484
v -4.57143 -6.85714 0.258065
v -4.71429 -6.85714 0.282258
v -5 -7 0.274194
v -4.85714 -7 0.294355
v -4.85714 -7.14286 0.233871
v -4.85714 -7.28571 0.201613
v -5.14286 -7.42857 0.193548
v -5 -7.42857 0.209677
v -4.71429 -7.42857 0.294355
v -4.71429 -7.14286 0.241935
v -4.57143 -7.28571 0.334677
v -4.42857 -7.28571 0.370968
v -4.42857 -7.42857 0.495968
v -4.28571 -7.42857 0.552419
v -4.28571 -7.28571 0.41129
v -4.42857 -7.14286 0.330645
v -4.42857 -7 0.233871
v -4.28571 -6.85714 0.189516
v -4.28571 -7 0.189516
v -4.14286 -7.14286 0.298387
v -4 -7.14286 0.157258
v -4 -6.85714 0.16129
v -4.28571 -7.14286 0.298387
v -3.85714 -7.28571 0.0887097
v -4 -7.28571 0.225806
v -3.85714 -7.42857 0.120968
v -4.14286 -7.42857 0.552419
v -3.42857 -7.28571 0.245968
v -3.71429 -7.28571 0.0887097
v -3.57143 -7.28571 0.100806
v -3.42857 -7.42857 0.149194
v -3.28571 -7.42857 0.185484
v -3.28571 -7.28571 0.358871
v -3.14286 -7.42857 0.173387
v -3.28571 -7 0.41129
v -3.14286 -6.85714 0.560484
v -3.28571 -7.14286 0.459677
v -3.42857 -6.85714 0.270161
v -3.42857 -7 0.270161
v -3.57143 -7 0.21371
v -3.71429 -7.14286 0.116935
v -3.71429 -6.57143 0.306452
v -3.57143 -6.85714 0.21371
v -3.57143 -6.57143 0.346774
v -3.57143 -6.42857 0.346774
v -3.71429 -6.42857 0.306452
v -3.71429 -6.28571 0.294355
v -3.57143 -6.28571 0.427419
v -3.42857 -6.42857 0.491935
v -3.28571 -6.28571 0.721774
v -3.14286 -6.42857 0.584677
v -3.28571 -6.42857 0.576613
v -3.28571 -6.57143 0.576613
v -3.14286 -6.57143 0.584677
v -3.14286 -6.71429 0.552419
v -3.42857 -6.71429 0.391129
v -3 -6.57143 0.641129
v -2.85714 -6.85714 0.46371
v -2.85714 -6.71429 0.596774
v -2.85714 -6.42857 0.693548
v -3 -6.42857 0.641129
v -2.85714 -6.28571 0.834677
v -3 -6.28571 0.875
v -2.57143 -6.28571 0.701613
v -2.71429 -6.28571 0.782258
v -2.71429 -6.42857 0.653226
v -2.57143 -6.42857 0.604839
v -2.57143 -6.85714 0.387097
v -2.71429 -6.57143 0.653226
v -2.85714 -6.57143 0.693548
v -2.71429 -6.85714 0.419355
v -2.57143 -7.14286 0.419355
v -2.71429 -7 0.419355
v -2.85714 -7.14286 0.41129
v -2.85714 -7 0.46371
v -3 -7 0.552419
v -3.14286 -7 0.560484
v -3 -7.42857 0.205645
v -3 -7.28571 0.326613
v -3 -7.14286 0.419355
v -2.85714 -7.28571 0.330645
v -2.85714 -7.42857 0.266129
v -2.57143 -7.42857 0.479839
v -2.71429 -7.14286 0.41129
v -2.57143 -7.28571 0.451613
v -2.85714 -7.85714 0.0846774
v -2.71429 -7.71429 0.342742
v -2.71429 -7.57143 0.366935
v -3 -7.85714 0.0685484
v -3 -7.57143 0.141129
v -3.14286 -7.57143 0.0846774
v -3.28571 -7.71429 0.116935
v -3.14286 -8.14286 0.0282258
v -3.28571 -8.14286 0.0524194
v -3.14286 -8 0.0443548
v -3.14286 -8.28571 0.0887097
v -2.85714 -8 0.0846774
v -3 -8.14286 0.0322581
v -2.71429 -8 0.16129
v -2.85714 -8.42857 0.0766129
v -2.85714 -8.28571 0.0725806
v -2.71429 -8.28571 0.0766129
v -3 -8.42857 0.108871
v -2.85714 -8.57143 0.0766129
v -3 -8.57143 0.108871
v -2.71429 -8.71429 0.0645161
v -3.14286 -8.57143 0.0846774
v -3 -8.71429 0.0927419
v -3.28571 -8.57143 0.0887097
v -3.14286 -8.42857 0.0846774
v -3.28571 -8.42857 0.0887097
v -3.28571 -8.28571 0.100806
v -3 -8.28571 0.0887097
v -3.57143 -8.28571 0.21371
v -3.42857 -8.14286 0.112903
v -3.42857 -8.28571 0.169355
v -3.42857 -8.42857 0.141129
v -3.42857 -8.57143 0.141129
v -3.42857 -8.71429 0.100806
v -3.57143 -8.57143 0.21371
v -3.71429 -8.57143 0.278226
v -3.71429 -8.71429 0.266129
v -3.85714 -8.57143 0.391129
v -3.85714 -8.42857 0.391129
v -3.71429 -8.42857 0.278226
v -3.85714 -8.28571 0.459677
v -3.71429 -8.28571 0.278226
v -3.85714 -8.14286 0.403226
v -3.85714 -8 0.407258
v -3.71429 -8 0.266129
v -3.57143 -8.14286 0.169355
v -3.57143 -8 0.209677
v -3.42857 -8 0.133065
v -3.28571 -7.85714 0.0685484
v -3.57143 -7.71429 0.157258
v -3.42857 -7.85714 0.133065
v -3.57143 -7.57143 0.145161
v -3.71429 -7.71429 0.217742
v -3.71429 -7.85714 0.266129
v -3.71429 -7.57143 0.157258
v -3.85714 -7.71429 0.370968
v -3.85714 -7.85714 0.407258
v -4 -7.71429 0.641129
v -4 -7.57143 0.483871
v -4.14286 -7.71429 0.822581
v -4 -7.85714 0.5
v -4.14286 -7.85714 0.697581
v -4 -8 0.5
v -4 -8.14286 0.528226
v -4.28571 -7.85714 0.697581
v -4.42857 -8 0.762097
v -4.42857 -7.71429 0.762097
v -4.57143 -7.71429 0.637097
v -4.42857 -7.57143 0.665323
v -4.14286 -7.57143 0.689516
v -4.28571 -7.71429 0.822581
v -4.71429 -7.71429 0.483871
v -4.57143 -7.57143 0.568548
v -4.71429 -7.57143 0.375
v -4.85714 -7.85714 0.540323
v -5 -7.57143 0.189516
v -4.85714 -7.71429 0.334677
v -4.85714 -7.57143 0.229839
v -5 -8 0.443548
v -5 -7.85714 0.443548
v -4.85714 -8 0.540323
v -4.71429 -8.14286 0.673387
v -4.71429 -8 0.608871
v -4.71429 -7.85714 0.608871
v -4.57143 -7.85714 0.685484
v -4.57143 -8.14286 0.693548
v -4.71429 -8.28571 0.745968
v -4.57143 -8.28571 0.737903
v -4.85714 -8.42857 0.669355
v -4.85714 -8.28571 0.697581
v -4.85714 -8.14286 0.657258
v -5 -8.14286 0.625
v -5 -8.28571 0.677419
v -4.85714 -8.71429 0.669355
v -5.14286 -8.71429 0.741935
v -4.85714 -8.57143 0.669355
v -4.71429 -8.42857 0.685484
v -4.57143 -8.57143 0.693548
v -4.57143 -8.42857 0.693548
v -4.57143 -8.71429 0.600806
v -4.42857 -8.57143 0.673387
v -4.42857 -8.71429 0.580645
v -4.42857 -8.42857 0.673387
v -4.28571 -8.42857 0.701613
v -4.42857 -8.14286 0.685484
v -4.42857 -8.28571 0.677419
v -4.28571 -8.28571 0.681452
v -4 -8.42857 0.552419
v -4.14286 -8.14286 0.685484
v -4.14286 -8.42857 0.701613
v -4 -8.57143 0.552419
v -4.28571 -8.71429 0.641129
v -3.85714 -8.71429 0.379032
v -4 -8.71429 0.5
v -4.14286 -8.71429 0.641129
v -4.28571 -9 0.342742
v -4 -8.85714 0.443548
v -4.28571 -9.14286 0.28629
v -4 -9.28571 0.262097
v -4.28571 -9.28571 0.221774
v -4.14286 -9.28571 0.221774
v -4.28571 -9.42857 0.274194
v -4.57143 -9.28571 0.407258
v -4.42857 -9.42857 0.302419
v -4.42857 -9.28571 0.270161
v -4.42857 -9.14286 0.28629
v -4.42857 -9 0.362903
v -4.57143 -9 0.475806
v -4.42857 -8.85714 0.362903
v -4.71429 -8.85714 0.532258
v -4.71429 -9 0.532258
v -4.57143 -8.85714 0.475806
v -4.71429 -8.71429 0.677419
v -4.85714 -9 0.528226
v -4.85714 -8.85714 0.528226
v -5 -8.85714 0.532258
v -5 -9.28571 0.616935
v -5 -9.14286 0.528226
v -5.14286 -9.28571 0.782258
v -5 -9 0.532258
v -4.85714 -9.14286 0.524194
v -4.57143 -9.14286 0.403226
v -4.71429 -9.28571 0.568548
v -4.71429 -9.57143 0.524194
v -4.71429 -9.71429 0.479839
v -4.71429 -9.42857 0.524194
v -4.85714 -9.42857 0.572581
v -4.85714 -9.57143 0.572581
v -5 -9.57143 0.633065
v -5 -9.42857 0.633065
v -5 -9.85714 0.53629
v -5.14286 -9.71429 0.814516
v -5 -9.71429 0.645161
v -4.85714 -9.85714 0.483871
v -4.85714 -9.71429 0.552419
v -4.71429 -9.85714 0.512097
v -4.57143 -9.85714 0.491935
v -4.57143 -9.71429 0.479839
v -4.42857 -9.71429 0.41129
v -4.28571 -9.85714 0.407258
v -4.28571 -9.57143 0.274194
v -4.57143 -9.57143 0.451613
v -4.57143 -9.42857 0.451613
v -4.42857 -9.57143 0.302419
v -4.14286 -9.71429 0.294355
v -4 -9.57143 0.274194
v -4 -9.42857 0.274194
v -4.14286 -9.42857 0.274194
v -4.28571 -9.71429 0.294355
v -4 -9.85714 0.370968
v -4.28571 -10 0.407258
v -4.14286 -10 0.407258
v -3.71429 -10 0.334677
v -3.85714 -9.85714 0.415323
v -3.57143 -9.85714 0.318548
v -3.57143 -10 0.318548
v -3.42857 -10 0.278226
v -3.42857 -9.85714 0.278226
v -3.28571 -9.85714 0.197581
v -3.42857 -9.57143 0.0967742
v -3.42857 -9.71429 0.141129
v -3.57143 -9.57143 0.125
v -3.71429 -9.42857 0.209677
v -3.71429 -9.71429 0.233871
v -3.85714 -9.57143 0.258065
v -4 -9.71429 0.28629
v -3.85714 -9.14286 0.322581
v -4 -9.14286 0.362903
v -3.85714 -9.28571 0.290323
v -3.85714 -9 0.41129
v -3.71429 -9 0.245968
v -3.71429 -8.85714 0.245968
v -4 -9 0.443548
v -3.57143 -8.85714 0.112903
v -3.28571 -8.71429 0.0846774
v -3.42857 -9 0.104839
v -3.42857 -9.14286 0.133065
v -3.57143 -9.28571 0.125
v -3.28571 -9.42857 0.104839
v -3.57143 -9.42857 0.125
v -3.42857 -9.42857 0.0967742
v -3 -9.28571 0.0725806
v -3.28571 -9.28571 0.189516
v -3.14286 -9.42857 0.104839
v -3.14286 -9.28571 0.137097
v -3 -9 0.0887097
v -3 -8.85714 0.0887097
v -3.28571 -8.85714 0.145161
v -2.71429 -8.85714 0.0685484
v -2.85714 -8.85714 0.0443548
v -2.85714 -9 0.0443548
v -2.71429 -9.14286 0.145161
v -2.71429 -9.42857 0.0685484
v -2.85714 -9.14286 0.0846774
v -2.85714 -9.28571 0.0806452
v -2.85714 -9.42857 0.0645161
v -2.71429 -9.57143 0.0685484
v -2.71429 -9.71429 0.141129
v -2.85714 -9.57143 0.0645161
v -3 -9.57143 0.0604839
v -3.14286 -9.57143 0.104839
v -3.28571 -9.57143 0.104839
v -3.14286 -9.71429 0.100806
v -3.28571 -9.71429 0.0927419
v -3.14286 -9.85714 0.185484
v -3.14286 -10 0.185484
v -3 -10 0.21371
v -2.85714 -9.85714 0.205645
v -2.85714 -10 0.205645
v -2.71429 -9.85714 0.16129
v -2.42857 -10 0.145161
v -2.57143 -10 0.133065
v -2.57143 -9.85714 0.133065
v -2.42857 -9.85714 0.145161
v -2.57143 -9.71429 0.169355
v -2.57143 -9.57143 0.165323
v -2.57143 -9.42857 0.165323
v -2.28571 -9.57143 0.258065
v -2.14286 -9.57143 0.197581
v -2.28571 -9.42857 0.258065
v -2.28571 -9.71429 0.225806
v -2 -9.85714 0.157258
v -1.85714 -10 0.177419
v -1.85714 -9.85714 0.177419
v -1.71429 -10 0.197581
v -1.57143 -10 0.225806
v -1.57143 -9.85714 0.225806
v -1.57143 -9.42857 0.141129
v -1.42857 -9.71429 0.157258
v -1.71429 -9.71429 0.16129
v -1.85714 -9.71429 0.145161
v -1.85714 -9.57143 0.104839
v -2 -9.57143 0.133065
v -2.14286 -9.71429 0.205645
v -1.71429 -9.28571 0.0887097
v -2 -9.42857 0.133065
v -1.71429 -9.14286 0.0685484
v -1.71429 -9.42857 0.120968
v -1.57143 -9.28571 0.116935
v -1.42857 -9.14286 0.141129
v -1.42857 -9.42857 0.145161
v -1.57143 -8.71429 0.181452
v -1.57143 -9.14286 0.112903
v -1.42857 -9 0.193548
v -1.57143 -9 0.116935
v -1.71429 -8.85714 0.0604839
v -1.85714 -9.14286 0.0524194
v -2 -8.85714 0.0483871
v -2.14286 -9.14286 0.0967742
v -2 -8.71429 0.0846774
v -2.28571 -9 0.112903
v -2 -9.14286 0.0524194
v -2.28571 -9.28571 0.270161
v -2.14286 -9.28571 0.141129
v -2.14286 -9.42857 0.197581
v -2.28571 -9.14286 0.153226
v -2.42857 -9.42857 0.266129
v -2.57143 -9.28571 0.177419
v -2.42857 -9.14286 0.209677
v -2.42857 -9 0.141129
v -2.57143 -8.85714 0.112903
v -2.28571 -8.85714 0.112903
v -2.42857 -8.85714 0.141129
v -2.57143 -8.71429 0.0725806
v -2.71429 -8.57143 0.0725806
v -2.42857 -8.71429 0.0766129
v -2.42857 -8.42857 0.0967742
v -2.28571 -8.57143 0.0927419
v -2.14286 -8.42857 0.116935
v -2.28571 -8.71429 0.0725806
v -2.28571 -8.42857 0.0927419
v -2.14286 -8.28571 0.181452
v -2.28571 -8.28571 0.129032
v -2.42857 -8.28571 0.0967742
v -2.57143 -8.28571 0.0927419
v -2.71429 -8.42857 0.0725806
v -2.57143 -8.42857 0.0967742
v -2.42857 -7.85714 0.294355
v -2.57143 -8.14286 0.120968
v -2.42857 -8.14286 0.169355
v -2.57143 -7.71429 0.487903
v -2.42857 -7.71429 0.556452
v -2.42857 -7.57143 0.625
v -2.57143 -7.57143 0.516129
v -2.28571 -7.71429 0.637097
v -2.14286 -7.57143 0.592742
v -2.28571 -7.57143 0.681452
v -2.14286 -7.85714 0.370968
v -2.28571 -7.85714 0.350806
v -2.42857 -8 0.294355
v -2.28571 -8.14286 0.229839
v -2.14286 -8 0.370968
v -2.14286 -8.14286 0.262097
v -1.85714 -8.14286 0.334677
v -1.85714 -8 0.346774
v -2 -7.85714 0.326613
v -1.85714 -7.71429 0.423387
v -2 -7.57143 0.552419
v -2 -7.71429 0.483871
v -1.71429 -7.57143 0.467742
v -1.42857 -7.57143 0.451613
v -1.57143 -7.57143 0.443548
v -1.71429 -7.71429 0.399194
v -1.42857 -7.85714 0.46371
v -1.71429 -7.85714 0.358871
v -1.71429 -8 0.358871
v -1.57143 -8.14286 0.435484
v -1.57143 -8.28571 0.25
v -1.71429 -8.42857 0.266129
v -1.71429 -8.28571 0.302419
v -1.85714 -8.42857 0.193548
v -1.85714 -8.28571 0.241935
v -2 -8.42857 0.125
v -1.85714 -8.57143 0.193548
v -2 -8.57143 0.125
v -2.14286 -8.57143 0.116935
v -1.85714 -8.71429 0.129032
v -1.71429 -8.57143 0.266129
v -1.71429 -8.71429 0.177419
v -1.42857 -8.42857 0.310484
v -1.57143 -8.42857 0.225806
v -1.14286 -8.42857 0.560484
v -1.42857 -8.28571 0.383065
v -1 -8.42857 0.66129
v -1 -8.71429 0.604839
v -0.857143 -8.71429 0.689516
v -0.857143 -8.57143 0.673387
v -0.857143 -8.42857 0.673387
v -0.714286 -8.28571 0.758065
v -0.714286 -8.14286 0.641129
v -0.857143 -8.14286 0.625
v -1 -8.28571 0.665323
v -1.14286 -8.28571 0.53629
v -1.42857 -8.14286 0.5
v -1.28571 -8.28571 0.383065
v -1.28571 -7.85714 0.46371
v -1.28571 -8 0.46371
v -1.14286 -7.71429 0.41129
v -1.28571 -7.71429 0.370968
v -1.42857 -7.71429 0.370968
v -1.14286 -7.57143 0.475806
v -1.28571 -7.57143 0.451613
v -0.857143 -7.71429 0.435484
v -1 -7.71429 0.459677
v -1.14286 -7.85714 0.528226
v -0.857143 -7.85714 0.508065
v -0.857143 -8 0.508065
v -1 -8.14286 0.596774
v -1.14286 -8 0.528226
v -0.714286 -7.85714 0.576613
v -0.714286 -8 0.576613
v -0.428571 -7.85714 0.508065
v -0.571429 -7.85714 0.600806
v -0.428571 -7.71429 0.370968
v -0.571429 -7.57143 0.366935
v -0.714286 -7.57143 0.399194
v -0.285714 -7.57143 0.362903
v -0.142857 -7.57143 0.552419
v -0.428571 -7.57143 0.362903
v -0.285714 -7.85714 0.508065
v -0.142857 -7.85714 0.475806
v -0.142857 -8 0.475806
v -0.285714 -8 0.508065
v -0.285714 -8.14286 0.532258
v -0.142857 -8.14286 0.451613
v -0.285714 -8.28571 0.616935
v -0.428571 -8.14286 0.532258
v -0.428571 -8 0.508065
v -0.571429 -8 0.600806
v -0.571429 -8.14286 0.629032
v -0.571429 -8.57143 0.758065
v -0.714286 -8.42857 0.733871
v -0.571429 -8.28571 0.725806
v -0.571429 -8.42857 0.758065
v -0.428571 -8.57143 0.673387
v -0.285714 -8.57143 0.673387
v -0.142857 -8.57143 0.681452
v -0.142857 -8.71429 0.774194
v -0.142857 -9 0.596774
v -0.285714 -8.85714 0.58871
v -0.285714 -9 0.58871
v -0.142857 -9.14286 0.564516
v -0.285714 -9.28571 0.209677
v -0.142857 -9.28571 0.528226
v -0.428571 -9.42857 0.116935
v -0.428571 -9.14286 0.415323
v -0.714286 -9.14286 0.294355
v -0.714286 -9.28571 0.173387
v -0.428571 -9 0.58871
v -0.428571 -8.85714 0.58871
v -0.714286 -8.71429 0.725806
v -0.571429 -8.71429 0.701613
v -0.857143 -8.85714 0.431452
v -0.714286 -8.85714 0.443548
v -1 -8.85714 0.415323
v -1.14286 -8.85714 0.419355
v -1.28571 -8.85714 0.193548
v -1.14286 -8.71429 0.423387
v -1.28571 -8.71429 0.25
v -1 -9.14286 0.33871
v -1.14286 -9 0.419355
v -1.14286 -9.42857 0.120968
v -1.28571 -9.14286 0.141129
v -1 -9.28571 0.116935
v -0.857143 -9 0.431452
v -0.857143 -9.28571 0.169355
v -0.714286 -9 0.443548
v -1 -9.57143 0.0846774
v -0.857143 -9.57143 0.108871
v -1.14286 -9.71429 0.16129
v -1.14286 -9.57143 0.120968
v -1.28571 -9.42857 0.145161
v -1.28571 -9.57143 0.145161
v -1.42857 -9.57143 0.145161
v -1 -9.85714 0.149194
v -1 -10 0.149194
v -1.42857 -10 0.262097
v -1 -9.71429 0.0927419
v -0.857143 -9.85714 0.0685484
v -0.857143 -9.71429 0.0604839
v -0.857143 -10 0.0685484
v -0.714286 -10 0.0524194
v -0.571429 -10 0.0725806
v -0.428571 -9.85714 0.129032
v -0.714286 -9.85714 0.0524194
v -0.714286 -9.42857 0.0564516
v -0.714286 -9.57143 0.0564516
v -0.857143 -9.42857 0.108871
v -0.285714 -9.42857 0.116935
v -0.142857 -9.42857 0.439516
v -0.285714 -9.71429 0.141129
v -0.142857 -9.57143 0.439516
v -0.142857 -9.71429 0.33871
v -0.285714 -9.85714 0.129032
v -0.428571 -10 0.129032
v -0.285714 -10 0.129032
f 3713 3693 925
f 4310 4311 4267
f 3278 44 3271
f 2183 137 546
f 2999 112 1836
f 1833 461 1832
f 1513 377 390
f 3047 3049 3044
f 1960 1957 1963
f 3052 192 3053
f 2045 328 327
f 1758 4354 1088
f 3211 804 3197
f 2248 139 2247
f 1878 1865 466
f 3068 758 3070
f 3185 201 3182
f 611 2450 2456
f 1944 1945 1941
f 3526 880 3516
f 4020 4019 4000
f 3565 3563 3561
f 801 3199 3196
f 3394 847 3390
f 3929 244 985
f 2738 688 690
f 925 3692 924
f 3793 58 937
f 3905 3906 242
f 3886 3887 3885
f 3511 12 3203
f 1515 381 382
f 257 4401 4382
f 4836 76 1211
f 4381 1105 4423
f 1256 88 1255
f 4480 1120 4438
f 1665 1660 1662
f 1939 1938 1936
f 1454 91 1452
f 1623 391 392
f 1659 1390 1469
f 1454 1452 364
f 1539 386 1538
f 4587 4585 1146
f 1118 4466 4467
f 1157 4639 279
f 1951 27 1950
f 1820 1807 1810
f 1796 1795 115
f 1776 109 438
f 1794 1778 1777
f 369 1470 1471
f 416 102 343
f 532 2119 132
f 518 2092 2074
f 1231 77 1230
f 2086 32 2093
f 1377 104 103
f 1228 77 1246
f 2160 2161 586
f 2180 2183 2184
f 1923 121 1922
f 483 2197 2196
f 149 36 584
f 589 2355 2358
f 2339 34 146
f 2247 2245 543
f 2399 2405 2398
f 2563 637 2544
f 2318 580 577
f 2660 665 664
f 2639 661 659
f 774 769 3066
f 2763 3340 2764
f 3560 217 3561
f 2449 2446 2448
f 2836 3269 2837
f 2733 680 2723
f 3288 693 822
f 3493 10 54
f 1711 422 1703
f 448 1840 449
f 469 1876 1877
f 1795 1870 429
f 2828 2833 2834
f 3035 3031 3029
f 4336 4337 4335
f 4261 4259 4257
f 4104 4102 4098
f 3777 2 3938
f 4730 4731 1109
f 4007 4006 1001
f 3124 780 3113
f 3864 3863 240
f 4163 250 251
f 4795 1198 4797
f 4208 263 262
f 4210 265 1063
f 3174 3219 3237
f 3194 3183 3191
f 3571 3569 894
f 2675 668 2672
f 3596 223 3595
f 628 157 156
f 3634 920 908
f 3632 3633 229
f 3545 3546 886
f 963 964 3853
f 3764 3767 3768
f 949 946 3790
f 3915 981 3928
f 4065 253 61
f 4793 4752 4790
f 4119 1031 4120
f 4760 1190 4772
f 1202 4805 4811
f 3760 3757 3759
f 4014 4017 1004
f 4018 1009 4025
f 4759 4758 65
f 4775 4773 1195
f 4433 66 4732
f 4769 1190 4760
f 4433 67 66
f 4728 4726 4448
f 4381 276 4384
f 4596 4601 4617
f 4848 1193 1173
f 4672 291 1166
f 1192 4848 4850
f 4445 4432 4443
f 4660 289 4658
f 4569 4571 1543
f 4602 4591 284
f 293 4689 294
f 4841 1213 4840
f 1219 74 304
f 19 4836 302
f 1144 284 4588
f 4855 1212 303
f 19 1222 1220
f 1230 1227 1224
f 307 319 1272
f 20 1446 1451
f 1227 1269 79
f 1225 1223 1224
f 2002 1354 127
f 1268 319 307
f 1326 1327 1329
f 1278 1279 1280
f 1284 82 1281
f 346 85 335
f 1225 78 1223
f 1321 1320 1333
f 2018 1971 30
f 335 1358 346
f 1692 1690 1691
f 1353 1359 85
f 1683 107 1674
f 351 1383 1386
f 347 1387 1390
f 1330 333 1329
f 1462 1442 20
f 315 1258 1255
f 1247 1228 1246
f 1264 1267 1266
f 1253 1241 1242
f 367 350 366
f 1442 349 1397
f 93 345 347
f 352 355 358
f 1469 1467 368
f 1372 1373 1375
f 1561 95 1562
f 1494 1496 1491
f 1566 1550 1564
f 1488 1489 1511
f 4572 4569 1143
f 1583 1584 4526
f 1517 97 1513
f 1552 1536 1549
f 1674 1671 98
f 1670 409 1628
f 1567 99 1564
f 1483 1644 1656
f 1636 100 408
f 1631 1625 1630
f 1369 101 416
f 1665 1663 1660
f 1678 1677 102
f 417 1674 107
f 1663 415 1660
f 1372 1369 1371
f 1658 1471 1654
f 1358 1364 86
f 1948 2018 30
f 343 102 105
f 1967 1968 497
f 1683 98 405
f 1682 107 1683
f 1679 1680 1677
f 1780 1788 431
f 4297 4294 4296
f 1714 1716 1791
f 4352 269 4355
f 1731 1684 405
f 1739 402 1748
f 1738 402 111
f 1713 1711 1710
f 3001 3000 3006
f 1799 467 46
f 464 459 458
f 1846 1837 1848
f 1811 4335 441
f 1791 108 1714
f 28 115 114
f 28 1796 115
f 2340 146 2334
f 2108 2094 2105
f 1891 1958 1889
f 2214 2975 2215
f 1964 494 1962
f 1885 423 1887
f 1889 1888 424
f 2173 2177 2244
f 2197 1922 482
f 480 2211 477
f 486 121 1923
f 1923 1922 1925
f 2104 507 2102
f 1964 1961 27
f 328 2040 2044
f 1989 341 1987
f 1945 498 501
f 1947 1948 1949
f 2069 2050 2031
f 1365 86 344
f 2053 515 2051
f 1324 1287 1285
f 1998 341 1989
f 2076 128 129
f 515 2053 2062
f 2068 2065 2070
f 2074 31 517
f 128 2073 129
f 129 2073 130
f 2085 522 520
f 2074 2072 130
f 2122 2121 2120
f 1909 479 549
f 2132 133 2133
f 2163 2164 134
f 2347 585 2346
f 2140 535 537
f 2155 135 2157
f 2131 520 522
f 2178 137 2181
f 2990 184 2989
f 2166 134 538
f 2208 2196 120
f 2251 2237 562
f 2197 483 527
f 2348 2342 2338
f 2341 146 34
f 2278 2260 2277
f 139 2244 2247
f 572 2285 2901
f 2298 2303 2258
f 2277 2260 2279
f 2307 2573 2308
f 2256 575 2322
f 144 2175 2249
f 2326 2327 2254
f 575 2256 2257
f 2323 2326 145
f 2296 573 2294
f 2324 576 581
f 2324 2323 145
f 2172 583 2344
f 583 582 2341
f 2477 620 619
f 2354 149 584
f 2390 595 601
f 2527 2488 2486
f 2353 149 2354
f 2450 153 2456
f 2432 2446 2449
f 2470 155 615
f 2460 2461 626
f 2502 2504 2513
f 2508 2505 2487
f 2468 2467 155
f 2466 614 612
f 2535 2529 2532
f 2512 168 2511
f 2679 167 2676
f 2452 2453 153
f 617 2474 158
f 2398 601 595
f 2473 2472 608
f 2388 2392 2393
f 2316 2314 2317
f 2405 2399 2404
f 2275 2277 2269
f 2564 2563 2544
f 2796 696 702
f 2702 2656 2655
f 2602 2641 649
f 2713 2759 2760
f 2583 164 637
f 2640 661 2638
f 166 165 167
f 2693 2683 2690
f 156 2507 2509
f 2635 660 2636
f 2732 686 681
f 2741 2742 684
f 2441 2439 2440
f 676 169 2704
f 2630 676 2629
f 686 170 681
f 2516 168 2512
f 674 678 677
f 3233 3277 820
f 658 2629 2631
f 3302 3301 825
f 2704 173 2629
f 2722 2720 2718
f 2802 655 175
f 2875 2872 2831
f 2619 659 2602
f 177 2855 2865
f 2891 721 725
f 2598 646 648
f 3011 736 2943
f 2858 189 3031
f 2886 2890 2889
f 2877 716 2871
f 142 2262 2259
f 2598 2596 38
f 2270 182 2271
f 2903 2905 2902
f 2269 2270 568
f 2266 567 566
f 2217 2229 553
f 2987 2968 2964
f 730 2885 2889
f 747 2998 2999
f 2952 2924 2925
f 2225 558 560
f 2955 185 2953
f 2231 2232 559
f 3016 3013 3012
f 2890 2886 2887
f 2856 2861 188
f 3002 3004 3005
f 2856 188 189
f 3027 3025 3026
f 3035 754 3034
f 755 3030 3025
f 760 3037 3038
f 3030 188 737
f 3040 192 760
f 3055 761 3052
f 3053 192 3039
f 3036 759 754
f 3263 3260 3076
f 763 3052 3053
f 809 3173 3175
f 3245 3090 3091
f 788 3138 3120
f 3057 767 768
f 803 793 17
f 3081 3071 3064
f 3189 3192 201
f 3091 3168 3245
f 3210 3197 3196
f 3817 3816 3526
f 3129 782 3125
f 3775 233 3776
f 959 3842 3841
f 3805 950 951
f 3179 792 3150
f 3205 800 3204
f 3330 3331 3329
f 3232 3230 3233
f 824 831 3327
f 2775 2773 2774
f 3291 206 3288
f 3289 3286 3287
f 3334 3328 205
f 2789 174 2786
f 3331 3310 3308
f 3337 3339 3336
f 3346 3345 849
f 2713 172 171
f 3324 3322 3323
f 687 684 170
f 3413 3423 855
f 2765 2752 2751
f 3397 847 870
f 3474 870 3394
f 3359 3357 3356
f 3585 3580 3581
f 3349 838 839
f 855 856 213
f 3447 15 867
f 3448 215 3403
f 3567 216 3566
f 3406 3404 15
f 3459 3460 3458
f 3452 3451 865
f 13 887 3536
f 3554 3548 3550
f 3487 3491 3494
f 3457 3458 3461
f 887 3531 3532
f 3630 3628 926
f 887 888 3536
f 3510 3513 877
f 3701 924 3699
f 3707 219 929
f 3545 3544 3546
f 894 891 893
f 3644 3635 910
f 3377 3374 845
f 910 911 912
f 857 859 860
f 3593 3599 3602
f 3641 926 3633
f 3681 55 3684
f 3654 3636 3637
f 3654 3637 3657
f 921 57 3679
f 3678 57 3632
f 3634 228 920
f 3727 3729 3717
f 3531 13 3527
f 3692 3695 3696
f 3793 3749 3792
f 3690 3688 232
f 3699 229 3702
f 3950 3776 233
f 961 3806 3804
f 3947 3948 3949
f 3939 2 3937
f 3790 937 58
f 3773 3768 3769
f 3784 236 3783
f 3722 3721 3723
f 983 3856 237
f 3916 246 977
f 3184 3183 797
f 3912 978 3914
f 3786 3789 947
f 3528 3537 3540
f 3864 3861 3863
f 1052 4206 3126
f 4189 976 241
f 4174 260 4153
f 243 3862 3864
f 3891 3892 3133
f 3907 982 243
f 3932 3930 984
f 3858 3870 3844
f 3862 245 985
f 3913 3906 3903
f 3940 3932 984
f 3992 997 998
f 3910 3911 3907
f 3766 988 3765
f 3946 3947 3949
f 3994 3992 999
f 4170 250 4163
f 4192 260 4191
f 4164 251 4009
f 4185 261 4173
f 4069 4070 4102
f 4164 4163 251
f 4087 4090 1017
f 4039 1011 4040
f 1019 1021 4072
f 4061 4058 4060
f 4068 4069 253
f 4113 1026 4103
f 4763 1183 1182
f 1106 255 4427
f 4171 4172 1024
f 4793 4792 4107
f 4095 1025 4094
f 4423 276 4381
f 4126 4418 4125
f 4208 258 259
f 4093 50 4090
f 1055 259 258
f 1055 1051 259
f 4193 1036 4151
f 4170 4161 250
f 4189 3900 976
f 4190 51 1049
f 4248 53 4244
f 4249 265 264
f 4253 263 1052
f 4250 264 4209
f 1062 4249 4250
f 4398 4396 4236
f 4237 4239 4233
f 4409 1058 4224
f 4303 4301 4302
f 4426 4420 4422
f 4336 1073 4334
f 4245 4264 4243
f 1825 1815 1816
f 1810 1811 444
f 4348 4347 4341
f 1566 1564 99
f 4338 442 270
f 438 109 1765
f 1764 438 440
f 1739 434 1741
f 4364 4325 4324
f 4351 271 4352
f 4364 1080 1083
f 4509 4505 269
f 4347 4348 4345
f 4372 4370 4371
f 4436 4424 4380
f 1133 1123 4540
f 1099 4323 1082
f 4486 4483 1094
f 4443 277 278
f 4625 4468 4623
f 4443 278 1111
f 4548 72 4545
f 4641 1115 4640
f 1120 277 4435
f 18 1157 279
f 4444 278 277
f 4479 4440 1119
f 4355 272 4352
f 4523 4522 4510
f 1611 1589 1594
f 396 1586 282
f 1612 395 397
f 4590 4595 4593
f 4629 1137 1151
f 4710 4704 4707
f 4565 1141 4562
f 1589 1590 1588
f 4863 1172 4692
f 4628 1117 1156
f 4543 26 4532
f 4612 4613 1153
f 4867 1217 1218
f 4668 290 4644
f 4683 4684 4682
f 4650 1164 4649
f 1222 4878 1219
f 4696 4695 70
f 4673 4662 4674
f 1168 4680 4865
f 4687 4706 4684
f 4715 4714 4717
f 4643 1115 4642
f 4703 4698 1177
f 4721 1180 1181
f 4758 4785 1188
f 1188 4757 4758
f 1205 299 1203
f 4773 4784 4786
f 4851 73 4852
f 4067 4066 1016
f 4856 73 1214
f 4852 301 4851
f 302 4877 1222
f 1211 302 4836
f 1211 4839 302
f 4865 4679 1168
f 4674 4676 4675
f 4885 1221 4882
f 4882 305 19
f 4880 76 4836
f 1230 306 1231
f 1265 1260 1262
f 1224 1223 306
f 1233 309 1223
f 80 1245 90
f 1245 311 1243
f 1247 1244 311
f 1243 1241 1245
f 1415 89 1409
f 1259 313 1250
f 90 310 313
f 81 1261 321
f 1333 1320 1331
f 1259 1250 1258
f 1251 310 1241
f 1282 1277 1280
f 1260 313 1259
f 1283 1280 318
f 316 1282 1283
f 1288 1289 82
f 1226 308 1225
f 1268 1248 1266
f 317 318 1263
f 1329 333 1326
f 81 316 1261
f 1291 323 322
f 325 324 1295
f 1353 338 1352
f 323 324 325
f 1297 1299 1298
f 2039 2038 2049
f 2057 2055 2061
f 2015 2020 2012
f 329 2045 327
f 2006 2005 1996
f 326 329 327
f 2046 329 326
f 2003 1996 2005
f 1285 82 1284
f 2043 2045 1314
f 1294 324 1293
f 1320 1306 1319
f 1291 324 323
f 1333 87 84
f 332 1319 1325
f 1351 334 1317
f 1314 331 1312
f 1345 87 1347
f 1406 1403 1404
f 1353 336 1359
f 85 337 1353
f 340 338 337
f 1352 334 1351
f 1354 340 337
f 330 1315 338
f 127 339 125
f 1355 85 346
f 2002 340 1354
f 330 338 340
f 339 1356 125
f 1368 1356 1365
f 1984 1980 342
f 1365 1356 1357
f 1985 1988 1370
f 1366 1367 1368
f 346 1358 86
f 1372 101 1369
f 1383 1340 1384
f 93 104 345
f 1365 1357 86
f 1357 1355 346
f 1363 1358 1362
f 1389 7 1468
f 345 1376 347
f 1336 1256 1411
f 1461 349 1442
f 1444 362 1441
f 1395 1391 1394
f 1395 1396 1463
f 1376 1363 1381
f 1408 354 1338
f 1401 1402 1407
f 1237 1238 1244
f 1404 1403 1394
f 1359 335 85
f 1408 1405 354
f 353 1339 354
f 1418 360 355
f 1419 89 1417
f 1423 1412 1413
f 1241 310 1245
f 1440 1399 358
f 1386 1404 1391
f 1438 360 1439
f 1418 355 1417
f 1434 1438 1439
f 358 355 360
f 1448 361 1434
f 1433 1431 1432
f 1444 1443 362
f 1398 1399 362
f 1501 1457 1500
f 1464 366 1463
f 1459 91 1458
f 1467 369 368
f 350 1395 1463
f 1460 1465 366
f 7 350 367
f 1628 408 100
f 413 104 93
f 1478 371 1477
f 1467 1468 1466
f 1484 370 95
f 1557 1511 390
f 1482 371 1483
f 1640 1561 1565
f 1556 1557 389
f 1554 1555 1514
f 1456 1495 374
f 1481 371 1482
f 1495 1456 1501
f 1475 1479 1474
f 1490 1478 1477
f 1497 1494 373
f 1503 1492 1493
f 1494 375 23
f 1557 377 389
f 1548 96 386
f 1513 390 1509
f 1491 1512 94
f 1517 1519 380
f 97 381 377
f 97 382 381
f 1534 1514 1515
f 97 1517 1516
f 382 1516 1532
f 1545 384 1544
f 4526 1131 283
f 286 1542 384
f 4577 4594 4574
f 1540 1529 25
f 286 384 1546
f 1546 384 1545
f 1586 283 282
f 1546 1547 1548
f 1638 99 1637
f 1558 389 1555
f 377 381 389
f 1511 1510 390
f 1508 378 24
f 1615 392 391
f 1736 404 403
f 1619 394 401
f 1733 1736 406
f 1616 393 1572
f 1570 1635 1568
f 1606 1608 29
f 1618 1620 394
f 1579 1581 1582
f 1593 1609 1610
f 4525 4527 282
f 4509 4503 4505
f 1591 1578 395
f 1594 1592 1593
f 1602 1598 1597
f 1765 109 1777
f 1764 1767 1774
f 1605 29 1592
f 1749 1620 1607
f 1782 436 1781
f 1619 401 1622
f 1738 111 1735
f 1749 400 1748
f 1763 439 437
f 401 404 1622
f 1717 1718 430
f 1736 1733 1621
f 1737 402 1738
f 1672 405 98
f 419 1683 405
f 1724 1721 1708
f 1687 433 421
f 1623 1621 407
f 1732 432 1728
f 1635 1634 1633
f 1670 22 1629
f 415 412 1653
f 1645 1644 1642
f 1652 410 1650
f 1485 1484 95
f 1638 411 1639
f 1649 408 409
f 1658 412 413
f 1669 1668 1670
f 1390 1659 93
f 412 415 1657
f 1653 1652 414
f 1648 1645 1646
f 1661 1660 414
f 103 104 1657
f 1369 416 343
f 1662 1660 1661
f 1679 1677 417
f 1666 101 1665
f 1684 418 419
f 1983 1681 1979
f 1684 419 405
f 1682 1681 107
f 1698 1696 1700
f 1689 1690 1685
f 1707 1703 1704
f 1979 1681 1692
f 1877 428 1865
f 420 1700 1703
f 1962 494 1697
f 1702 422 1713
f 1854 1850 1853
f 490 1894 489
f 1880 425 1879
f 1884 426 1702
f 422 1702 1885
f 424 1888 426
f 2994 2995 116
f 1883 1881 1882
f 1866 466 1865
f 6 1872 1712
f 431 1783 1780
f 1792 1795 429
f 430 1720 1719
f 1791 1788 1790
f 1785 1741 1740
f 1792 1794 115
f 1734 1735 1723
f 1686 1687 1688
f 1727 1709 1707
f 1872 6 1715
f 400 1747 1748
f 1746 1747 1751
f 1741 1742 1739
f 1752 1753 1762
f 1740 1743 435
f 1766 439 1761
f 1782 437 436
f 1753 1754 1762
f 437 439 436
f 1774 1773 1776
f 4339 1768 1086
f 437 1784 1744
f 1765 440 438
f 436 439 440
f 1802 448 449
f 1774 1776 438
f 1772 442 5
f 4326 4324 4325
f 442 1772 270
f 1812 1809 443
f 1814 1817 1818
f 1793 28 114
f 1783 445 1780
f 1777 1779 1794
f 1816 4293 453
f 447 28 1793
f 468 1799 446
f 46 1798 447
f 461 459 460
f 1814 1818 441
f 465 1840 448
f 446 1793 1803
f 4293 452 453
f 455 456 457
f 1823 1841 451
f 449 1800 1801
f 4309 1068 1065
f 1824 1821 450
f 1825 453 454
f 455 1826 456
f 4283 4281 4282
f 1824 450 1823
f 1827 1826 455
f 3049 113 752
f 4278 4276 4277
f 1828 1829 3051
f 1832 1830 1833
f 3051 4 750
f 3048 751 1834
f 3050 1831 1828
f 1842 462 465
f 1832 450 1821
f 1835 461 460
f 1848 112 1849
f 459 461 458
f 1835 1838 1822
f 1843 462 1844
f 45 1844 462
f 2948 744 2947
f 1896 473 1895
f 3002 464 751
f 459 3001 1836
f 1822 1838 1839
f 460 1836 1837
f 1866 1862 466
f 1855 463 475
f 447 446 1799
f 1844 1845 1863
f 1800 468 446
f 1840 462 1843
f 1900 469 1859
f 1854 1845 1850
f 1890 470 1889
f 1920 477 119
f 1896 1897 1898
f 1920 119 487
f 1903 472 474
f 1857 1860 1861
f 1904 1905 1903
f 1893 1894 1892
f 1903 1902 472
f 1901 1856 475
f 2941 2942 739
f 1856 474 1858
f 1905 473 1902
f 2983 475 742
f 1911 1908 1910
f 2243 550 2241
f 473 478 1906
f 1908 479 1910
f 1910 479 1909
f 568 2271 2918
f 549 2212 1909
f 2209 2211 480
f 1933 481 482
f 119 1924 481
f 1933 482 121
f 481 120 482
f 2193 2194 547
f 1927 2117 530
f 1919 1915 492
f 1939 124 504
f 1915 1933 1934
f 1932 122 1936
f 1932 486 1931
f 1915 484 492
f 481 487 119
f 1934 486 485
f 1954 1953 491
f 1908 1906 478
f 490 489 488
f 1908 478 1907
f 1894 490 470
f 1956 484 1935
f 1958 493 1959
f 1918 488 1912
f 1956 492 484
f 1920 1912 477
f 1959 493 1916
f 490 488 1914
f 1949 1969 118
f 1966 495 1693
f 1694 495 1695
f 1693 1696 1966
f 2012 499 1973
f 1987 341 1368
f 1965 497 495
f 1977 1691 1695
f 503 1940 1941
f 2015 2012 2013
f 2014 499 2011
f 123 2011 499
f 511 2009 123
f 1998 125 341
f 502 1946 1947
f 2091 131 519
f 1953 505 1950
f 1937 1935 485
f 1946 503 501
f 1942 124 1930
f 1946 1939 504
f 1931 122 1932
f 1935 505 1954
f 1953 27 1961
f 2106 507 2104
f 1942 504 124
f 1944 508 1943
f 1930 122 528
f 510 2024 509
f 1941 1945 503
f 2029 2027 2023
f 2042 2040 328
f 2026 2023 510
f 2008 2010 2007
f 2021 511 2020
f 2036 2034 2035
f 2023 2033 2034
f 516 2030 2031
f 327 2044 2047
f 2030 2028 31
f 2056 2057 1300
f 2071 513 2050
f 2058 1296 1297
f 2051 2047 2052
f 2032 516 2031
f 2028 2033 2027
f 2027 517 31
f 2096 506 131
f 2081 2092 32
f 2095 131 2091
f 2091 519 2083
f 2089 2090 2108
f 2143 2145 2147
f 2083 519 524
f 521 2085 520
f 2129 2087 2089
f 2129 2127 523
f 133 2132 523
f 2087 524 519
f 2128 522 524
f 2111 2088 525
f 2108 2090 506
f 1926 2113 529
f 1942 1940 504
f 1928 2117 1927
f 529 526 1930
f 1926 529 528
f 529 1930 528
f 1929 1926 528
f 2107 2109 2111
f 2190 548 2180
f 2113 2116 2115
f 2118 2119 35
f 2126 2121 2123
f 2119 532 531
f 2144 533 2124
f 2136 2134 534
f 2189 2186 2188
f 2125 534 2134
f 2123 2124 2135
f 2154 535 2151
f 537 536 2140
f 536 2138 2141
f 2149 2151 2147
f 2183 2180 137
f 2178 546 137
f 2163 135 2155
f 2162 540 539
f 136 147 2161
f 2160 586 2347
f 2175 544 2173
f 2166 539 134
f 551 2216 2213
f 140 2237 2240
f 2162 2168 2169
f 2249 139 2248
f 2177 542 2179
f 542 2167 545
f 2170 136 2169
f 538 2165 2185
f 2201 2199 2198
f 2182 137 2180
f 2191 2117 1928
f 2182 2193 2181
f 2977 2975 117
f 2201 2200 138
f 2242 550 2223
f 2974 553 2215
f 2202 2205 2206
f 2214 479 1907
f 2222 2202 2206
f 551 549 2214
f 551 2215 552
f 2976 2977 2978
f 2976 554 2973
f 2228 2227 2960
f 1901 475 2983
f 2994 746 2985
f 2231 2230 556
f 2971 2962 2961
f 2232 2231 557
f 2961 2962 2958
f 2231 559 2230
f 2226 2229 2217
f 567 2266 2268
f 560 558 2228
f 2233 2234 2230
f 2224 2242 2223
f 565 564 562
f 2236 2225 2234
f 2238 562 2237
f 2264 2263 141
f 2255 563 2252
f 565 562 561
f 2253 564 563
f 2254 2251 564
f 2262 2266 566
f 563 564 565
f 2299 2300 2297
f 2265 565 561
f 566 567 181
f 2266 2262 2263
f 2923 2922 740
f 2270 181 567
f 2930 728 2931
f 180 568 569
f 2287 2289 572
f 2261 574 2259
f 2909 726 2888
f 2901 179 572
f 2288 2287 179
f 2293 2283 570
f 2292 2294 2280
f 2255 145 2253
f 2300 2299 2261
f 2277 2279 181
f 2307 2306 2296
f 2374 2375 2378
f 2255 576 145
f 2302 578 2309
f 2315 591 590
f 2336 2340 2334
f 2309 578 596
f 2576 2572 161
f 2361 592 2362
f 2356 577 579
f 2318 581 580
f 2320 2321 2319
f 2324 145 576
f 2322 575 2321
f 2341 582 146
f 2325 2326 2323
f 136 2170 147
f 2329 144 2327
f 2351 2354 587
f 2346 541 2158
f 2349 585 2345
f 2347 586 2345
f 2342 2344 2341
f 588 2351 37
f 584 2338 587
f 2358 588 37
f 2352 2354 2351
f 2316 2319 2312
f 2361 590 592
f 579 590 589
f 591 592 590
f 2360 2314 2313
f 2416 2418 2419
f 2378 2382 2374
f 2433 2431 2430
f 2372 593 2369
f 2313 2311 594
f 2383 148 2382
f 2389 597 595
f 2548 2551 638
f 2310 596 578
f 2384 2383 594
f 160 2389 595
f 2585 2566 2584
f 2305 2308 2310
f 2386 160 2385
f 158 2403 600
f 2555 2556 2559
f 2403 2402 599
f 2569 2558 639
f 2407 601 2405
f 595 597 2398
f 2406 602 2404
f 2407 2395 601
f 607 603 605
f 2418 604 2373
f 2417 2416 603
f 2409 602 2406
f 2423 606 2425
f 2408 150 2407
f 2425 607 2423
f 2430 2434 2429
f 2409 2410 2412
f 2426 609 2437
f 2428 2427 2410
f 152 2446 2447
f 2469 618 2468
f 2447 2451 151
f 2470 612 2450
f 615 2466 612
f 2493 626 2463
f 2470 615 612
f 2463 2492 629
f 2467 2471 2478
f 2481 154 2480
f 2466 2464 616
f 2478 2471 2475
f 2472 617 618
f 158 2477 2475
f 2468 618 2471
f 11 608 2472
f 2476 619 622
f 2477 600 640
f 622 620 621
f 600 599 2557
f 622 621 154
f 620 2477 640
f 2481 622 154
f 619 620 622
f 2480 623 2481
f 616 2476 2481
f 2498 624 2496
f 2496 2495 2494
f 2492 2463 2462
f 2493 2457 626
f 2454 613 2453
f 2663 630 2523
f 2512 2510 2517
f 2509 2510 156
f 2511 2501 628
f 2480 2482 2491
f 2463 626 2462
f 2522 2533 2534
f 2654 2653 2650
f 2550 40 2552
f 2546 634 2545
f 2530 2526 631
f 2633 2635 2632
f 2701 2657 656
f 2537 2532 2536
f 2559 2556 2561
f 2542 2587 2588
f 2528 2524 2525
f 2645 636 2644
f 632 2537 2649
f 2603 38 651
f 2580 2581 2291
f 2586 646 2600
f 2547 638 2546
f 2552 634 2546
f 2557 2558 2560
f 2570 39 2571
f 620 640 2555
f 2558 2400 639
f 2295 2292 641
f 2592 2287 2288
f 2570 642 639
f 2577 2571 2575
f 2568 2577 2578
f 2295 2294 2292
f 2568 644 2565
f 2581 643 641
f 2563 2585 637
f 644 2578 2582
f 2644 2541 2586
f 2287 572 179
f 2540 2541 2644
f 2600 2598 38
f 2592 2594 2590
f 646 2589 648
f 162 659 2623
f 2897 2597 2595
f 2602 661 2641
f 2599 38 2603
f 2610 722 2609
f 2604 650 2603
f 2615 2617 2612
f 2605 2603 651
f 2800 2627 2616
f 655 178 175
f 2804 654 699
f 653 2803 654
f 2803 655 2802
f 2614 2608 2611
f 2699 2698 664
f 2635 2636 163
f 2631 657 658
f 2617 2618 652
f 2629 658 2630
f 2789 2788 2787
f 2601 2618 2619
f 650 2641 2642
f 2658 665 2661
f 2636 162 163
f 162 2639 659
f 2639 662 2646
f 2637 662 2636
f 2643 2638 2647
f 166 663 165
f 2651 630 2663
f 166 666 663
f 2650 633 2648
f 666 2660 664
f 666 667 2660
f 2698 666 664
f 2668 2666 42
f 166 667 666
f 166 167 2679
f 2682 668 2675
f 2684 670 669
f 2684 2680 2683
f 2700 663 675
f 2727 671 2726
f 2725 3 2723
f 2728 2689 672
f 2690 2680 2681
f 2695 673 2696
f 2706 2703 2705
f 2691 674 3
f 2705 169 676
f 2706 675 2703
f 2699 664 2659
f 2780 2715 697
f 2724 2692 673
f 674 677 3
f 2740 690 688
f 171 2736 2717
f 674 2692 2719
f 683 2726 2730
f 2756 2734 2735
f 2725 680 671
f 2723 677 2734
f 2732 2730 679
f 2730 2726 679
f 681 170 2731
f 2726 680 679
f 3360 3356 3365
f 2731 682 681
f 2747 2739 2748
f 3354 2748 3352
f 687 170 686
f 688 2737 686
f 2732 688 686
f 2755 172 2758
f 2751 2738 689
f 2764 2762 2763
f 2756 2733 2734
f 2757 689 690
f 3340 3337 836
f 3355 210 3350
f 3335 832 833
f 3353 3351 3352
f 3280 2822 2823
f 206 205 834
f 205 832 834
f 2760 2761 172
f 2776 695 2794
f 694 691 2761
f 2804 698 700
f 2814 705 2815
f 2714 2718 697
f 2779 695 2777
f 2808 2809 2807
f 2827 709 2825
f 2802 699 654
f 2876 718 2873
f 702 2797 2796
f 701 2804 700
f 2797 701 700
f 2799 2801 701
f 2773 2795 696
f 696 2795 702
f 2818 2814 2816
f 2874 698 2806
f 2874 2806 706
f 822 693 2817
f 2815 705 2771
f 3333 832 2768
f 699 2805 2806
f 2868 2867 43
f 2811 2809 707
f 2810 703 2809
f 3295 821 3296
f 2830 706 2829
f 2825 709 2828
f 708 707 2830
f 2873 2877 2871
f 715 2852 2853
f 2843 2841 711
f 2846 2848 2858
f 2840 47 2851
f 47 2832 2850
f 2859 2861 714
f 2853 2857 712
f 2862 2859 714
f 2857 2855 2848
f 2871 716 715
f 2879 717 2867
f 710 2871 715
f 2878 178 2881
f 2881 717 2880
f 2869 2868 2864
f 2876 2805 718
f 2880 717 2879
f 717 719 2883
f 178 655 2613
f 2883 2882 2884
f 2909 2888 2907
f 2611 722 2882
f 2899 2895 2897
f 2609 722 2611
f 2882 719 2611
f 2607 723 2605
f 2892 2894 723
f 2885 2934 2886
f 2891 725 2895
f 2892 725 721
f 2897 2596 2597
f 2925 2923 740
f 2907 720 2891
f 731 727 186
f 2916 2904 2914
f 2935 2936 2931
f 2929 2888 726
f 2912 2921 2923
f 2929 2930 2888
f 2930 730 724
f 2935 2927 727
f 735 2860 2937
f 2931 730 2930
f 734 732 2936
f 2887 43 2884
f 734 2862 2933
f 2870 2852 715
f 2938 735 2937
f 2934 2866 733
f 3022 3020 3021
f 3015 2859 2860
f 735 3014 187
f 3009 2990 748
f 3018 737 188
f 3021 3020 3012
f 2945 738 2942
f 2949 2944 2942
f 2939 739 738
f 186 727 2940
f 2951 740 2922
f 2926 2927 2928
f 2986 2948 2968
f 2942 738 739
f 2995 742 463
f 475 463 742
f 2978 2979 555
f 2997 2993 2996
f 2981 2982 743
f 2944 2945 2942
f 2943 2945 184
f 2985 743 2982
f 744 746 745
f 2994 116 2993
f 3005 3007 183
f 1849 1847 1848
f 2993 2997 2992
f 3009 183 3008
f 3005 183 3000
f 1834 458 1833
f 3050 3051 113
f 3052 761 762
f 3002 751 749
f 464 458 751
f 750 752 113
f 3053 3039 752
f 3038 755 3027
f 3028 3019 3017
f 3036 754 3037
f 756 2844 3034
f 3032 2846 3031
f 3043 753 3023
f 759 756 3034
f 3035 3032 3031
f 813 757 758
f 3270 2839 3266
f 3079 814 816
f 757 3033 758
f 3069 759 3036
f 3070 756 759
f 762 760 192
f 3038 190 755
f 3066 769 770
f 4254 780 3124
f 3067 762 761
f 191 3036 3041
f 4 763 750
f 3055 764 768
f 761 3055 768
f 4279 1828 456
f 3058 767 765
f 4290 1074 4288
f 4276 766 4277
f 764 3054 766
f 3083 771 814
f 770 191 3067
f 3057 768 764
f 3056 3066 770
f 3116 3161 3160
f 3065 191 770
f 3056 770 3067
f 769 3063 3065
f 3099 3095 3082
f 3061 3063 773
f 196 3164 3153
f 3219 3173 809
f 774 773 769
f 3081 3083 3080
f 4260 777 3110
f 775 776 3059
f 3097 3095 3096
f 4272 3058 765
f 3106 776 3100
f 3111 3110 777
f 3114 3108 3109
f 4271 765 1071
f 4205 1051 4203
f 3122 788 3121
f 4251 779 53
f 777 4256 779
f 781 788 3122
f 3112 777 779
f 3126 3125 781
f 782 786 3138
f 4207 1051 4205
f 3155 795 3154
f 3884 965 238
f 3152 792 17
f 4187 241 4188
f 3125 782 781
f 789 785 196
f 3128 3134 3136
f 3146 3141 3145
f 787 3138 786
f 3879 971 969
f 3121 195 3118
f 3121 788 3119
f 3138 787 3120
f 3160 3093 3094
f 3157 3119 3120
f 3124 790 3112
f 3108 3096 3098
f 3113 791 790
f 3156 789 3153
f 3195 3191 3193
f 3152 3154 795
f 17 793 794
f 197 194 3170
f 3154 794 810
f 3244 811 3242
f 3159 3135 3140
f 3130 3134 3128
f 3180 3183 3194
f 3151 3152 3139
f 3187 3182 3184
f 3146 3150 3151
f 3190 201 3185
f 3141 3146 3151
f 3214 802 3198
f 3202 3201 3822
f 3525 879 3524
f 3520 3518 880
f 3189 801 799
f 3189 3190 3200
f 3198 802 3192
f 3181 3177 197
f 793 803 197
f 17 792 803
f 3196 3197 799
f 3177 3173 194
f 3220 3217 3218
f 3268 3269 3270
f 3217 3226 3238
f 3303 3492 871
f 3224 3226 3217
f 3273 819 41
f 3492 3223 54
f 807 806 808
f 3214 804 3221
f 3243 811 3244
f 785 3155 196
f 3164 3165 3167
f 3168 3091 3167
f 3269 3271 44
f 3240 812 817
f 3229 807 3225
f 3068 813 758
f 3242 811 817
f 3068 3064 3071
f 3082 772 3085
f 813 3072 3073
f 3253 812 3232
f 3078 816 3075
f 3084 771 3099
f 3250 3246 3242
f 3240 3236 812
f 3274 3251 3252
f 3229 806 807
f 818 3252 3273
f 3275 823 819
f 3235 3230 3232
f 3277 204 3275
f 2819 2820 2821
f 3300 203 3276
f 2819 3286 2818
f 3288 206 693
f 3279 823 3281
f 204 821 3283
f 3309 3297 3310
f 3336 207 3325
f 3226 825 3227
f 3231 827 3230
f 3299 3301 3297
f 3322 3314 3315
f 3233 827 3277
f 3276 3294 3298
f 848 828 208
f 3326 3343 3325
f 3470 873 3469
f 3467 3466 3459
f 3391 208 828
f 3346 3391 3345
f 3311 3312 824
f 830 207 831
f 2768 832 3335
f 3346 849 3326
f 205 833 832
f 3329 824 3327
f 693 834 2770
f 693 206 834
f 3343 835 836
f 837 3342 835
f 3340 836 692
f 835 692 836
f 3343 837 835
f 209 3342 837
f 3344 838 209
f 209 837 3344
f 3350 841 3355
f 3349 209 838
f 3366 840 3365
f 3360 685 3359
f 3349 839 3350
f 3395 3385 3393
f 3385 3386 3387
f 3348 838 846
f 3388 843 3389
f 839 838 3348
f 3371 3367 844
f 3368 3365 841
f 840 3361 3362
f 848 3392 828
f 842 843 3348
f 3411 3408 3410
f 3390 3392 848
f 3320 848 208
f 3392 842 3348
f 3391 3323 3321
f 3345 3344 849
f 3425 3406 853
f 3409 3410 3408
f 3413 3415 850
f 3412 3415 3380
f 3382 3376 3377
f 3384 3395 3396
f 3424 853 862
f 3442 214 3440
f 3424 854 3426
f 3586 860 3440
f 3413 855 213
f 3422 3419 3416
f 3446 854 3444
f 3436 3437 899
f 3582 3585 3586
f 3427 859 857
f 861 3444 3443
f 3584 899 3438
f 3440 214 863
f 3444 862 3443
f 3452 3443 3449
f 3424 862 854
f 853 3406 3445
f 3583 3582 863
f 214 3454 3441
f 3447 3456 3450
f 3507 876 3460
f 3569 890 894
f 3454 861 3452
f 3455 866 3457
f 3203 12 198
f 3456 3447 867
f 15 3404 867
f 3455 868 866
f 3462 3463 874
f 3478 3316 3489
f 3409 3405 3407
f 3394 870 847
f 3411 3400 3408
f 202 3305 10
f 202 872 3305
f 3306 871 3305
f 3486 218 3502
f 3403 3468 868
f 3478 3477 829
f 3508 874 3502
f 3512 3498 3208
f 3507 3460 3505
f 3502 218 3501
f 890 3558 217
f 3457 864 3455
f 3506 876 3507
f 875 3509 3510
f 3564 3565 3566
f 216 864 878
f 956 953 3828
f 3529 883 885
f 3204 3819 3203
f 3523 3540 3522
f 3826 3808 955
f 3815 879 3525
f 879 882 3524
f 3530 3529 885
f 3811 3813 881
f 3801 884 3530
f 3527 3530 884
f 3786 948 951
f 239 885 883
f 3802 930 3801
f 3551 906 889
f 3538 3539 892
f 3535 3718 3720
f 929 219 886
f 3541 222 3539
f 3721 3532 3533
f 219 927 3551
f 3617 900 3601
f 3555 3543 3552
f 3571 3556 3570
f 3542 891 222
f 890 217 3559
f 3538 892 220
f 222 3559 892
f 3542 3543 3555
f 3568 3571 3572
f 891 894 890
f 893 3555 3575
f 3576 3580 3574
f 3567 3568 3453
f 3596 898 896
f 898 3588 896
f 3589 3436 897
f 899 3437 3438
f 3596 3595 898
f 3597 897 3587
f 3588 3589 897
f 3437 3433 3435
f 3640 226 3639
f 3615 3612 3600
f 3619 3617 223
f 3616 903 3613
f 3617 3601 223
f 900 3613 56
f 3555 3557 3575
f 3542 222 3541
f 3554 906 3551
f 3622 3618 902
f 3577 3576 905
f 886 219 3551
f 3557 905 895
f 903 3624 3627
f 3644 910 912
f 3659 915 3660
f 909 3632 57
f 226 909 908
f 3638 3641 3633
f 908 920 3636
f 3602 3603 3604
f 3677 3675 917
f 3648 224 3608
f 3611 3642 913
f 3652 3649 3646
f 3611 913 3612
f 3608 224 3606
f 923 3686 55
f 3649 227 3646
f 3662 3661 915
f 3651 227 3650
f 3654 3655 911
f 920 228 917
f 3681 3682 3677
f 3634 908 909
f 3672 3673 919
f 3699 3700 229
f 3671 3669 3670
f 3675 3676 917
f 3636 910 3635
f 228 921 918
f 228 3634 921
f 3687 922 232
f 3679 3680 921
f 3687 923 3697
f 55 3680 923
f 3701 925 924
f 3697 923 3680
f 3734 3731 3732
f 3695 3689 232
f 3626 3624 3550
f 3702 229 3633
f 3547 927 219
f 3629 3631 3628
f 3719 931 221
f 3733 3734 3732
f 887 3532 3534
f 3707 3547 219
f 3801 930 3800
f 3783 945 944
f 221 931 928
f 3727 932 3725
f 3729 3714 3717
f 3798 3799 3800
f 3754 933 3747
f 934 16 933
f 3746 3740 231
f 3741 3728 3730
f 3695 232 922
f 3745 3743 3744
f 3751 3753 3752
f 3748 16 3749
f 3747 938 940
f 3747 3750 938
f 3770 59 3760
f 3752 3750 937
f 3754 940 3755
f 3770 3751 3769
f 940 941 3756
f 940 938 941
f 3955 3947 989
f 3758 3756 941
f 3771 3772 236
f 3794 3796 949
f 3782 944 945
f 947 943 946
f 3807 3849 3852
f 944 3784 3783
f 3791 946 943
f 939 937 3790
f 949 947 946
f 3788 3783 236
f 3802 3803 3805
f 3786 947 3785
f 3797 3795 3723
f 3785 947 949
f 3805 3803 950
f 3828 881 3814
f 3805 951 948
f 3852 961 3807
f 3811 952 3812
f 3854 3855 962
f 956 3825 955
f 3809 957 3849
f 3823 954 3821
f 200 199 3827
f 956 955 953
f 3827 199 3829
f 3816 3525 3526
f 3825 954 955
f 3809 3808 957
f 3878 798 3148
f 3848 3829 3830
f 3867 3865 3866
f 3831 3829 199
f 3188 3185 3187
f 3787 3806 945
f 3933 237 966
f 3807 961 952
f 3851 945 3806
f 3857 958 3843
f 3872 3873 3874
f 3782 3853 964
f 3854 962 3856
f 3856 983 3780
f 3779 3777 3778
f 3863 3861 3865
f 965 3884 968
f 3859 3860 3870
f 966 244 3929
f 966 3859 244
f 3870 3858 3859
f 3893 973 3896
f 242 965 968
f 3899 3889 3890
f 3883 970 3875
f 965 3867 3866
f 3840 3836 3839
f 971 3886 3885
f 3885 3884 969
f 783 3894 3130
f 3894 784 3895
f 974 973 3893
f 4187 4201 51
f 3891 974 3893
f 783 784 3894
f 3880 975 971
f 4201 3895 4200
f 261 4189 241
f 3887 3905 968
f 1000 999 4182
f 246 3912 977
f 3910 3907 3909
f 3887 968 3885
f 3916 979 246
f 982 245 243
f 3918 3919 3920
f 3926 993 3925
f 981 3918 3920
f 3936 234 3939
f 3911 982 3907
f 3911 3915 982
f 3777 3779 2
f 3856 963 3854
f 3942 3943 3944
f 3937 2 3935
f 3862 985 244
f 245 3928 3931
f 3766 3764 235
f 3766 3776 986
f 3757 3758 3759
f 3948 3953 988
f 3765 3762 3767
f 991 3957 247
f 3957 3956 989
f 3949 3948 986
f 992 991 247
f 3967 3971 3962
f 3963 3964 3962
f 3946 234 3936
f 3927 3928 981
f 3993 980 3917
f 997 3997 3990
f 4011 248 4009
f 3991 3989 3993
f 3980 3977 3978
f 3959 3960 3961
f 3991 998 997
f 4020 4021 1005
f 979 3916 3917
f 4181 52 4176
f 4181 4179 4180
f 4178 4177 1003
f 4182 3916 977
f 4184 3901 3900
f 1003 1001 4006
f 1001 4177 4166
f 4175 4153 1040
f 4172 1038 1022
f 3996 3992 3994
f 4167 1042 1041
f 4036 1020 4016
f 3999 4000 3998
f 4024 1006 3979
f 1007 4019 4020
f 3977 3979 1006
f 4042 4040 4037
f 4022 4024 4019
f 4030 4032 4028
f 4013 4010 4011
f 4023 1006 4024
f 4079 4013 4011
f 4028 1009 4029
f 4077 1012 4057
f 4041 4042 4043
f 4056 4057 4055
f 4044 4047 4048
f 4033 1014 4031
f 4070 1015 4071
f 4067 4065 4066
f 4800 4788 1197
f 4807 1200 64
f 4074 4073 4089
f 4114 1025 4135
f 4099 4100 1017
f 4067 4062 4068
f 4059 4076 252
f 4009 248 4164
f 4001 4004 4014
f 4036 4028 4029
f 4075 1021 1019
f 4035 1010 4016
f 1038 4154 1023
f 4157 1035 1034
f 4143 4141 4140
f 4118 1029 1031
f 4171 1024 4170
f 4160 1023 4156
f 4139 1034 4136
f 4431 4122 4125
f 4121 4112 1027
f 4096 1017 4090
f 4753 4751 256
f 1026 4113 4114
f 254 4101 4103
f 4102 4104 4069
f 4738 4736 1030
f 4134 1025 4095
f 4418 4126 1104
f 4726 1111 4448
f 4121 4108 4112
f 4120 4110 4119
f 4118 1032 4117
f 1027 4114 4115
f 4417 1101 4405
f 4122 4431 4429
f 4157 1034 4139
f 4135 4138 4116
f 4149 1036 4150
f 4419 4417 4404
f 4154 1036 4149
f 4413 4142 4141
f 4147 1037 4146
f 4148 4150 4219
f 4152 4151 1038
f 1023 1022 1038
f 4172 1039 4152
f 4192 1047 4152
f 1041 1040 1002
f 4175 1045 4174
f 4169 1002 4163
f 1042 4175 1041
f 4169 4163 4164
f 1046 4176 4185
f 241 1043 261
f 241 4187 1043
f 1043 1044 4173
f 1043 51 1044
f 1046 1045 1042
f 4174 1044 260
f 4165 1046 1042
f 4186 52 4184
f 1044 4190 260
f 4191 4190 1048
f 1049 1048 4190
f 4193 4194 4195
f 4188 3899 3896
f 4198 1050 4197
f 1048 4198 4197
f 4199 4202 1050
f 1055 4213 4218
f 3131 784 783
f 4253 1052 778
f 4207 259 1051
f 4203 1053 4205
f 4202 4199 3131
f 4197 1054 4195
f 1050 1053 1054
f 4212 4213 258
f 4220 4216 1057
f 4229 4213 4212
f 4211 264 4210
f 4148 4220 1037
f 4407 4403 4416
f 4228 4230 1064
f 4318 1079 8
f 4235 4232 4237
f 1099 4320 4322
f 1079 4238 4313
f 4323 1099 4322
f 1063 4231 4230
f 4236 4235 4233
f 4253 4254 262
f 4254 3124 4252
f 4243 4312 1067
f 4231 1061 4230
f 4230 4210 1063
f 1061 1058 1064
f 4314 4313 1068
f 4239 1060 4233
f 4242 1066 4241
f 4256 53 779
f 4239 1067 4238
f 4240 4243 1067
f 4284 4275 4276
f 48 1075 4314
f 4263 4265 4262
f 4289 1074 4304
f 4285 4280 4281
f 4292 4281 4283
f 3057 1071 765
f 4286 1069 4308
f 4317 1077 4330
f 4291 1070 4285
f 4334 1073 4342
f 4356 4350 4351
f 4300 1074 4290
f 4304 4306 4289
f 4313 4314 8
f 4315 4301 4303
f 1077 4317 266
f 4344 4331 4342
f 4319 4316 1077
f 4330 1075 4315
f 4394 4391 4395
f 1077 266 1078
f 4313 8 1079
f 4319 1077 1078
f 4344 1084 1080
f 4328 4302 1072
f 4322 4320 1078
f 4371 4367 4366
f 4386 1099 1082
f 4367 274 1090
f 4362 4358 4361
f 4325 274 4368
f 4348 4340 1085
f 1083 1080 1084
f 4356 1085 4350
f 4341 1073 4338
f 1771 1774 1767
f 1086 4350 4340
f 4509 4507 4508
f 4345 4362 4363
f 1757 1088 271
f 4507 1756 1128
f 4500 1089 4359
f 4360 4358 4359
f 4345 4346 4362
f 4366 4367 1090
f 4370 1093 4367
f 273 4361 4373
f 1096 4377 4376
f 4491 4501 1089
f 1081 1093 4387
f 1081 274 1093
f 1092 4484 4486
f 4386 1098 4385
f 4483 1095 1096
f 4482 275 4481
f 4376 1097 4387
f 4375 1093 4370
f 1093 4375 4387
f 4377 1095 1107
f 4383 1108 1105
f 4386 4389 1099
f 1097 1098 4386
f 4321 4322 266
f 276 4402 4384
f 4402 4390 1100
f 4130 4129 4131
f 4410 4144 4221
f 4404 1103 257
f 4402 1100 4384
f 4409 4407 4406
f 4401 4399 1102
f 4130 4414 1033
f 4420 4421 4422
f 4374 4377 4378
f 4421 4419 4404
f 68 4433 49
f 4734 4735 4733
f 275 4438 1095
f 4383 1105 4381
f 4380 1108 4379
f 4427 255 4420
f 4741 1109 4731
f 66 67 1109
f 4435 1110 1122
f 68 49 4436
f 4445 1111 4730
f 4727 4446 4716
f 4719 4718 1112
f 4641 1114 4454
f 4459 4447 4444
f 4441 277 1120
f 4450 1114 4452
f 1157 18 1158
f 4640 1115 1159
f 4638 4454 1113
f 4638 1116 4637
f 1113 4626 1116
f 4629 1154 1156
f 4625 1118 4468
f 4626 4455 4464
f 4490 4487 1092
f 4481 1121 4482
f 4458 4462 4457
f 1122 1120 4435
f 1119 4439 4441
f 4475 4474 1124
f 4479 4482 1121
f 4436 4437 1110
f 1107 1095 4438
f 4541 4539 1133
f 4462 4458 4461
f 4475 4494 4474
f 4544 4469 4542
f 1126 4540 1127
f 4477 1124 4460
f 4536 1126 4497
f 4540 1123 4495
f 1126 1127 4497
f 1125 4493 4496
f 1601 1602 1599
f 4499 1129 4498
f 4497 1129 4516
f 1127 1125 4496
f 4622 1137 1156
f 4527 1132 4520
f 4533 4532 4529
f 282 283 1131
f 1131 4525 282
f 4519 4534 4537
f 4537 4534 4535
f 4535 1135 4541
f 1139 1134 1130
f 72 4544 4545
f 4543 4546 26
f 4468 1118 4467
f 4471 4467 4466
f 4455 1113 4453
f 1138 4614 288
f 4622 72 4621
f 4614 1151 4620
f 4617 1140 4596
f 4599 4551 4553
f 4624 4619 4618
f 4599 4552 4551
f 4560 1130 4533
f 4526 4567 1131
f 1540 1538 1529
f 1151 1137 4618
f 1139 1130 4547
f 4570 1541 4581
f 4588 4587 285
f 4602 4603 4591
f 4583 4584 1528
f 4593 4594 4577
f 4601 1147 1148
f 1147 4596 4600
f 287 4604 4605
f 4605 1149 4617
f 4616 288 4598
f 4607 1150 4604
f 4606 4615 1150
f 4628 4627 1117
f 4620 4618 4619
f 1165 4654 289
f 4614 4613 4631
f 4615 1149 1150
f 4657 4610 1152
f 1155 279 4627
f 4630 4634 1154
f 18 279 1155
f 4634 4628 1154
f 1117 4622 1156
f 4637 1157 1158
f 1116 4639 1157
f 4653 4630 4632
f 4645 4643 4642
f 1176 4698 4703
f 4712 4715 4452
f 4709 1160 4643
f 1159 1115 1160
f 4669 4671 4708
f 4700 4703 1178
f 4651 1162 4635
f 4636 18 1155
f 4661 1164 4659
f 1165 289 4659
f 4650 4651 1164
f 4632 1154 4629
f 1215 1216 1170
f 4685 4670 4669
f 4667 4644 4648
f 4682 4675 1167
f 4887 75 4885
f 4853 1212 1174
f 4681 1167 4678
f 4861 4862 4864
f 4678 1167 4677
f 1216 1169 4680
f 4680 1168 1171
f 1216 4680 1170
f 1168 293 1171
f 4854 4691 1174
f 4689 1176 294
f 4846 4847 73
f 4694 4696 295
f 4863 1174 1172
f 4854 1173 4695
f 294 1176 296
f 295 4696 4697
f 4689 4679 4686
f 4686 4688 4698
f 4706 4671 4670
f 4768 1179 4697
f 4710 1161 4704
f 1177 1175 4699
f 1175 1179 4699
f 1175 295 1179
f 1177 1180 1178
f 4771 62 1191
f 4721 4713 1180
f 4699 1179 4701
f 4763 4745 1183
f 4722 4718 4719
f 65 4757 4746
f 1184 4743 1183
f 4746 1184 4745
f 4718 4725 4726
f 4744 1185 4742
f 4741 66 1109
f 4784 4775 4783
f 4825 4780 4823
f 4754 4109 4748
f 4747 4739 1184
f 1189 1188 297
f 1189 4756 1188
f 4755 1189 297
f 256 4754 1189
f 4769 4693 1190
f 4770 70 4693
f 4771 1191 1194
f 4696 4691 4695
f 62 1192 4850
f 62 1190 1192
f 4852 4848 1173
f 1192 4693 1193
f 4758 4759 4774
f 1191 69 1194
f 4779 4775 4778
f 4852 1173 301
f 4773 69 1195
f 4825 4822 4826
f 4782 4780 4781
f 4788 4787 4755
f 1199 1198 4796
f 4794 1016 4066
f 4783 1196 4799
f 4821 4820 4802
f 1199 4782 4798
f 4810 4805 1202
f 4809 4050 4808
f 4820 4819 4804
f 4810 4806 4805
f 4820 4801 4802
f 4824 1203 299
f 4817 1205 1204
f 4827 1206 4829
f 4826 4827 1203
f 1204 63 4817
f 4822 1207 4826
f 4840 1213 1210
f 4826 1207 1206
f 4858 1210 4845
f 4834 4837 76
f 4856 4838 4858
f 4834 1209 4837
f 4831 1206 1207
f 4837 1210 1208
f 4777 4842 4778
f 1208 1211 76
f 4845 1210 1213
f 4855 4851 301
f 301 4854 1212
f 4837 1209 4840
f 4843 4822 300
f 4857 1214 4851
f 1211 1208 4838
f 1167 4676 4677
f 1218 1216 1215
f 1217 1169 1216
f 1218 1217 1216
f 4859 303 4853
f 4872 4866 4867
f 4875 1219 304
f 4877 302 4839
f 75 1221 4885
f 4882 19 1220
f 4884 305 4882
f 1220 1222 1219
f 19 302 1222
f 309 306 1223
f 1229 1227 1230
f 79 1225 1224
f 1226 1225 79
f 308 78 1225
f 1270 1226 79
f 1269 1227 307
f 79 1224 1227
f 1248 1228 1247
f 307 1227 1229
f 1228 1229 77
f 1228 1248 1268
f 1229 1230 77
f 1224 306 1230
f 309 1232 306
f 1234 1235 1231
f 1231 306 1232
f 78 1233 1223
f 1235 1234 312
f 1231 1232 1234
f 1236 1235 312
f 77 1231 1235
f 1239 1236 312
f 1244 1246 1236
f 1428 1237 1240
f 1238 311 1244
f 1428 1238 1237
f 357 1242 1243
f 1237 1236 1239
f 1237 1239 1240
f 1242 1241 1243
f 1251 1254 1257
f 1424 1422 1423
f 1253 1251 1241
f 1238 1243 311
f 1238 357 1243
f 1237 1244 1236
f 311 80 1247
f 90 1245 310
f 80 311 1245
f 1235 1246 77
f 1235 1236 1246
f 1244 1247 1246
f 80 1248 1247
f 90 1249 80
f 1268 307 1229
f 80 1249 1248
f 90 313 1265
f 1258 1250 1257
f 313 310 1250
f 1254 1251 1253
f 1250 310 1251
f 1411 1410 1334
f 1257 1250 1251
f 1426 1253 1242
f 1414 1252 1254
f 1413 1254 1253
f 1252 1257 1254
f 1256 1255 1252
f 88 315 1255
f 1415 1409 1411
f 1346 87 1333
f 1255 1257 1252
f 1255 1258 1257
f 314 1258 315
f 314 1259 1258
f 1261 1260 1259
f 314 1261 1259
f 1262 1260 316
f 1262 1264 1265
f 321 1261 314
f 316 1260 1261
f 1283 1262 316
f 317 1267 1264
f 1273 319 1267
f 1267 317 1263
f 1265 1264 1249
f 1262 317 1264
f 90 1265 1249
f 313 1260 1265
f 1249 1266 1248
f 1249 1264 1266
f 1273 1272 319
f 319 1266 1267
f 1228 1268 1229
f 1266 319 1268
f 79 1269 1270
f 1273 1267 1263
f 1271 1270 1269
f 318 1276 1263
f 1269 1272 1271
f 1269 307 1272
f 1275 1273 1263
f 1274 1272 1273
f 1271 1272 1274
f 1274 1273 1275
f 1275 1263 1276
f 1282 1281 1277
f 82 1289 1290
f 1277 320 1278
f 318 1279 1276
f 1280 1277 1278
f 318 1280 1279
f 1283 317 1262
f 1284 1281 81
f 82 1290 1281
f 81 1282 316
f 81 1281 1282
f 1280 1283 1282
f 318 317 1283
f 321 1284 81
f 1323 333 332
f 1328 1326 1324
f 1308 1298 1302
f 1324 1323 1286
f 1315 334 1352
f 1285 1287 1288
f 1293 324 1291
f 1285 1288 82
f 1287 1293 1288
f 1290 1289 1292
f 1288 1293 1291
f 1277 1290 320
f 1277 1281 1290
f 1289 1291 322
f 1289 1288 1291
f 1290 1292 320
f 1289 322 1292
f 1286 1303 1304
f 1301 1302 1298
f 1301 1298 1299
f 2054 2046 326
f 325 1295 83
f 324 1294 1295
f 1295 1296 83
f 1299 1294 1301
f 2046 2054 2056
f 1296 1295 1299
f 1307 1308 1302
f 1294 1293 1304
f 1296 1299 1297
f 1295 1294 1299
f 2046 2056 1310
f 1297 1298 1300
f 1304 1303 1301
f 1310 1308 1311
f 1303 1302 1301
f 1316 1305 1318
f 1294 1304 1301
f 1332 1331 332
f 1287 1304 1293
f 1287 1286 1304
f 1302 1322 1307
f 1331 1319 332
f 1307 1306 1305
f 1325 1286 1323
f 1313 1309 1311
f 1302 1303 1322
f 1313 331 1309
f 1300 1298 1308
f 1311 1309 1310
f 331 329 1309
f 329 2046 1309
f 1300 1308 1310
f 1307 1311 1308
f 1307 1305 1311
f 1313 1312 331
f 1313 1316 1312
f 1305 1313 1311
f 1305 1316 1313
f 1315 1314 1312
f 330 2001 2043
f 1314 1315 330
f 1312 334 1315
f 1312 1316 334
f 1305 1306 1318
f 1350 1317 1321
f 334 1316 1317
f 1320 1318 1306
f 1317 1316 1318
f 1322 1319 1306
f 1322 1325 1319
f 1331 1320 1319
f 1321 1318 1320
f 1350 1321 84
f 1317 1318 1321
f 1307 1322 1306
f 1303 1286 1325
f 1287 1324 1286
f 1326 333 1323
f 1284 1328 1285
f 1328 321 1327
f 332 1325 1323
f 1322 1303 1325
f 1324 1326 1323
f 1327 314 315
f 1328 1327 1326
f 321 314 1327
f 1285 1328 1324
f 1284 321 1328
f 315 1329 1327
f 315 88 1329
f 88 1330 1329
f 1335 1336 1334
f 333 1332 332
f 1346 1335 1337
f 1330 1332 333
f 1330 1335 1332
f 1321 1333 84
f 1331 1332 1346
f 1415 1414 89
f 1347 1339 1345
f 88 1336 1330
f 1337 87 1346
f 1330 1336 1335
f 88 1256 1336
f 1334 1337 1335
f 1334 1338 1337
f 1410 1338 1334
f 354 1339 1347
f 1343 1339 1340
f 1347 87 1337
f 1385 1376 1381
f 1339 353 1340
f 1360 1341 1380
f 1382 351 1379
f 1340 1342 1343
f 1342 1383 1382
f 1341 1344 1342
f 84 87 1345
f 1349 1344 1348
f 1343 1342 1344
f 1343 1345 1339
f 1343 1344 1349
f 1331 1346 1333
f 1332 1335 1346
f 1338 1347 1337
f 1338 354 1347
f 1349 1348 1350
f 1361 1341 1360
f 1345 1349 84
f 1345 1343 1349
f 1349 1350 84
f 1348 336 1351
f 1350 1351 1317
f 1350 1348 1351
f 336 1352 1351
f 338 1315 1352
f 338 1353 337
f 1352 336 1353
f 1355 1354 337
f 339 127 1354
f 1354 1355 339
f 337 85 1355
f 125 1356 341
f 339 1355 1357
f 86 1357 346
f 1356 339 1357
f 1360 1362 335
f 1378 1374 1364
f 1348 1361 336
f 1361 1344 1341
f 1359 1360 335
f 1359 336 1361
f 1359 1361 1360
f 1348 1344 1361
f 335 1362 1358
f 1380 1341 1382
f 1378 1363 1376
f 1379 351 348
f 86 1364 344
f 1358 1363 1364
f 1366 1365 344
f 1988 1367 1370
f 1373 1366 344
f 1985 105 342
f 1356 1368 341
f 1367 1371 1370
f 1366 1368 1365
f 1988 1985 1986
f 1370 1369 343
f 1371 1366 1373
f 105 1985 343
f 1367 1366 1371
f 1373 1372 1371
f 1369 1370 1371
f 1374 1375 1373
f 21 101 1372
f 1364 1374 344
f 344 1374 1373
f 1363 1378 1364
f 1377 103 1375
f 21 1375 103
f 21 1372 1375
f 347 1376 1385
f 345 1377 1378
f 104 1377 345
f 1375 1374 1377
f 345 1378 1376
f 1377 1374 1378
f 1362 1380 1381
f 1382 1341 1342
f 1381 1380 1379
f 1362 1360 1380
f 1385 1381 1379
f 1363 1362 1381
f 1380 1382 1379
f 1342 1340 1383
f 1382 1383 351
f 1340 353 1384
f 1405 1406 353
f 1386 1383 1384
f 348 1385 1379
f 348 1387 1385
f 350 7 1393
f 1392 351 1386
f 1385 1387 347
f 348 351 1392
f 1389 1388 7
f 1387 348 1388
f 1390 1389 1469
f 1387 1388 1389
f 347 1390 93
f 1387 1389 1390
f 1395 1393 1391
f 1392 1386 1391
f 1393 1392 1391
f 1388 348 1392
f 1388 1393 7
f 1388 1392 1393
f 1403 1400 92
f 1463 349 1464
f 92 1396 1394
f 350 1393 1395
f 1394 1396 1395
f 92 1398 1397
f 1396 1397 349
f 1396 92 1397
f 1443 1398 362
f 1440 358 360
f 92 1400 1398
f 1398 1400 1399
f 1399 1400 1401
f 92 1394 1403
f 358 1401 352
f 358 1399 1401
f 1406 1402 1403
f 1401 1400 1402
f 1391 1404 1394
f 1402 1400 1403
f 1384 1404 1386
f 1384 1406 1404
f 1402 1405 1407
f 353 354 1405
f 353 1406 1384
f 1405 1402 1406
f 1416 1407 1408
f 352 1401 1407
f 1416 1408 1410
f 1407 1405 1408
f 1419 1416 1409
f 1408 1338 1410
f 1336 1411 1334
f 1409 1416 1410
f 1252 1415 1256
f 1409 1410 1411
f 1423 1422 1420
f 1417 89 1412
f 357 1425 1242
f 1412 89 1414
f 1413 1414 1254
f 1413 1412 1414
f 1256 1415 1411
f 1252 1414 1415
f 89 1419 1409
f 352 1407 1416
f 1421 1418 1420
f 355 352 1419
f 1412 1420 1417
f 1421 1439 1418
f 355 1419 1417
f 352 1416 1419
f 1423 1420 1412
f 1418 1417 1420
f 1431 1437 1422
f 1439 360 1418
f 1431 1422 1424
f 1421 1420 1422
f 1426 1425 1424
f 1424 1430 1431
f 1413 1426 1423
f 1425 1429 1430
f 1423 1426 1424
f 1429 1428 1427
f 1253 1426 1413
f 1242 1425 1426
f 1430 1429 356
f 1429 357 1428
f 1427 1428 1240
f 357 1238 1428
f 356 1429 1427
f 1425 357 1429
f 1432 1430 356
f 1424 1425 1430
f 1432 1431 1430
f 1437 1421 1422
f 1437 359 1421
f 1435 359 1437
f 1435 1436 359
f 1441 362 1440
f 1436 1434 359
f 1448 1434 1436
f 1433 1437 1431
f 1433 1435 1437
f 361 1438 1434
f 362 1399 1440
f 359 1439 1421
f 359 1434 1439
f 1438 1440 360
f 1438 1441 1440
f 361 1441 1438
f 1444 20 1443
f 1398 1443 1397
f 1442 1462 1461
f 1442 1443 20
f 1442 1397 1443
f 361 1445 1441
f 1441 1445 1444
f 1447 1445 361
f 1446 1444 1445
f 1451 1446 1449
f 20 1444 1446
f 1450 1445 1447
f 1447 361 1448
f 1452 1451 363
f 1446 1450 1449
f 1446 1445 1450
f 363 1451 1449
f 1462 20 1451
f 364 1452 363
f 91 1462 1452
f 1458 1454 1453
f 1454 1455 1453
f 1455 1454 364
f 1453 1457 1458
f 1499 1453 1455
f 1476 1456 374
f 1457 1453 1500
f 365 1457 1456
f 365 1459 1458
f 365 1458 1457
f 91 1454 1458
f 374 1475 1476
f 1460 366 1464
f 365 1460 1459
f 1474 1479 1473
f 1459 1461 91
f 1459 1460 1464
f 1452 1462 1451
f 91 1461 1462
f 350 1463 366
f 1396 349 1463
f 1461 1464 349
f 1461 1459 1464
f 366 1465 367
f 1476 365 1456
f 1465 1466 367
f 1474 1473 369
f 1474 1467 1466
f 1469 1389 1468
f 367 1468 7
f 367 1466 1468
f 1467 1469 1468
f 368 1658 1659
f 1473 1470 369
f 1473 1480 1470
f 369 1471 368
f 1656 1482 1483
f 1470 1472 1471
f 1470 1481 1472
f 1467 1474 369
f 1481 1477 371
f 1465 1475 1466
f 1479 374 1497
f 1466 1475 1474
f 1465 1460 1476
f 1465 1476 1475
f 1460 365 1476
f 23 1477 1480
f 1490 375 1489
f 23 1490 1477
f 1488 372 1487
f 1473 1479 373
f 1475 374 1479
f 373 1480 1473
f 373 23 1480
f 1480 1481 1470
f 1480 1477 1481
f 1652 1655 1656
f 1472 1481 1482
f 1643 1484 1485
f 1656 410 1652
f 371 1486 1483
f 1486 1487 1484
f 1640 1641 1561
f 1643 1486 1484
f 1478 1486 371
f 1478 1487 1486
f 370 1487 372
f 370 1484 1487
f 1478 1488 1487
f 1489 94 1510
f 1490 1489 1488
f 375 94 1489
f 1478 1490 1488
f 23 375 1490
f 1494 1491 375
f 94 375 1491
f 1498 1502 376
f 1512 1491 1492
f 1503 1493 376
f 1492 1491 1496
f 373 1494 23
f 1497 374 1495
f 1457 1501 1456
f 1496 1494 1497
f 1493 1496 1495
f 1493 1492 1496
f 1496 1497 1495
f 373 1479 1497
f 1500 1453 1499
f 1498 376 1500
f 1498 1500 1499
f 376 1493 1501
f 376 1501 1500
f 1493 1495 1501
f 1505 1503 1504
f 1505 1492 1503
f 1502 1503 376
f 1506 378 1508
f 1502 1504 1503
f 1507 1506 1505
f 1512 1492 1505
f 1512 1506 379
f 1505 1504 1507
f 378 1506 1507
f 1519 1508 24
f 379 1506 1508
f 1510 1509 390
f 379 1508 1509
f 379 1510 94
f 379 1509 1510
f 1488 1511 372
f 1489 1510 1511
f 1506 1512 1505
f 379 94 1512
f 377 1513 97
f 1509 1508 1519
f 382 1533 1515
f 1535 1536 1553
f 1537 1529 1535
f 1514 1555 1515
f 1521 1516 1518
f 382 97 1516
f 1509 1519 1513
f 380 1518 1517
f 1516 1517 1518
f 380 1519 24
f 1517 1513 1519
f 1524 1520 1522
f 1527 1530 1531
f 1532 1516 1521
f 1520 1532 1522
f 1526 1523 1524
f 1527 1531 1523
f 1523 1520 1524
f 4585 4587 4586
f 4583 1527 1525
f 1525 1526 383
f 1525 1523 1526
f 1525 1527 1523
f 25 1529 1530
f 1527 4583 25
f 4584 4580 1528
f 1528 1541 1540
f 1538 96 1535
f 1537 1530 1529
f 1527 25 1530
f 1534 1531 1530
f 1520 1523 1531
f 1522 1532 1521
f 1520 1531 1533
f 1532 1533 382
f 1532 1520 1533
f 1533 1534 1515
f 1533 1531 1534
f 1536 1535 96
f 1537 1534 1530
f 1551 1536 96
f 1553 1514 1537
f 1553 1537 1535
f 1514 1534 1537
f 96 1538 386
f 1535 1529 1538
f 1541 1539 1540
f 286 386 1539
f 1528 1540 25
f 1539 1538 1540
f 4581 4578 4568
f 4570 1542 286
f 4569 1542 4568
f 286 1539 4570
f 1544 1543 385
f 384 1542 1543
f 1579 1580 1581
f 384 1543 1544
f 1581 1545 1544
f 1546 386 286
f 1547 1546 1545
f 1548 386 1546
f 1576 1577 387
f 1551 1549 1536
f 1577 1551 1548
f 1551 96 1548
f 1550 1549 388
f 1559 1560 1558
f 370 1560 95
f 388 1577 1576
f 1547 1577 1548
f 388 1549 1551
f 1550 1563 1549
f 1554 1514 1553
f 1552 1553 1536
f 1555 389 381
f 1552 1554 1553
f 1560 370 1556
f 1515 1555 381
f 1554 1558 1555
f 372 1556 370
f 372 1511 1557
f 377 1557 390
f 1556 372 1557
f 1552 1559 1554
f 1556 389 1558
f 1554 1559 1558
f 1552 1549 1563
f 1558 1560 1556
f 1563 1550 1565
f 99 1638 1566
f 1485 95 1561
f 1560 1562 95
f 1560 1559 1562
f 1559 1563 1562
f 1559 1552 1563
f 388 1564 1550
f 1573 1591 1572
f 1562 1565 1561
f 1562 1563 1565
f 1565 1566 1640
f 1565 1550 1566
f 1576 1574 1567
f 1617 393 1616
f 1567 1568 99
f 1634 1614 391
f 1571 1569 1570
f 1572 393 1569
f 1571 1570 1568
f 1569 393 1614
f 1567 1571 1568
f 1580 387 1547
f 1571 1573 1569
f 1571 1567 1574
f 1569 1573 1572
f 1574 387 1575
f 1571 1574 1573
f 1567 1564 1576
f 1591 1575 1579
f 1573 1574 1575
f 388 1576 1564
f 387 1574 1576
f 387 1577 1547
f 388 1551 1577
f 395 1578 397
f 1575 387 1580
f 1588 1583 283
f 1578 1591 1579
f 1545 1580 1547
f 1579 1575 1580
f 1545 1581 1580
f 4526 385 4567
f 1579 1582 1578
f 1585 1586 396
f 1581 1584 1582
f 1584 1544 385
f 1582 1584 1583
f 1581 1544 1584
f 4524 4523 1596
f 4515 281 4516
f 1587 1586 1585
f 1588 283 1586
f 1590 1582 1583
f 1588 1586 1587
f 1589 1588 1587
f 1590 1583 1588
f 1585 1595 1587
f 397 1578 1590
f 397 1590 1589
f 1578 1582 1590
f 1572 1591 395
f 1573 1575 1591
f 1593 1592 29
f 1594 1587 1595
f 1608 1609 29
f 1611 397 1589
f 1611 1594 1593
f 1589 1587 1594
f 1597 1598 1596
f 1592 1594 1595
f 396 4524 1585
f 1595 1585 1596
f 1599 1597 4510
f 1598 1595 1596
f 1599 1602 1597
f 1592 1595 1598
f 1600 1599 4511
f 1600 1601 1599
f 1756 1755 1600
f 1602 1604 1605
f 1128 1756 1600
f 1607 1608 400
f 1604 1602 1601
f 1605 1598 1602
f 1755 1603 1601
f 1763 1754 1761
f 1603 1604 1601
f 1604 1750 1606
f 1598 1605 1592
f 1604 1606 1605
f 1605 1606 29
f 1604 1603 1750
f 1609 1608 1607
f 1608 398 400
f 1618 1613 1610
f 1606 398 1608
f 1618 1610 1609
f 1593 29 1609
f 397 1611 1612
f 1609 1607 1618
f 1610 1611 1593
f 1610 1612 1611
f 1613 1612 1610
f 1616 395 1612
f 1617 1613 394
f 1617 1616 1613
f 1632 1634 391
f 1570 1569 1614
f 1614 1615 391
f 1614 393 1615
f 395 1616 1572
f 1612 1613 1616
f 1619 1617 394
f 1615 393 1617
f 1620 1618 1607
f 394 1613 1618
f 1615 1619 392
f 1615 1617 1619
f 394 1620 401
f 1607 400 1749
f 1624 1623 407
f 1622 404 1736
f 392 1622 1621
f 392 1619 1622
f 1632 1623 1624
f 392 1621 1623
f 1632 1624 1631
f 1672 98 1626
f 1630 1625 1626
f 1624 407 1627
f 1669 1630 1626
f 1625 1627 1672
f 1624 1627 1625
f 1733 406 1732
f 408 1628 409
f 1631 1624 1625
f 1651 1650 1647
f 1647 410 1645
f 1671 1669 1626
f 1628 100 1630
f 100 1631 1630
f 1631 1633 1632
f 100 1633 1631
f 391 1623 1632
f 1636 1635 1633
f 1634 1632 1633
f 100 1636 1633
f 1570 1614 1634
f 1637 1635 1636
f 1570 1634 1635
f 411 1636 408
f 411 1637 1636
f 1568 1637 99
f 1568 1635 1637
f 1566 1638 1640
f 1637 411 1638
f 1649 409 1648
f 1641 1485 1561
f 1639 1640 1638
f 1639 1641 1640
f 411 408 1649
f 1642 1485 1641
f 1643 1642 1644
f 1641 1639 1646
f 1642 1643 1485
f 1483 1486 1643
f 1643 1644 1483
f 1649 1639 411
f 1629 1647 1648
f 410 1644 1645
f 1642 1646 1645
f 1642 1641 1646
f 22 1651 1629
f 1650 410 1647
f 1629 1648 409
f 1647 1645 1648
f 1646 1649 1648
f 1646 1639 1649
f 1629 1651 1647
f 414 1652 1650
f 1667 1661 1651
f 1661 1650 1651
f 415 1653 414
f 1653 1654 1655
f 1654 1653 412
f 1655 1472 1482
f 1658 1654 412
f 1471 1472 1654
f 1653 1655 1652
f 1654 1472 1655
f 410 1656 1644
f 1655 1482 1656
f 413 1657 104
f 413 412 1657
f 93 1659 413
f 368 1471 1658
f 368 1659 1469
f 1658 413 1659
f 103 1663 21
f 415 414 1660
f 1650 1661 414
f 1651 22 1667
f 1677 1678 1675
f 101 21 1665
f 1657 1663 103
f 1657 415 1663
f 1675 1664 1673
f 1676 1667 1664
f 1666 1665 1662
f 21 1663 1665
f 1664 1675 1676
f 416 101 1666
f 1664 1667 22
f 1662 1661 1667
f 98 1671 1626
f 1664 22 1668
f 22 1670 1668
f 1628 1630 1669
f 409 1670 1629
f 1628 1669 1670
f 1668 1671 1673
f 1668 1669 1671
f 1625 1672 1626
f 1627 1730 1731
f 1675 1673 417
f 1664 1668 1673
f 1673 1674 417
f 1673 1671 1674
f 1677 1675 417
f 1676 1662 1667
f 1678 1676 1675
f 1666 1662 1676
f 107 1679 417
f 102 416 1678
f 1666 1678 416
f 1666 1676 1678
f 1681 1679 107
f 1680 102 1677
f 102 1680 105
f 1679 1681 1983
f 1685 1692 1682
f 1981 1977 106
f 418 1685 419
f 419 1685 1682
f 98 1683 1674
f 419 1682 1683
f 1731 1729 1684
f 1729 1728 1686
f 1688 1689 418
f 1695 495 497
f 1684 1686 418
f 1724 1708 1709
f 1688 1687 421
f 1728 432 1726
f 1686 1688 418
f 421 1706 1688
f 418 1689 1685
f 1706 1705 1693
f 1685 1690 1692
f 1706 421 1705
f 1984 1680 1983
f 1690 1694 1695
f 1979 1692 1691
f 1681 1682 1692
f 1705 1696 1693
f 1966 1697 494
f 1689 1694 1690
f 1693 495 1694
f 1968 1977 497
f 1691 1690 1695
f 1705 1704 1700
f 1887 423 1960
f 1699 1697 1698
f 494 1965 1966
f 1885 1887 420
f 1697 1696 1698
f 1886 1960 423
f 1962 1697 1699
f 1705 1700 1696
f 420 1698 1700
f 1716 1715 6
f 1884 1701 1883
f 1873 1881 1883
f 426 1885 1702
f 433 1707 1704
f 422 420 1703
f 433 1704 421
f 1703 1700 1704
f 1694 1706 1693
f 421 1704 1705
f 1689 1706 1694
f 1689 1688 1706
f 1727 1707 433
f 1709 1710 1711
f 1787 1720 1718
f 430 6 1717
f 1727 1725 1724
f 1717 6 1712
f 1707 1709 1711
f 1709 1708 1710
f 1707 1711 1703
f 1710 1712 1713
f 1702 1713 1701
f 1710 1717 1712
f 1701 1713 1712
f 422 1711 1713
f 1716 1714 1715
f 1870 1795 1868
f 1869 1864 1871
f 1872 1701 1712
f 430 1716 6
f 430 1719 1716
f 1708 1717 1710
f 1708 1718 1717
f 1724 1723 1721
f 1720 110 1719
f 1718 1720 430
f 110 431 1788
f 1721 1787 1718
f 1787 1742 1786
f 1708 1721 1718
f 1738 1735 403
f 1735 1722 1723
f 111 1739 1742
f 1734 1723 1725
f 1722 1721 1723
f 1727 1724 1709
f 1725 1723 1724
f 432 1725 1726
f 432 1734 1725
f 1687 1726 433
f 1687 1686 1728
f 1726 1727 433
f 1726 1725 1727
f 1687 1728 1726
f 1686 1684 1729
f 1730 1729 1731
f 1732 1728 1729
f 407 1730 1627
f 406 432 1732
f 1672 1731 405
f 1672 1627 1731
f 1730 1732 1729
f 1730 1733 1732
f 407 1733 1730
f 407 1621 1733
f 406 1734 432
f 406 403 1734
f 403 1735 1734
f 111 1722 1735
f 1622 1736 1621
f 403 406 1736
f 401 1737 404
f 401 1620 1737
f 404 1738 403
f 404 1737 1738
f 402 1739 111
f 1785 435 431
f 434 1740 1741
f 1784 437 1782
f 435 1785 1740
f 1742 1722 111
f 1785 1786 1741
f 1786 1720 1787
f 434 1746 1740
f 1751 1747 398
f 437 1744 1763
f 1750 398 1606
f 1743 1745 1744
f 1748 434 1739
f 1743 1746 1745
f 1743 1740 1746
f 398 1747 400
f 1746 434 1747
f 1737 1749 402
f 1747 434 1748
f 402 1749 1748
f 1737 1620 1749
f 1752 1750 1603
f 1752 1751 1750
f 1750 1751 398
f 1745 1746 1751
f 1755 1753 1603
f 1745 1751 1752
f 1603 1753 1752
f 1763 1761 439
f 399 1754 1753
f 1758 1088 1757
f 1600 1755 1601
f 399 1753 1755
f 4507 4354 4353
f 399 1755 1756
f 399 4353 1759
f 1769 4349 1768
f 1760 1758 1757
f 399 1756 4353
f 1760 1759 1758
f 1754 399 1759
f 1759 1760 1761
f 4339 1771 1768
f 1759 1761 1754
f 1770 1767 1764
f 1745 1762 1744
f 1745 1752 1762
f 1762 1763 1744
f 1762 1754 1763
f 439 1766 440
f 1770 1757 1769
f 436 1765 1781
f 436 440 1765
f 1760 1766 1761
f 1764 440 1766
f 1766 1770 1764
f 4339 1086 270
f 1769 1768 1767
f 1769 271 4349
f 1770 1769 1767
f 1757 271 1769
f 1760 1770 1766
f 1760 1757 1770
f 1768 1771 1767
f 443 1773 1771
f 1812 1772 5
f 443 1771 4339
f 1811 441 444
f 1773 1809 1808
f 1764 1774 438
f 1771 1773 1774
f 1806 1793 114
f 1779 1777 109
f 1808 1805 1775
f 1775 109 1776
f 1781 1777 1778
f 109 1775 1779
f 1792 1789 1778
f 445 1781 1778
f 1807 1804 1805
f 114 1794 1779
f 1778 1789 445
f 1788 1719 110
f 1783 1782 445
f 1765 1777 1781
f 445 1782 1781
f 1784 1743 1744
f 435 1783 431
f 435 1784 1783
f 1783 1784 1782
f 435 1743 1784
f 110 1785 431
f 110 1786 1785
f 1741 1786 1742
f 110 1720 1786
f 1722 1787 1721
f 1722 1742 1787
f 1789 1790 1780
f 1790 108 1791
f 1790 1789 429
f 1780 445 1789
f 1780 1790 1788
f 429 108 1790
f 1719 1791 1716
f 1719 1788 1791
f 1795 1792 115
f 429 1789 1792
f 1803 1800 446
f 446 447 1793
f 115 1794 114
f 1792 1778 1794
f 447 1798 28
f 1870 1867 1869
f 1798 1796 28
f 1797 428 1868
f 1862 1866 46
f 428 1867 1868
f 1866 1798 46
f 1797 1796 1798
f 447 1799 46
f 468 1840 1843
f 1804 1800 1803
f 449 468 1800
f 1820 1801 1804
f 1819 1802 1801
f 1801 1802 449
f 1823 450 1822
f 1779 1775 1806
f 1806 1775 1805
f 1800 1804 1801
f 1808 1775 1776
f 1803 1805 1804
f 1806 114 1779
f 1803 1806 1805
f 1803 1793 1806
f 1809 1807 1808
f 444 1819 1820
f 1773 1808 1776
f 1807 1805 1808
f 443 1809 1773
f 1812 5 1811
f 1820 1810 444
f 1807 1809 1810
f 1809 1812 1810
f 1813 268 1814
f 1772 1812 443
f 1811 1810 1812
f 5 4335 1811
f 4336 442 1073
f 1813 1814 441
f 268 1816 1815
f 1814 1815 1817
f 1814 268 1815
f 1825 1816 453
f 4293 267 452
f 1818 1817 451
f 1824 1825 1821
f 1802 1819 451
f 444 441 1818
f 1818 1819 444
f 1818 451 1819
f 1801 1820 1819
f 1804 1807 1820
f 455 1830 454
f 455 457 1830
f 1841 1822 1839
f 450 1832 1835
f 1841 1823 1822
f 451 1817 1823
f 1817 1824 1823
f 1817 1815 1824
f 1821 1825 454
f 1824 1815 1825
f 454 1827 455
f 4280 4284 4276
f 453 1827 454
f 453 452 1827
f 456 1828 1831
f 456 1826 4279
f 4279 1829 1828
f 4 3051 1829
f 1821 1830 1832
f 1821 454 1830
f 458 1834 751
f 457 456 1831
f 457 1833 1830
f 461 1835 1832
f 1831 1834 457
f 458 461 1833
f 457 1834 1833
f 3048 3050 3046
f 1838 1835 460
f 1822 450 1835
f 459 1836 460
f 459 464 3001
f 1838 1837 1846
f 1836 112 1837
f 1837 1838 460
f 1839 448 1841
f 1846 1839 1838
f 465 448 1839
f 449 1840 468
f 465 462 1840
f 1802 1841 448
f 1802 451 1841
f 112 1848 1837
f 45 462 1842
f 1799 1843 467
f 1799 468 1843
f 1843 1844 467
f 45 1845 1844
f 1863 1845 1852
f 45 1842 1847
f 465 1846 1842
f 465 1839 1846
f 1851 1847 1849
f 1850 45 1847
f 1842 1848 1847
f 1842 1846 1848
f 2996 1851 1849
f 1851 1850 1847
f 1853 1850 1851
f 1845 45 1850
f 2998 2996 1849
f 116 2995 1853
f 1857 1852 1855
f 1861 1863 1852
f 116 1853 1851
f 1854 1852 1845
f 463 1854 1853
f 463 1855 1854
f 1857 1855 1856
f 1852 1854 1855
f 475 1856 1855
f 474 472 1858
f 1858 1857 1856
f 1861 466 1862
f 1859 1858 472
f 1859 1860 1858
f 1902 1900 472
f 1878 1877 1865
f 1858 1860 1857
f 1859 469 1878
f 1857 1861 1852
f 1860 466 1861
f 467 1862 46
f 467 1844 1863
f 1862 1863 1861
f 1862 467 1863
f 1873 1872 1715
f 1871 1714 1869
f 1797 1865 428
f 466 1860 1878
f 1797 1866 1865
f 1797 1798 1866
f 108 429 1870
f 428 1875 1867
f 1796 1868 1795
f 1796 1797 1868
f 108 1869 1714
f 1867 1864 1869
f 1867 1870 1868
f 1869 108 1870
f 1714 1871 1715
f 1864 427 1874
f 1871 1873 1715
f 1871 1864 1874
f 1874 1873 1871
f 1883 1872 1873
f 1879 1874 427
f 1881 1873 1874
f 1864 1875 427
f 1864 1867 1875
f 1899 1876 1898
f 427 1875 1876
f 1875 1877 1876
f 1875 428 1877
f 1859 1878 1860
f 469 1877 1878
f 1876 1899 427
f 425 1881 1879
f 1900 1896 1898
f 1893 471 1894
f 1879 1881 1874
f 425 1890 1882
f 425 1882 1881
f 424 426 1884
f 424 1884 1882
f 1701 1872 1883
f 1701 1884 1702
f 1883 1882 1884
f 422 1885 420
f 426 423 1885
f 1959 1886 1958
f 1890 424 1882
f 1698 1887 1699
f 1698 420 1887
f 423 1888 1886
f 423 426 1888
f 1891 1889 470
f 1958 1888 1889
f 1880 1892 425
f 1889 424 1890
f 490 1891 470
f 490 1914 1891
f 1890 1892 470
f 1890 425 1892
f 1880 1893 1892
f 1895 471 1893
f 1892 1894 470
f 471 489 1894
f 1897 1896 1895
f 473 1906 1895
f 1902 1896 1900
f 1895 1893 1897
f 1880 1897 1893
f 1897 1899 1898
f 1880 1899 1897
f 1876 469 1898
f 1879 1899 1880
f 1879 427 1899
f 469 1900 1898
f 1859 472 1900
f 474 1901 476
f 474 1856 1901
f 476 1903 474
f 473 1896 1902
f 1904 1903 476
f 1905 1902 1903
f 1901 2979 476
f 117 478 1905
f 117 1905 1904
f 478 473 1905
f 471 1906 1911
f 471 1895 1906
f 117 1907 478
f 2974 2976 2973
f 1906 1908 1911
f 1907 479 1908
f 477 1921 480
f 1909 1921 1910
f 1921 1912 1913
f 1913 489 1911
f 1913 1911 1910
f 489 471 1911
f 1915 1919 487
f 1913 1910 1921
f 488 1913 1912
f 488 489 1913
f 1918 1914 488
f 493 1891 1914
f 1933 1915 487
f 1934 484 1915
f 1959 1916 1955
f 493 1914 1917
f 1916 1917 492
f 1916 493 1917
f 1917 1918 1919
f 1917 1914 1918
f 1917 1919 492
f 1918 1912 1920
f 1919 1920 487
f 1919 1918 1920
f 480 1921 1909
f 477 1912 1921
f 482 1922 121
f 482 120 2197
f 527 1925 1922
f 1929 1931 1923
f 2208 2205 2195
f 120 481 1924
f 1923 1925 1929
f 527 483 2192
f 1927 1926 1929
f 2113 35 2116
f 527 1928 1925
f 530 1926 1927
f 1925 1928 1927
f 2192 548 2191
f 1931 1929 528
f 1925 1927 1929
f 2101 1940 1942
f 124 122 1930
f 1923 1931 486
f 528 122 1931
f 486 1932 485
f 122 124 1936
f 481 1933 487
f 121 486 1934
f 484 1934 485
f 1933 121 1934
f 485 1935 484
f 485 1932 1937
f 505 1937 1938
f 1937 1932 1936
f 1938 1937 1936
f 505 1935 1937
f 124 1939 1936
f 502 1950 1938
f 503 1946 504
f 502 1938 1939
f 2102 1940 2101
f 503 504 1940
f 2094 2097 2099
f 1945 1943 498
f 526 1942 1930
f 2101 2104 2102
f 2021 2019 508
f 2019 2015 2017
f 2103 2098 2100
f 1941 2102 2103
f 503 1945 501
f 1944 1943 1945
f 1947 1946 501
f 502 1939 1946
f 1950 502 1951
f 501 498 1948
f 1949 1948 30
f 1947 501 1948
f 1969 1949 30
f 118 27 1951
f 1938 1950 505
f 502 1947 1951
f 1949 1951 1947
f 1949 118 1951
f 1970 1967 1969
f 1967 497 1965
f 1955 1954 491
f 1950 27 1953
f 1956 1954 1955
f 505 1953 1954
f 1957 1955 491
f 1916 1956 1955
f 492 1956 1916
f 1935 1954 1956
f 1953 1961 491
f 1960 1886 1957
f 1888 1958 1886
f 1891 493 1958
f 1957 1959 1955
f 1957 1886 1959
f 1963 1962 1699
f 1699 1887 1960
f 491 1961 1963
f 27 118 1964
f 1960 1963 1699
f 1961 1964 1962
f 491 1963 1957
f 1961 1962 1963
f 1952 1964 118
f 1952 494 1964
f 1952 1965 494
f 1968 496 106
f 495 1966 1965
f 1696 1697 1966
f 1952 1967 1965
f 1970 30 1971
f 1977 1968 106
f 1967 1970 1968
f 1952 1969 1967
f 1952 118 1969
f 1968 1970 496
f 1969 30 1970
f 1970 1971 496
f 2017 2018 498
f 496 1975 1976
f 1999 500 1994
f 1974 1973 1972
f 2012 123 499
f 1993 1974 1972
f 496 1971 1975
f 1974 1975 2013
f 1974 1976 1975
f 1993 1976 1974
f 106 496 1976
f 497 1977 1695
f 106 1978 1981
f 1976 1978 106
f 1984 342 105
f 1981 1979 1691
f 1983 1680 1679
f 1993 1991 1980
f 1991 1986 342
f 1977 1981 1691
f 1978 1980 1982
f 1981 1982 1979
f 1981 1978 1982
f 1982 1983 1979
f 1982 1984 1983
f 1680 1984 105
f 1982 1980 1984
f 343 1985 1370
f 342 1986 1985
f 1980 1991 342
f 1988 1990 1987
f 1367 1987 1368
f 1995 1972 1973
f 1990 1988 1986
f 1987 1367 1988
f 1972 1995 1992
f 1999 1994 1998
f 1987 1990 1989
f 1986 1991 1992
f 1978 1993 1980
f 1972 1992 1991
f 1990 1992 1997
f 1990 1986 1992
f 1976 1993 1978
f 1972 1991 1993
f 1996 2003 2000
f 2000 125 1998
f 1992 1995 1997
f 1973 499 1995
f 2007 1996 1994
f 1994 500 2007
f 1990 1997 1989
f 2014 500 1999
f 1997 1999 1989
f 1994 2000 1998
f 1989 1999 1998
f 1997 1995 2014
f 125 2000 127
f 1994 1996 2000
f 2043 2001 2042
f 330 340 2001
f 2000 2003 127
f 2001 340 2002
f 2002 2003 2004
f 2002 127 2003
f 2042 2004 2041
f 2001 2002 2004
f 2037 2038 2039
f 2004 2003 2005
f 2009 2036 2008
f 2048 2032 2050
f 2011 2008 500
f 2006 1996 2007
f 500 2008 2007
f 2010 2035 2037
f 2011 2009 2008
f 2034 510 2023
f 2007 2010 2006
f 2009 511 2022
f 2014 2011 500
f 123 2009 2011
f 2013 2012 1973
f 2018 2016 1971
f 1974 2013 1973
f 1975 1971 2016
f 1997 2014 1999
f 1995 499 2014
f 2017 2015 2016
f 2020 123 2012
f 2013 2016 2015
f 2013 1975 2016
f 1943 2017 498
f 2019 2021 2020
f 498 2018 1948
f 2017 2016 2018
f 1943 2019 2017
f 1943 508 2019
f 2019 2020 2015
f 511 123 2020
f 2025 2024 2021
f 2024 2022 511
f 2009 2022 2036
f 511 2021 2024
f 509 2026 510
f 2028 516 512
f 508 2025 2021
f 510 2022 2024
f 1944 2100 508
f 509 2024 2025
f 2098 507 2105
f 2096 131 2095
f 2026 2029 2023
f 31 130 2030
f 2033 2028 512
f 2027 31 2028
f 2097 2096 2026
f 517 2027 2029
f 2073 2030 130
f 516 2028 2030
f 2073 2031 2030
f 2050 2032 2031
f 2049 2040 2041
f 2038 516 2032
f 2035 2033 512
f 2023 2027 2033
f 2035 2034 2033
f 2022 510 2034
f 2037 2035 512
f 2036 2022 2034
f 2010 2036 2035
f 2010 2008 2036
f 2010 2037 2006
f 512 516 2038
f 2041 2039 2049
f 2037 512 2038
f 2006 2039 2005
f 2006 2037 2039
f 2042 2041 2040
f 2049 2032 2048
f 2005 2041 2004
f 2005 2039 2041
f 2043 2042 328
f 2001 2004 2042
f 2045 2043 328
f 1314 330 2043
f 2047 2044 513
f 327 328 2044
f 331 2045 329
f 331 1314 2045
f 1309 2046 1310
f 326 2051 2054
f 2052 2047 513
f 326 327 2047
f 2044 2048 513
f 2044 2040 2048
f 2032 2049 2038
f 2048 2040 2049
f 2065 2066 2064
f 513 2048 2050
f 2054 2051 515
f 326 2047 2051
f 126 2062 33
f 2053 2051 2052
f 2050 2069 2071
f 2062 514 515
f 514 2055 515
f 2056 1300 1310
f 2061 2055 514
f 2054 515 2055
f 2055 2056 2054
f 2055 2057 2056
f 1297 2057 2058
f 1297 1300 2057
f 2060 2059 2058
f 2059 1296 2058
f 1296 2059 83
f 2061 514 2063
f 2063 2060 2061
f 2058 2061 2060
f 2058 2057 2061
f 2064 2066 2053
f 126 514 2062
f 126 2063 514
f 2052 2064 2053
f 2070 2065 2064
f 2068 2079 2065
f 2066 2062 2053
f 2067 2066 2065
f 33 2062 2066
f 2066 2067 33
f 2072 2075 129
f 2076 2077 2078
f 2070 2069 128
f 2071 2052 513
f 2071 2070 2064
f 128 2068 2070
f 2070 2071 2069
f 2064 2052 2071
f 2092 2072 2074
f 129 130 2072
f 2069 2073 128
f 2069 2031 2073
f 31 2074 130
f 517 518 2074
f 129 2075 2076
f 128 2076 2068
f 2075 2077 2076
f 2081 32 2082
f 2068 2076 2078
f 2065 2079 2067
f 2068 2078 2079
f 2075 2080 2077
f 2075 2081 2080
f 2075 2072 2081
f 2081 2082 2080
f 2085 2083 524
f 2083 2093 2091
f 32 2084 2082
f 2086 2083 2085
f 522 2085 524
f 521 2084 2086
f 521 2086 2085
f 2084 32 2086
f 2090 2087 519
f 2089 2088 2129
f 2106 2107 2111
f 2129 523 2128
f 2090 2089 2087
f 525 2088 2089
f 131 2090 519
f 131 506 2090
f 2093 2092 518
f 518 2095 2091
f 2091 2093 518
f 2081 2072 2092
f 2086 2093 2083
f 32 2092 2093
f 2096 2097 506
f 2100 2099 2025
f 517 2095 518
f 517 2029 2095
f 2029 2096 2095
f 2029 2026 2096
f 509 2097 2026
f 2094 506 2097
f 2099 2098 2094
f 2099 2100 2098
f 509 2099 2097
f 509 2025 2099
f 508 2100 2025
f 1944 1941 2103
f 526 2101 1942
f 2115 529 2113
f 2098 2103 507
f 1941 1940 2102
f 1944 2103 2100
f 2102 507 2103
f 526 2114 2101
f 2106 2105 507
f 2108 2105 525
f 2094 2098 2105
f 2114 2107 2104
f 525 2105 2106
f 2104 2107 2106
f 2112 2116 2120
f 2094 2108 506
f 525 2089 2108
f 2112 2109 2107
f 2126 2123 534
f 2111 2110 2088
f 2122 531 532
f 2106 2111 525
f 2109 2110 2111
f 2114 2112 2107
f 2116 531 2120
f 530 2113 1926
f 530 35 2113
f 2101 2114 2104
f 526 529 2115
f 2114 2115 2112
f 2114 526 2115
f 2115 2116 2112
f 35 531 2116
f 530 2117 2118
f 2194 483 547
f 2119 2118 1
f 35 530 2118
f 35 2119 531
f 1 132 2119
f 2109 2120 2121
f 2109 2112 2120
f 2109 2121 2110
f 2120 531 2122
f 2124 2123 2122
f 2123 2121 2122
f 532 2124 2122
f 534 2125 2126
f 132 2144 532
f 533 2135 2124
f 523 2125 133
f 2125 2127 2126
f 523 2127 2125
f 2110 2121 2126
f 2110 2127 2088
f 2110 2126 2127
f 2087 2128 524
f 523 2132 2128
f 2127 2129 2088
f 2128 2087 2129
f 2134 2130 133
f 2133 2131 2132
f 522 2132 2131
f 522 2128 2132
f 2130 2133 133
f 2125 2134 133
f 2135 533 2141
f 534 2135 2136
f 534 2123 2135
f 2139 2137 2136
f 2137 2134 2136
f 2134 2137 2130
f 2139 2141 2138
f 537 2138 536
f 2141 2139 2136
f 533 2142 536
f 2159 135 2163
f 2135 2141 2136
f 533 536 2141
f 536 2142 2140
f 2142 2144 2143
f 2189 2184 2186
f 2142 533 2144
f 532 2144 2124
f 132 2143 2144
f 134 2164 2165
f 2147 2142 2143
f 2149 2146 2148
f 2146 2186 2185
f 2146 2149 2145
f 2140 2142 2147
f 2151 2149 2150
f 2165 538 134
f 2145 2149 2147
f 2148 2150 2149
f 2153 2150 2148
f 2151 2140 2147
f 2154 2151 2150
f 535 2140 2151
f 2156 2152 2153
f 2164 2155 2153
f 2152 2150 2153
f 2152 2154 2150
f 2153 2155 2156
f 2164 2148 2165
f 2157 2156 2155
f 541 2157 135
f 135 2158 541
f 135 2159 2158
f 540 2159 539
f 2342 2343 2344
f 2159 2160 2158
f 2159 540 2160
f 540 2161 2160
f 540 136 2161
f 2168 2162 2166
f 136 540 2162
f 539 2163 134
f 539 2159 2163
f 2155 2164 2163
f 2153 2148 2164
f 2146 2165 2148
f 2146 2185 2165
f 546 2166 538
f 2162 539 2166
f 2176 2171 2174
f 2168 546 2178
f 2169 2168 2167
f 2166 546 2168
f 2174 2171 2170
f 136 2162 2169
f 2174 2170 2169
f 2332 2328 2329
f 2167 2174 2169
f 544 2175 2328
f 2170 2172 147
f 2170 2171 2172
f 2171 2176 544
f 2244 138 2246
f 542 2174 2167
f 2176 2173 544
f 139 2175 2173
f 144 2328 2175
f 542 2176 2174
f 542 2177 2176
f 2176 2177 2173
f 542 545 2179
f 2167 2178 545
f 2167 2168 2178
f 2177 2179 138
f 545 2178 2181
f 2189 2190 2184
f 2198 547 2195
f 2182 2181 137
f 2199 545 2181
f 548 2182 2180
f 2194 2192 483
f 538 2183 546
f 2190 2189 2187
f 2185 2184 2183
f 2188 2143 132
f 538 2185 2183
f 2146 2145 2186
f 2185 2186 2184
f 2145 2143 2188
f 2118 2187 1
f 2118 2117 2187
f 1 2188 132
f 2186 2145 2188
f 1 2189 2188
f 1 2187 2189
f 2191 2190 2187
f 2180 2184 2190
f 2190 2191 548
f 2187 2117 2191
f 1928 2192 2191
f 1928 527 2192
f 2199 2193 2198
f 2182 548 2194
f 2182 2194 2193
f 548 2192 2194
f 2245 2246 2203
f 547 483 2196
f 1924 2207 2208
f 2195 547 2196
f 2196 2197 120
f 527 1922 2197
f 2179 2199 2201
f 2193 547 2198
f 545 2199 2179
f 2181 2193 2199
f 2204 2202 2200
f 2245 2221 2243
f 2204 2201 2198
f 138 2179 2201
f 2201 2204 2200
f 2195 2196 2208
f 2202 2203 2200
f 2221 2222 2220
f 2195 2204 2198
f 2195 2205 2204
f 2213 2212 549
f 2202 2204 2205
f 2209 2206 2207
f 2216 552 2218
f 2211 2209 2207
f 2206 2205 2207
f 1924 2208 120
f 2207 2205 2208
f 1924 2211 2207
f 2213 549 551
f 2209 2210 2206
f 2209 2212 2210
f 119 2211 1924
f 119 477 2211
f 480 2212 2209
f 480 1909 2212
f 552 2216 551
f 2210 2212 2213
f 2975 2214 1907
f 549 479 2214
f 552 2215 553
f 551 2214 2215
f 2219 2216 2218
f 2220 2213 2216
f 2970 2972 554
f 2223 550 2218
f 2229 2223 2218
f 550 2219 2218
f 2243 2219 550
f 2220 2216 2219
f 2210 2220 2222
f 2210 2213 2220
f 2202 2222 2203
f 2220 2219 2221
f 2210 2222 2206
f 2221 2203 2222
f 2229 2226 2223
f 2226 2224 2223
f 2225 2224 558
f 2239 2242 2224
f 2230 2234 560
f 2239 2224 2225
f 2227 2226 2217
f 558 2224 2226
f 2962 2957 2958
f 558 2226 2227
f 560 2228 556
f 558 2227 2228
f 552 2229 2218
f 552 553 2229
f 556 2230 560
f 2236 2235 561
f 2958 2231 556
f 2959 557 2956
f 2919 2918 2959
f 182 559 2232
f 559 2233 2230
f 559 182 2268
f 560 2234 2225
f 2238 561 562
f 2233 2235 2234
f 2267 2268 2266
f 2239 2236 2238
f 2234 2235 2236
f 2238 2237 140
f 2251 143 2250
f 2239 2238 140
f 2236 561 2238
f 2236 2239 2225
f 140 2241 2242
f 2241 2240 543
f 2250 143 2249
f 2240 2241 140
f 2243 2221 2219
f 140 2242 2239
f 2241 550 2242
f 543 2243 2241
f 543 2245 2243
f 2173 2244 139
f 2177 138 2244
f 2221 2245 2203
f 2247 2244 2246
f 2200 2246 138
f 2200 2203 2246
f 2245 2247 2246
f 543 2240 2248
f 543 2248 2247
f 2240 2237 2250
f 144 2249 143
f 2175 139 2249
f 2248 2250 2249
f 2248 2240 2250
f 2237 2251 2250
f 562 564 2251
f 2264 2252 563
f 141 142 2257
f 2326 2254 2253
f 2254 564 2253
f 143 2254 2327
f 143 2251 2254
f 563 2255 2253
f 2258 142 574
f 2255 2256 576
f 2255 2252 2256
f 2252 2257 2256
f 2252 141 2257
f 2257 2258 575
f 2257 142 2258
f 142 2259 574
f 142 141 2262
f 2276 2282 2278
f 2279 566 181
f 2279 2261 2259
f 2260 2281 2300
f 2259 2262 566
f 141 2252 2264
f 2268 2233 559
f 2262 141 2263
f 565 2264 563
f 565 2265 2264
f 2235 2265 561
f 2263 2264 2265
f 2265 2267 2263
f 2267 2235 2233
f 2263 2267 2266
f 2265 2235 2267
f 567 2268 182
f 2267 2233 2268
f 180 2269 568
f 180 2273 2275
f 181 2270 2269
f 567 182 2270
f 2270 2271 568
f 182 2232 2271
f 569 2272 180
f 2913 2915 2911
f 2272 2273 180
f 571 2900 2901
f 2914 2903 2274
f 2293 570 2292
f 180 2275 2269
f 2273 2274 2276
f 2273 2276 2275
f 2284 2286 2283
f 2269 2277 181
f 2275 2276 2278
f 2275 2278 2277
f 2281 2282 2280
f 2261 2279 2260
f 2259 566 2279
f 641 2292 570
f 2281 2260 2278
f 573 2281 2280
f 573 2297 2300
f 2278 2282 2281
f 2903 2286 2274
f 2284 2283 2293
f 572 2289 2290
f 2276 2284 2282
f 2276 2274 2284
f 2290 2285 572
f 2914 2274 2273
f 2283 2286 2285
f 2284 2274 2286
f 2589 2590 648
f 2582 645 644
f 176 2288 179
f 2596 651 38
f 2579 2580 2591
f 2290 2283 2285
f 2291 2290 2289
f 570 2283 2290
f 570 2291 641
f 570 2290 2291
f 2293 2292 2280
f 641 643 2295
f 2282 2293 2280
f 2282 2284 2293
f 2296 2294 161
f 573 2280 2294
f 2576 2295 643
f 161 2294 2295
f 2305 2304 2301
f 2304 2302 2303
f 2299 2297 2301
f 573 2296 2297
f 574 2298 2258
f 2304 578 2302
f 574 2299 2298
f 574 2261 2299
f 2260 2300 2261
f 2281 573 2300
f 2299 2301 2298
f 2297 2296 2306
f 2321 2303 2302
f 2304 2298 2301
f 2319 2321 2302
f 575 2258 2303
f 2298 2304 2303
f 2307 2296 161
f 2307 2308 2306
f 578 2304 2305
f 2301 2306 2305
f 2301 2297 2306
f 2295 2576 161
f 2308 2305 2306
f 2572 2573 2307
f 598 2310 2308
f 2311 2309 596
f 2312 2319 2309
f 2305 2310 578
f 598 2387 2310
f 2387 2384 596
f 2317 579 577
f 2317 580 2316
f 2309 2311 2312
f 2311 2313 2312
f 2381 2378 2379
f 2313 2314 2312
f 2360 591 2315
f 579 2315 590
f 579 2317 2315
f 2314 2316 2312
f 2319 2302 2309
f 580 2317 577
f 2314 2315 2317
f 2336 2334 2330
f 2334 582 2333
f 580 2320 2316
f 2322 581 576
f 2316 2320 2319
f 580 581 2320
f 581 2322 2320
f 575 2303 2321
f 2256 2322 576
f 2321 2320 2322
f 2335 2323 2324
f 582 583 2332
f 2318 2324 581
f 2318 2335 2324
f 2330 2325 2323
f 2328 2331 544
f 145 2326 2253
f 2327 144 143
f 2325 2327 2326
f 2332 583 2331
f 2325 2329 2327
f 583 2172 2331
f 144 2329 2328
f 2325 2330 2333
f 2318 2337 2335
f 2333 2332 2329
f 2171 2331 2172
f 2171 544 2331
f 2328 2332 2331
f 2329 2325 2333
f 2334 2333 2330
f 582 2332 2333
f 2335 2336 2330
f 146 582 2334
f 2323 2335 2330
f 2318 577 2337
f 2337 2336 2335
f 37 2339 2340
f 2356 2337 577
f 2357 2340 2336
f 587 2338 34
f 2350 36 2349
f 2351 2339 37
f 587 34 2339
f 2337 2357 2336
f 2339 146 2340
f 2342 2341 34
f 2344 2343 147
f 2338 2342 34
f 2343 2161 147
f 2348 2343 2342
f 586 2161 2343
f 2172 2344 147
f 583 2341 2344
f 2348 2345 586
f 2338 584 2350
f 2347 2346 2158
f 2160 2347 2158
f 2345 585 2347
f 2343 2348 586
f 2338 2350 2348
f 2350 2349 2345
f 2348 2350 2345
f 584 36 2350
f 2339 2351 587
f 588 2352 2351
f 2358 2355 588
f 2359 2362 2366
f 2355 2359 2363
f 587 2354 584
f 2352 2353 2354
f 588 2355 2363
f 589 590 2361
f 589 2356 579
f 2358 2357 2356
f 2356 2357 2337
f 37 2340 2357
f 2357 2358 37
f 2356 589 2358
f 2363 2359 2364
f 2314 2360 2315
f 2313 594 2381
f 2355 2361 2359
f 2355 589 2361
f 2361 2362 2359
f 2368 2369 2370
f 2352 2363 2365
f 2352 588 2363
f 2352 2365 2353
f 2363 2364 2365
f 2359 2366 2364
f 2362 2367 2366
f 2362 592 2368
f 2362 2368 2367
f 2375 2377 2378
f 2380 2377 2369
f 2372 2373 2371
f 2368 2370 2367
f 2369 593 2370
f 2372 2371 593
f 2377 2372 2369
f 2414 150 2413
f 2371 2373 604
f 2372 2375 2373
f 2381 2379 2360
f 2396 2392 2395
f 2377 2375 2372
f 2374 2376 2375
f 2375 2376 2373
f 2374 148 2394
f 2368 2380 2369
f 2380 591 2379
f 2379 2378 2377
f 2382 148 2374
f 2380 2379 2377
f 591 2360 2379
f 592 2380 2368
f 592 591 2380
f 2313 2381 2360
f 2390 160 595
f 2381 2382 2378
f 2381 594 2382
f 594 2383 2382
f 594 2311 2384
f 596 2384 2311
f 2385 2388 2391
f 2388 2385 160
f 2391 2387 2385
f 597 2389 39
f 2385 598 2386
f 2310 2387 596
f 598 2385 2387
f 2390 2388 160
f 2391 2384 2387
f 2386 2389 160
f 2386 2574 2389
f 2395 2390 601
f 2392 2388 2390
f 2393 2391 2388
f 2383 2384 2391
f 2414 2415 2396
f 2393 2383 2391
f 2397 2393 2392
f 148 2383 2393
f 2374 2394 2376
f 2397 2392 2396
f 2396 2395 150
f 2392 2390 2395
f 2414 2396 150
f 2415 2397 2396
f 148 2397 2394
f 148 2393 2397
f 639 2400 2401
f 2401 2400 2399
f 2402 2399 2400
f 2405 602 2407
f 2402 2400 599
f 2399 2398 2401
f 597 2401 2398
f 597 2570 2401
f 600 2403 599
f 159 2406 2404
f 2474 2403 158
f 159 2402 2403
f 2402 2404 2399
f 2402 159 2404
f 2398 2405 601
f 2404 602 2405
f 2474 2472 2473
f 2429 2410 2411
f 2408 2407 602
f 150 2395 2407
f 2474 617 2472
f 2412 2413 2408
f 602 2409 2408
f 2421 2422 2423
f 2411 2410 2409
f 2428 609 2426
f 2406 2411 2409
f 608 2429 2411
f 2427 2412 2410
f 2408 2409 2412
f 2420 2419 2415
f 150 2408 2413
f 2421 2420 2414
f 2415 2394 2397
f 605 2416 2420
f 2419 2394 2415
f 2420 2415 2414
f 605 603 2416
f 604 2418 2417
f 2376 2418 2373
f 2416 2417 2418
f 2376 2419 2418
f 2376 2394 2419
f 2413 2421 2414
f 2416 2419 2420
f 2412 2422 2413
f 605 2420 2421
f 2423 2422 606
f 2421 2413 2422
f 605 2423 607
f 605 2421 2423
f 2435 2436 609
f 2424 2425 606
f 606 2426 2424
f 606 2427 2426
f 2422 2427 606
f 2422 2412 2427
f 608 2430 2429
f 2426 2427 2428
f 11 2430 608
f 2428 2410 2429
f 2469 2432 2433
f 2431 2434 2430
f 2434 2431 2435
f 2469 11 618
f 2451 2447 610
f 11 2433 2430
f 2432 2449 2433
f 2428 2434 609
f 2428 2429 2434
f 2434 2435 609
f 2437 609 2436
f 2424 2426 2437
f 2438 2440 2439
f 2435 2438 2436
f 2446 2440 2448
f 2448 2440 2438
f 2444 151 611
f 152 2442 2440
f 2440 2442 2441
f 152 151 2442
f 2442 2443 2441
f 2455 153 613
f 2442 2444 2443
f 2442 151 2444
f 2444 2445 2443
f 2456 153 2455
f 2447 2446 2432
f 152 2440 2446
f 610 2447 2432
f 151 152 2447
f 2435 2448 2438
f 2435 2431 2448
f 2431 2449 2448
f 2431 2433 2449
f 2451 2470 611
f 612 2452 2450
f 155 2451 610
f 611 151 2451
f 2450 2452 153
f 612 614 2452
f 153 2453 613
f 2461 614 2462
f 626 2457 2460
f 2445 2444 2456
f 2445 2456 2455
f 2444 611 2456
f 2458 2457 2495
f 2461 2453 2452
f 2459 2457 2458
f 2454 2453 2460
f 2459 2460 2457
f 2459 2454 2460
f 2453 2461 2460
f 2452 614 2461
f 2492 2462 2465
f 626 2461 2462
f 625 2463 629
f 2502 157 2500
f 2465 2466 616
f 2471 618 617
f 623 2465 616
f 2462 614 2465
f 2464 2466 615
f 2465 614 2466
f 615 2467 2464
f 615 155 2467
f 610 2468 155
f 2469 2433 11
f 610 2469 2468
f 610 2432 2469
f 611 2470 2450
f 2451 155 2470
f 2475 2471 617
f 2467 2468 2471
f 11 2472 618
f 608 2411 2473
f 2406 2473 2411
f 2406 159 2473
f 159 2474 2473
f 159 2403 2474
f 158 2475 617
f 619 2476 2478
f 2464 2476 616
f 2464 2478 2476
f 2475 2477 619
f 158 600 2477
f 619 2478 2475
f 2464 2467 2478
f 2482 2480 2479
f 154 621 2554
f 2479 2480 154
f 2479 2483 2482
f 616 2481 623
f 2476 622 2481
f 2485 2482 2483
f 2490 2491 2482
f 2485 2483 2484
f 2550 2554 2553
f 2485 2484 631
f 2548 638 2547
f 2525 2487 2527
f 2486 2490 2485
f 2490 2486 2489
f 2485 631 2486
f 2513 2504 2508
f 2527 631 2526
f 627 2508 2487
f 2489 2486 2488
f 629 2489 625
f 2490 2482 2485
f 629 2490 2489
f 2491 623 2480
f 629 2491 2490
f 629 2492 2491
f 623 2492 2465
f 623 2491 2492
f 625 2493 2463
f 2495 2457 2493
f 625 2494 2493
f 2506 2489 2488
f 2494 2495 2493
f 624 2458 2495
f 2495 2496 624
f 2505 2506 2488
f 2496 2497 2498
f 2496 2494 2503
f 2499 2498 2497
f 2502 2499 2497
f 2501 2500 157
f 628 2501 157
f 2499 2502 2500
f 2497 2503 2504
f 2496 2503 2497
f 2494 625 2506
f 2497 2504 2502
f 2505 2488 2487
f 2503 2505 2504
f 2503 2506 2505
f 2494 2506 2503
f 625 2489 2506
f 157 2513 156
f 2508 627 2507
f 156 2513 2507
f 2504 2505 2508
f 627 2521 2507
f 2667 2664 2678
f 156 2510 628
f 2676 2673 2674
f 2512 2511 628
f 2510 2512 628
f 2670 2518 2668
f 2507 2513 2508
f 157 2502 2513
f 2677 2676 2674
f 2516 2515 168
f 2515 2516 2670
f 2510 2509 2519
f 2512 2517 2516
f 2519 2520 2523
f 2517 2518 2516
f 2517 2510 2519
f 2517 2519 2665
f 2525 627 2487
f 2663 2520 2522
f 2519 2509 2520
f 2509 2521 2520
f 2509 2507 2521
f 2521 2522 2520
f 2526 2525 2527
f 2661 2664 630
f 2665 2519 2523
f 2521 2524 2522
f 2521 627 2524
f 2484 2530 631
f 2524 627 2525
f 2529 2528 2526
f 2528 2525 2526
f 2488 2527 2487
f 2486 631 2527
f 2535 2528 2529
f 2533 2524 2528
f 2531 2529 2530
f 2531 2532 2529
f 2549 2547 635
f 2529 2526 2530
f 2484 2548 2549
f 2653 2652 633
f 635 2536 2531
f 2647 2537 2539
f 2652 2534 2533
f 2522 2524 2533
f 2663 2534 2651
f 2533 2535 2652
f 632 2535 2532
f 2533 2528 2535
f 2531 2536 2532
f 2545 634 2542
f 2532 2537 632
f 2536 2538 2539
f 635 2538 2536
f 2540 636 2538
f 2536 2539 2537
f 2538 636 2539
f 2543 2540 2538
f 2587 637 164
f 2545 2542 2541
f 2588 646 2586
f 2540 2545 2541
f 634 2544 2542
f 635 2543 2538
f 2543 2547 2546
f 2552 2564 634
f 637 2587 2544
f 2543 2545 2540
f 2543 2546 2545
f 635 2547 2543
f 2562 40 2559
f 2531 2549 635
f 2549 2530 2484
f 2483 2548 2484
f 2483 2551 2548
f 2547 2549 2548
f 2531 2530 2549
f 2551 2550 638
f 2553 40 2550
f 2479 2551 2483
f 2554 621 2553
f 638 2552 2546
f 638 2550 2552
f 2551 2554 2550
f 2557 640 600
f 2479 2554 2551
f 2479 154 2554
f 621 2555 2553
f 621 620 2555
f 2560 2556 2557
f 2555 640 2556
f 2400 2558 599
f 2556 640 2557
f 2561 2562 2559
f 2557 599 2558
f 2553 2559 40
f 2553 2555 2559
f 642 2565 2569
f 2561 2556 2560
f 2569 2565 2567
f 2585 2584 645
f 40 2562 2564
f 2569 2560 2558
f 634 2564 2544
f 2566 2561 2567
f 40 2564 2552
f 2562 2563 2564
f 2584 2565 644
f 2574 39 2389
f 2562 2566 2563
f 2562 2561 2566
f 2584 2567 2565
f 2561 2560 2567
f 642 2568 2565
f 2577 2575 2576
f 642 2569 639
f 2567 2560 2569
f 2401 2570 639
f 597 39 2570
f 642 2571 2568
f 642 2570 2571
f 161 2572 2307
f 2575 39 2574
f 598 2573 2386
f 598 2308 2573
f 2573 2574 2386
f 2573 2572 2574
f 39 2575 2571
f 2574 2572 2575
f 2578 2577 643
f 2575 2572 2576
f 643 2577 2576
f 2568 2571 2577
f 641 2291 2581
f 644 2568 2578
f 2593 2590 164
f 2593 2583 2579
f 2289 2580 2291
f 2579 645 2582
f 2579 2582 2580
f 2578 643 2581
f 2581 2582 2578
f 2581 2580 2582
f 2585 2583 637
f 645 2579 2583
f 645 2584 644
f 2566 2567 2584
f 2583 2585 645
f 2563 2566 2585
f 2642 2645 647
f 2589 2587 164
f 2589 2588 2587
f 2542 2544 2587
f 2541 2588 2586
f 2541 2542 2588
f 2590 2589 164
f 646 2588 2589
f 2593 2591 2592
f 2594 2288 2595
f 2289 2591 2580
f 2289 2287 2591
f 2593 2592 2590
f 2591 2287 2592
f 2583 2593 164
f 2579 2591 2593
f 2590 2594 648
f 2592 2288 2594
f 176 2595 2288
f 2895 725 2606
f 2598 2597 2596
f 2899 176 2898
f 2594 2597 648
f 2594 2595 2597
f 2597 2598 648
f 38 2599 2600
f 2641 2640 2642
f 647 2600 2599
f 2586 2600 647
f 646 2598 2600
f 650 2604 649
f 2628 2615 2616
f 2601 2602 649
f 659 661 2602
f 2605 2604 2603
f 650 2599 2603
f 2610 2604 2605
f 2621 649 2604
f 2606 2607 651
f 723 722 2610
f 2892 2607 725
f 651 2596 2606
f 651 2607 2605
f 2606 725 2607
f 2614 2613 2608
f 652 2620 2608
f 2618 2620 652
f 2621 2604 2610
f 723 2610 2605
f 2609 2620 2621
f 178 2613 2614
f 2608 2609 2611
f 2615 2612 2803
f 652 2608 2613
f 2612 2613 655
f 2612 652 2613
f 719 2614 2611
f 719 2881 2614
f 2800 2788 2627
f 2619 2624 2623
f 653 2616 2615
f 2625 2626 2634
f 2612 2617 652
f 2623 163 162
f 2620 2618 2601
f 2628 2617 2615
f 2601 2619 2602
f 2625 2628 2616
f 2621 2620 2601
f 2609 2608 2620
f 2609 2621 2610
f 2601 649 2621
f 2624 2622 2623
f 2625 2627 2626
f 2619 2623 659
f 2622 163 2623
f 2618 2624 2619
f 2618 2617 2624
f 2624 2628 2622
f 2627 657 2626
f 2632 2626 2631
f 2632 2634 2626
f 2616 2627 2625
f 2788 2800 2799
f 2622 2628 2625
f 2624 2617 2628
f 2704 2629 676
f 2631 2626 657
f 2785 2783 2784
f 2708 2709 2710
f 173 2631 2629
f 2634 163 2622
f 173 2632 2631
f 173 2633 2632
f 656 2633 173
f 656 2702 2633
f 2625 2634 2622
f 2632 2635 2634
f 2634 2635 163
f 2633 660 2635
f 2637 2636 660
f 662 162 2636
f 2633 2702 660
f 2646 2638 2639
f 2637 2648 662
f 2645 2644 647
f 661 2639 2638
f 162 662 2639
f 2643 2640 2638
f 2642 2599 650
f 649 2641 650
f 661 2640 2641
f 2645 2642 2640
f 647 2599 2642
f 2646 2647 2638
f 2539 636 2643
f 647 2644 2586
f 636 2540 2644
f 2643 2645 2640
f 2643 636 2645
f 2648 2646 662
f 2649 2537 2647
f 2643 2647 2539
f 2646 2648 2649
f 2650 2648 2637
f 633 2649 2648
f 2646 2649 2647
f 633 632 2649
f 2655 2654 2650
f 2662 2661 630
f 2652 2653 2534
f 2653 2654 2651
f 632 2652 2535
f 632 633 2652
f 2650 2653 633
f 2651 2534 2653
f 2637 2655 2650
f 2658 2661 2662
f 660 2655 2637
f 656 2704 2701
f 2655 2656 2654
f 2702 656 2657
f 2703 2698 2699
f 2659 665 2658
f 2656 2658 2662
f 2656 2657 2658
f 665 2659 664
f 2658 2657 2659
f 2678 2664 2661
f 2678 665 2660
f 2666 2678 2660
f 630 2651 2662
f 2654 2662 2651
f 2654 2656 2662
f 2520 2663 2523
f 2522 2534 2663
f 630 2664 2523
f 2660 667 2666
f 2664 2665 2523
f 2518 2517 2665
f 42 2666 667
f 2666 2668 2667
f 2665 2667 2518
f 2665 2664 2667
f 2670 2668 2669
f 2518 2667 2668
f 2670 2669 2514
f 2668 42 2669
f 2515 2670 2514
f 2516 2518 2670
f 2669 2671 2514
f 2676 167 2675
f 2669 2677 2671
f 2677 42 2679
f 2682 2675 167
f 2672 2673 2675
f 2679 2676 2677
f 2675 2673 2676
f 2671 2677 2674
f 2669 42 2677
f 665 2678 2661
f 2666 2667 2678
f 667 2679 42
f 667 166 2679
f 2682 2680 668
f 165 663 2700
f 2696 2681 2700
f 2680 2682 2681
f 165 2682 167
f 165 2681 2682
f 2691 2687 2693
f 670 2684 2683
f 2686 2684 669
f 668 2680 2684
f 670 2685 669
f 2689 2687 672
f 668 2686 2672
f 668 2684 2686
f 2725 2728 672
f 670 2683 2687
f 2685 670 2689
f 2685 2689 2688
f 670 2687 2689
f 2693 2690 673
f 2683 2680 2690
f 672 2691 3
f 672 2687 2691
f 2691 2692 674
f 2691 2693 2692
f 2692 2693 673
f 2687 2683 2693
f 2708 2694 2706
f 2724 673 2695
f 2694 2695 2697
f 2721 2710 2720
f 2690 2696 673
f 2690 2681 2696
f 2696 2697 2695
f 2696 2700 2697
f 663 2698 675
f 663 666 2698
f 2657 2701 2659
f 2703 675 2698
f 2697 2700 675
f 2681 165 2700
f 2699 2701 169
f 2699 2659 2701
f 2656 2702 2657
f 2655 660 2702
f 169 2703 2699
f 169 2705 2703
f 2701 2704 169
f 656 173 2704
f 2630 2707 676
f 2694 2697 2706
f 2708 2706 2705
f 2697 675 2706
f 676 2707 2705
f 2785 2786 174
f 2707 2708 2705
f 2718 2720 2712
f 2707 2709 2708
f 2707 2630 2784
f 2708 2710 2694
f 2714 697 2759
f 2709 2711 2710
f 2783 2785 2791
f 2716 2718 2714
f 2711 2783 2782
f 2717 2716 2714
f 2778 2715 695
f 171 2717 2713
f 2712 2720 2711
f 2712 2780 697
f 2799 2787 2788
f 2713 2717 2714
f 678 2719 2716
f 2736 2734 677
f 678 2716 2717
f 697 2718 2712
f 2720 2710 2711
f 2694 2721 2695
f 678 674 2719
f 2716 2722 2718
f 2716 2719 2722
f 2692 2724 2719
f 2694 2710 2721
f 2724 2722 2719
f 2721 2720 2722
f 2725 2723 680
f 3 677 2723
f 2721 2724 2695
f 2721 2722 2724
f 2728 2725 671
f 672 3 2725
f 2727 2726 683
f 671 680 2726
f 2729 2728 671
f 2727 2729 671
f 2688 2689 2728
f 2688 2728 2729
f 682 2730 681
f 682 683 2730
f 2742 2731 170
f 2730 2732 681
f 679 680 2733
f 679 2733 2740
f 2735 2736 171
f 2723 2734 2733
f 677 678 2736
f 2755 2735 171
f 2757 2756 2735
f 2717 2736 678
f 2735 2734 2736
f 686 2737 687
f 3353 3352 2750
f 688 2738 2737
f 690 689 2738
f 2737 2739 687
f 2737 2738 2749
f 2732 2740 688
f 2732 679 2740
f 2744 2741 684
f 684 2742 170
f 2744 2743 2741
f 687 2747 684
f 2746 3359 2745
f 2744 2746 2743
f 2743 2746 2745
f 2747 3358 2744
f 3354 3352 210
f 684 2747 2744
f 687 2739 2747
f 3358 2748 3354
f 2755 2754 2757
f 2739 2749 2750
f 2739 2737 2749
f 2739 2750 2748
f 2749 2738 2751
f 2765 2751 2753
f 2752 2749 2751
f 3341 2752 2765
f 2750 2749 2752
f 689 2753 2751
f 2754 2758 2762
f 2758 2754 2755
f 2753 689 2754
f 172 2755 171
f 2754 689 2757
f 2740 2756 690
f 2740 2733 2756
f 2756 2757 690
f 2735 2755 2757
f 2713 2760 172
f 2762 2753 2754
f 2714 2759 2713
f 697 2715 2759
f 2715 2778 2759
f 2761 2758 172
f 2778 2766 2760
f 691 2758 2761
f 691 2762 2758
f 691 2763 2762
f 694 2767 691
f 3340 692 2764
f 3341 2765 692
f 2753 2762 2764
f 2764 2765 2753
f 2764 692 2765
f 2761 2766 694
f 2761 2760 2766
f 691 2767 2763
f 694 2768 2767
f 2766 2769 694
f 3333 834 832
f 2770 834 3333
f 2768 694 2769
f 2769 2772 3333
f 2817 693 2770
f 2817 2771 705
f 2777 695 2776
f 2770 2772 2771
f 2769 2766 2779
f 2813 2774 2773
f 695 2715 2794
f 696 2813 2773
f 2771 2772 2777
f 2780 2781 2794
f 2795 2792 2790
f 2774 2776 2775
f 2815 2771 2777
f 2774 2815 2776
f 2772 2769 2779
f 2779 2778 695
f 2760 2759 2778
f 2772 2779 2777
f 2766 2778 2779
f 2782 2781 2780
f 2794 2775 2776
f 2712 2782 2780
f 2791 2792 2793
f 2711 2782 2712
f 2791 2781 2782
f 2709 2783 2711
f 2786 2630 658
f 2709 2784 2783
f 2709 2707 2784
f 2786 2785 2784
f 2795 2790 702
f 2630 2786 2784
f 658 657 2789
f 701 2798 2799
f 2798 702 2790
f 174 2789 2787
f 657 2627 2788
f 658 2789 2786
f 657 2788 2789
f 2775 2793 2773
f 174 2787 2790
f 2783 2791 2782
f 2785 174 2792
f 2785 2792 2791
f 174 2790 2792
f 2781 2793 2775
f 2781 2791 2793
f 2780 2794 2715
f 2781 2775 2794
f 2793 2795 2773
f 2793 2792 2795
f 2807 2796 2797
f 703 2812 2796
f 2807 2797 700
f 702 2798 2797
f 2797 2798 701
f 2790 2787 2798
f 2801 2799 2800
f 2798 2787 2799
f 653 2800 2616
f 653 2801 2800
f 654 2801 653
f 654 2804 2801
f 2805 2802 175
f 654 2803 2802
f 2615 2803 653
f 2612 655 2803
f 698 2804 699
f 701 2801 2804
f 2802 2805 699
f 175 718 2805
f 707 2808 2874
f 698 699 2806
f 698 2808 700
f 703 2796 2807
f 2809 2808 707
f 2807 700 2808
f 2811 2810 2809
f 703 2807 2809
f 3285 3283 821
f 704 703 2810
f 708 2811 707
f 3284 3281 823
f 2796 2812 696
f 703 704 2812
f 2812 2813 696
f 2816 704 2819
f 2813 2814 2774
f 2813 2812 2816
f 2776 2815 2777
f 2774 2814 2815
f 2813 2816 2814
f 2812 704 2816
f 2771 2817 2770
f 705 2814 2818
f 705 2818 3289
f 704 2810 2820
f 2816 2819 2818
f 2810 2811 2823
f 704 2820 2819
f 2827 708 709
f 3286 2821 3285
f 2824 2811 708
f 2820 2822 2821
f 2823 2811 2824
f 2820 2823 2822
f 2820 2810 2823
f 2826 2824 2827
f 3280 2823 2824
f 2834 2825 2828
f 2837 2826 2827
f 3279 3281 3282
f 3281 2822 3280
f 2837 2827 2825
f 2824 708 2827
f 2829 2828 709
f 2831 2832 2833
f 708 2830 709
f 2872 2871 710
f 709 2830 2829
f 707 2874 2830
f 2832 2831 2872
f 2828 2829 2831
f 2850 2832 710
f 2833 2828 2831
f 47 2833 2832
f 47 2835 2833
f 2835 2834 2833
f 2836 2825 2834
f 2840 2835 47
f 3255 815 3256
f 2835 2839 2834
f 2835 2840 2838
f 2836 2837 2825
f 44 2826 2837
f 3261 3262 3265
f 3074 3262 3073
f 2834 2839 2836
f 2835 2838 2839
f 2851 2847 711
f 711 2841 2840
f 2840 2841 2838
f 711 2842 2843
f 757 2843 3033
f 2847 712 2849
f 2844 3033 2842
f 757 3261 2843
f 3033 2844 756
f 2842 2845 2844
f 711 2847 2842
f 3030 189 188
f 2847 2849 2845
f 2858 177 2856
f 2842 2847 2845
f 711 2840 2851
f 2849 2848 2846
f 712 2850 2853
f 2845 2849 2846
f 712 2857 2849
f 2853 2850 710
f 712 2851 2850
f 2850 2851 47
f 712 2847 2851
f 716 2870 715
f 2855 177 2848
f 715 2853 710
f 2852 2855 2857
f 2866 2863 2864
f 2865 713 177
f 2854 2855 2852
f 2854 2865 2855
f 713 2856 177
f 3018 2859 3015
f 2849 2857 2848
f 2853 2852 2857
f 177 2858 2848
f 2856 189 2858
f 2862 2860 2859
f 3018 188 2861
f 2937 2860 734
f 735 3015 2860
f 713 2861 2856
f 713 714 2861
f 2860 2862 734
f 2870 2854 2852
f 714 2863 2932
f 714 713 2863
f 2867 2868 2869
f 2863 2865 2864
f 2864 2865 2854
f 2863 713 2865
f 2934 2933 2932
f 2932 2863 2866
f 2883 2867 717
f 43 733 2868
f 2866 2868 733
f 2866 2864 2868
f 2854 2869 2864
f 2870 2879 2869
f 2879 2870 716
f 2869 2854 2870
f 2832 2872 710
f 2873 718 2877
f 2829 2875 2831
f 2829 706 2875
f 2872 2873 2871
f 706 2806 2876
f 2830 2874 706
f 2808 698 2874
f 2876 2875 706
f 2873 2872 2875
f 2875 2876 2873
f 2806 2805 2876
f 2878 2877 718
f 2878 2880 2877
f 175 2878 718
f 175 178 2878
f 2869 2879 2867
f 716 2877 2880
f 716 2880 2879
f 2878 2881 2880
f 2614 2881 178
f 719 717 2881
f 2894 2893 2884
f 2890 720 2889
f 2867 2883 43
f 719 2882 2883
f 2883 2884 43
f 2882 722 2894
f 732 2885 730
f 2934 2932 2866
f 2885 2886 2889
f 733 43 2887
f 733 2887 2886
f 2887 2893 2890
f 729 2929 726
f 724 720 2907
f 724 2889 720
f 724 730 2889
f 2884 2893 2887
f 721 720 2890
f 2907 2891 2896
f 720 721 2891
f 2893 2892 721
f 723 2607 2892
f 2890 2893 721
f 2884 2882 2894
f 723 2894 722
f 2892 2893 2894
f 2897 2895 2606
f 2908 571 2906
f 2908 2909 2898
f 2891 2895 2896
f 176 2899 2595
f 2606 2596 2897
f 2895 2899 2896
f 176 2900 2898
f 2896 2899 2898
f 2897 2595 2899
f 2908 2900 571
f 176 179 2900
f 2286 2902 2285
f 2900 179 2901
f 2901 2902 571
f 2901 2285 2902
f 2904 2903 2914
f 2902 2286 2903
f 2915 2910 2911
f 729 726 2906
f 2902 2905 571
f 2903 2904 2905
f 2905 2906 571
f 2905 2904 2913
f 2909 2907 2896
f 2888 724 2907
f 726 2908 2906
f 2898 2900 2908
f 2898 2909 2896
f 2908 726 2909
f 2911 2910 2926
f 2953 2917 2919
f 2913 2911 729
f 2915 2916 2912
f 2920 2917 2921
f 2956 2919 2959
f 2906 2913 729
f 2906 2905 2913
f 2272 2914 2273
f 2272 2916 2914
f 2910 2915 2912
f 2913 2904 2915
f 569 2920 2272
f 2915 2904 2916
f 2916 2920 2912
f 2959 2271 2232
f 569 2918 2917
f 569 568 2918
f 2953 2921 2917
f 2917 2918 2919
f 2272 2920 2916
f 569 2917 2920
f 2920 2921 2912
f 2953 185 2922
f 2951 2922 185
f 740 2952 2925
f 2912 2923 2910
f 2921 2922 2923
f 2952 2940 2924
f 2936 731 2937
f 2927 2926 2924
f 2910 2923 2925
f 2925 2926 2910
f 2925 2924 2926
f 727 2927 2924
f 728 2928 2927
f 2911 2928 729
f 2911 2926 2928
f 2928 2929 729
f 2928 728 2929
f 2888 2930 724
f 2929 728 2930
f 2927 2935 728
f 732 730 2931
f 2862 2932 2933
f 2862 714 2932
f 732 2933 2885
f 732 734 2933
f 2886 2934 733
f 2885 2933 2934
f 731 2935 727
f 2931 728 2935
f 2931 2936 732
f 2935 731 2936
f 2936 2937 734
f 731 186 2938
f 731 2938 2937
f 186 2939 3016
f 2943 736 3013
f 186 2940 2939
f 2939 2940 739
f 727 2924 2940
f 2951 2949 2941
f 739 2940 2952
f 2949 2946 2944
f 2991 2988 745
f 3011 2943 184
f 736 3012 3013
f 2941 2949 2942
f 2946 2947 2988
f 2988 2989 2944
f 2943 738 2945
f 2966 2946 2950
f 2990 2991 748
f 2966 2947 2946
f 744 745 2947
f 2954 2963 2965
f 2986 744 2948
f 2951 2950 2949
f 2950 2946 2949
f 741 2950 185
f 741 2965 2966
f 2950 2951 185
f 2941 740 2951
f 2941 2952 740
f 2941 739 2952
f 2956 2954 2955
f 2922 2921 2953
f 185 2955 741
f 2961 2958 556
f 741 2955 2954
f 2953 2919 2955
f 2958 2957 557
f 2955 2919 2956
f 2956 2957 2954
f 2956 557 2957
f 2231 2958 557
f 556 2228 2961
f 2271 2959 2918
f 2232 557 2959
f 2217 2972 2227
f 2968 2948 2965
f 2960 2961 2228
f 2960 2971 2961
f 2971 2969 2964
f 2963 2957 2962
f 2968 2963 2964
f 2954 2957 2963
f 2962 2964 2963
f 2967 555 2980
f 2947 2966 2948
f 741 2954 2965
f 741 2966 2950
f 2965 2948 2966
f 2984 2967 2980
f 554 555 2967
f 2963 2968 2965
f 2964 2969 2987
f 2962 2971 2964
f 2970 2967 2969
f 2972 2970 2960
f 554 2967 2970
f 2970 2971 2960
f 2970 2969 2971
f 2227 2972 2960
f 2217 553 2973
f 2972 2973 554
f 2972 2217 2973
f 2978 1904 476
f 2973 553 2974
f 117 2975 1907
f 2974 2215 2975
f 2975 2977 2974
f 555 554 2976
f 1904 2977 117
f 2976 2974 2977
f 2976 2978 555
f 2977 1904 2978
f 2983 2979 1901
f 2978 476 2979
f 2984 2980 2981
f 555 2979 2980
f 2984 2981 743
f 2980 2979 2983
f 744 2985 746
f 2981 742 2982
f 2981 2983 742
f 2981 2980 2983
f 2986 2987 743
f 2969 2967 2984
f 2994 2985 2982
f 744 2986 2985
f 2987 2986 2968
f 743 2985 2986
f 2984 2987 2969
f 2984 743 2987
f 2946 2988 2944
f 2947 745 2988
f 2945 2989 184
f 2945 2944 2989
f 2991 2990 2989
f 3009 747 3006
f 2988 2991 2989
f 745 746 2992
f 2991 2992 748
f 2991 745 2992
f 2996 2993 116
f 2992 746 2993
f 742 2995 2982
f 2993 746 2994
f 1853 2995 463
f 2994 2982 2995
f 748 2997 747
f 116 1851 2996
f 2998 2997 2996
f 748 2992 2997
f 112 2998 1849
f 747 2997 2998
f 3006 2999 3001
f 2998 112 2999
f 3002 3000 464
f 183 3006 3000
f 1836 3001 2999
f 464 3000 3001
f 3026 3025 3028
f 3023 753 3022
f 3004 3003 3005
f 3020 187 3014
f 749 3004 3002
f 3049 3046 113
f 3002 3005 3000
f 3003 3007 3005
f 3009 3006 183
f 747 2999 3006
f 183 3007 3008
f 3010 736 3011
f 3010 3011 3007
f 184 2990 3008
f 2990 3009 3008
f 748 747 3009
f 3003 3010 3007
f 3024 3023 3022
f 3008 3011 184
f 3008 3007 3011
f 3014 3012 3020
f 3013 738 2943
f 3014 3016 3012
f 2939 738 3013
f 2938 3014 735
f 3016 2939 3013
f 187 3015 735
f 3019 737 3018
f 2938 3016 3014
f 2938 186 3016
f 3022 3017 3020
f 3028 737 3019
f 2859 3018 2861
f 3015 187 3019
f 3015 3019 3018
f 187 3017 3019
f 736 3021 3012
f 3017 187 3020
f 3010 3021 736
f 3024 3003 3045
f 3010 3024 3021
f 753 3017 3022
f 3045 3023 3024
f 3044 9 3043
f 3021 3024 3022
f 3010 3003 3024
f 3029 3030 755
f 737 3028 3025
f 9 3042 3043
f 3027 755 3025
f 3042 3027 3026
f 3040 3039 192
f 753 3028 3017
f 753 3026 3028
f 190 3029 755
f 3031 189 3029
f 3025 3030 737
f 3029 189 3030
f 190 754 3035
f 2846 2858 3031
f 2845 3032 2844
f 2845 2846 3032
f 758 3033 756
f 2843 2842 3033
f 759 3034 754
f 2844 3032 3034
f 190 3035 3029
f 3034 3032 3035
f 3041 3036 3037
f 191 3065 3069
f 3041 3037 760
f 754 190 3037
f 3042 3039 3040
f 3037 190 3038
f 3038 3040 760
f 9 752 3039
f 3027 3040 3038
f 3027 3042 3040
f 762 3041 760
f 762 3067 3041
f 3043 3042 3026
f 9 3039 3042
f 753 3043 3026
f 3023 3045 3044
f 3023 3044 3043
f 3047 749 3046
f 3004 3045 3003
f 3004 3047 3045
f 9 3049 752
f 749 751 3048
f 3045 3047 3044
f 3004 749 3047
f 1831 3048 1834
f 3046 749 3048
f 3044 3049 9
f 3047 3046 3049
f 3046 3050 113
f 3048 1831 3050
f 113 3051 750
f 3050 1828 3051
f 3055 3052 763
f 762 192 3052
f 750 3053 752
f 750 763 3053
f 4 3054 763
f 4 1829 4277
f 3054 3055 763
f 3054 764 3055
f 768 3056 761
f 768 767 3056
f 766 4273 764
f 765 767 3057
f 4272 3060 3058
f 774 3066 3058
f 774 3059 773
f 774 3058 3060
f 3059 3060 775
f 3059 774 3060
f 3063 3061 3064
f 3106 3059 776
f 773 3106 3061
f 3101 3098 771
f 3065 3063 193
f 769 773 3063
f 3063 3064 193
f 3083 3062 3101
f 769 3065 770
f 193 3069 3065
f 767 3066 3056
f 767 3058 3066
f 3056 3067 761
f 191 3041 3067
f 3070 3069 193
f 193 3064 3068
f 191 3069 3036
f 193 3068 3070
f 756 3070 758
f 759 3069 3070
f 3068 3071 813
f 3081 3061 3062
f 3080 3072 3071
f 813 3071 3072
f 3260 3262 3074
f 757 813 3073
f 3259 3263 3076
f 3073 3072 3074
f 3076 3075 3077
f 3086 3084 3082
f 3259 3076 3077
f 3078 3075 3076
f 3259 3077 3258
f 3088 3086 3085
f 3260 3078 3076
f 3074 3072 3079
f 3078 3079 816
f 3078 3074 3079
f 3079 3080 814
f 3079 3072 3080
f 3071 3081 3080
f 3064 3061 3081
f 3086 3082 3085
f 3099 3098 3096
f 3080 3083 814
f 3081 3062 3083
f 814 3084 816
f 814 771 3084
f 3088 3085 3087
f 3166 794 793
f 816 3086 3075
f 816 3084 3086
f 3246 3247 3245
f 3090 3092 3089
f 3075 3088 3077
f 3075 3086 3088
f 3092 772 3093
f 3153 789 196
f 3085 3092 3087
f 3166 3165 794
f 3089 3091 3090
f 3165 810 794
f 3087 3092 3090
f 3085 772 3092
f 3092 3093 3089
f 3116 3097 3115
f 772 3094 3093
f 3101 771 3083
f 772 3095 3094
f 772 3082 3095
f 3107 3109 3102
f 3097 3094 3095
f 3108 3117 3096
f 3157 3161 3119
f 3102 3098 3101
f 3096 3095 3099
f 3084 3099 3082
f 771 3098 3099
f 3106 3100 3062
f 776 3107 3100
f 3100 3101 3062
f 3100 3102 3101
f 775 3103 776
f 3108 3098 3102
f 4260 3103 3105
f 775 3060 3104
f 775 3104 3105
f 4310 4267 4268
f 775 3105 3103
f 4270 4262 4259
f 3061 3106 3062
f 773 3059 3106
f 3100 3107 3102
f 776 3103 3107
f 3103 3110 3107
f 3117 3097 3096
f 790 3114 3111
f 3108 3102 3109
f 3112 3111 777
f 3109 3107 3110
f 791 3114 790
f 3109 3110 3111
f 4251 4252 779
f 790 3111 3112
f 778 3122 3123
f 3118 791 3113
f 3111 3114 3109
f 791 3115 3117
f 3117 3115 3097
f 791 3118 3115
f 3097 3116 3094
f 3115 195 3116
f 3114 3117 3108
f 3114 791 3117
f 3123 3121 3118
f 195 3115 3118
f 3120 3119 788
f 3120 3158 3157
f 3137 3158 787
f 3158 789 3157
f 195 3121 3119
f 3118 3113 3123
f 3123 3122 3121
f 778 3126 3122
f 780 3123 3113
f 780 778 3123
f 790 3124 3113
f 3112 779 4252
f 263 259 4207
f 3129 3131 3127
f 3122 3126 781
f 778 1052 3126
f 3128 3127 783
f 786 782 3127
f 3132 3134 3130
f 786 3127 3128
f 782 3129 3127
f 4204 1053 4202
f 3132 3130 974
f 3128 783 3130
f 3127 3131 783
f 3129 3125 4204
f 3881 3877 3145
f 3136 3135 3137
f 3142 3143 3133
f 3132 3891 3133
f 3133 3143 3132
f 3142 3141 3139
f 3159 3137 3135
f 787 786 3136
f 3128 3136 786
f 3134 3135 3136
f 3158 3137 785
f 787 3136 3137
f 781 3138 788
f 781 782 3138
f 3140 3139 795
f 3881 3145 3144
f 3159 3140 795
f 3143 3134 3132
f 3140 3142 3139
f 3875 3882 3883
f 3135 3143 3140
f 3133 3144 3142
f 3140 3143 3142
f 3135 3134 3143
f 3142 3144 3141
f 3892 3891 972
f 3148 3149 3147
f 3141 3144 3145
f 3149 3146 3147
f 3149 3150 3146
f 3148 3147 3878
f 3146 3145 3147
f 3186 3148 798
f 797 3149 3148
f 796 3149 797
f 3151 792 3152
f 796 3150 3149
f 796 3179 3150
f 3141 3151 3139
f 3150 792 3151
f 3154 3152 17
f 795 3139 3152
f 810 3164 196
f 3163 3093 3160
f 794 3154 17
f 810 196 3155
f 810 3155 3154
f 785 3159 3155
f 3163 3160 3156
f 3116 195 3161
f 3156 3157 789
f 3161 195 3119
f 789 3158 785
f 3120 787 3158
f 3155 3159 795
f 785 3137 3159
f 3116 3160 3094
f 3156 3153 3163
f 3156 3161 3157
f 3156 3160 3161
f 3089 3162 3091
f 3089 3093 3163
f 3162 3163 3153
f 3162 3089 3163
f 3165 3164 810
f 3162 3153 3164
f 197 3170 793
f 3167 3162 3164
f 3171 3243 3169
f 3169 3165 3166
f 3169 3167 3165
f 3091 3162 3167
f 3169 3168 3167
f 3243 3244 3168
f 3170 3171 3166
f 3171 3239 3243
f 793 3170 3166
f 3170 3172 3171
f 3166 3171 3169
f 3170 194 3172
f 3171 3172 3239
f 3219 809 3218
f 194 3173 3174
f 194 197 3177
f 3241 3237 3236
f 3172 194 3174
f 805 3175 3176
f 805 809 3175
f 3214 3216 802
f 3181 197 803
f 3175 3177 3178
f 3175 3173 3177
f 3179 3180 3181
f 3176 3175 3178
f 792 3179 803
f 796 3180 3179
f 3181 3180 3178
f 3193 3182 201
f 3179 3181 803
f 3178 3177 3181
f 3832 959 3831
f 3195 3193 802
f 796 3183 3180
f 796 797 3183
f 3148 3186 797
f 3182 3191 3184
f 797 3186 3184
f 3833 3835 3822
f 3837 3188 3187
f 3187 3184 3186
f 3182 3187 3185
f 3186 798 3837
f 3835 200 3822
f 3187 3186 3837
f 3192 3189 799
f 201 3190 3189
f 3188 3838 3185
f 3200 801 3189
f 3184 3191 3183
f 3193 3192 802
f 3198 3192 799
f 3195 3176 3194
f 3182 3193 3191
f 201 3192 3193
f 3178 3194 3176
f 3178 3180 3194
f 3191 3195 3194
f 802 3216 3195
f 801 3196 799
f 3221 804 3213
f 3209 3208 3499
f 198 12 3512
f 3197 3198 799
f 3197 804 3198
f 3209 3199 3207
f 801 3201 3199
f 3833 3200 3190
f 3202 800 3206
f 3205 3206 800
f 801 3200 3201
f 3200 3822 3201
f 200 3827 3823
f 3207 3205 198
f 3514 3526 3516
f 3205 3204 3203
f 3821 954 3825
f 198 3205 3203
f 3206 3201 3202
f 3207 3206 3205
f 3199 3201 3206
f 3208 3207 198
f 3199 3206 3207
f 3496 3211 3210
f 3210 3196 3209
f 3199 3209 3196
f 3207 3208 3209
f 3496 3497 3495
f 3211 3197 3210
f 3496 3495 3212
f 3212 3213 3211
f 3485 3494 3503
f 54 3213 3212
f 3220 3215 3222
f 804 3211 3213
f 3216 3214 3215
f 3198 804 3214
f 805 3215 3220
f 805 3216 3215
f 3176 3216 805
f 3176 3195 3216
f 3218 3217 3238
f 3222 3223 3224
f 3219 3218 808
f 809 805 3220
f 806 3236 3237
f 3174 3173 3219
f 809 3220 3218
f 3223 3213 54
f 3215 3221 3222
f 3215 3214 3221
f 3220 3222 3217
f 3221 3213 3223
f 10 3492 54
f 3222 3221 3223
f 3303 3226 3224
f 3217 3222 3224
f 3227 3225 807
f 825 3303 3302
f 3238 3226 3227
f 3492 10 871
f 3238 3227 807
f 825 3228 3227
f 3299 3300 3228
f 3225 3227 3228
f 3235 3229 3230
f 3229 3231 3230
f 3234 3232 3233
f 3229 3225 3231
f 3228 3300 3225
f 3300 3299 203
f 3252 3253 3234
f 812 3236 3235
f 3273 3234 820
f 3230 827 3233
f 820 3234 3233
f 3253 3251 817
f 812 3235 3232
f 806 3229 3235
f 3240 3241 3236
f 806 3235 3236
f 808 3237 3219
f 808 806 3237
f 808 3238 807
f 808 3218 3238
f 3174 3241 3172
f 3174 3237 3241
f 811 3240 817
f 811 3239 3240
f 3239 3241 3240
f 3239 3172 3241
f 3251 3242 817
f 3248 3088 3087
f 3169 3243 3168
f 3239 811 3243
f 3246 3245 3244
f 3245 3168 3244
f 3242 3246 3244
f 3247 3090 3245
f 3250 3249 3246
f 3247 3087 3090
f 3249 3247 3246
f 3248 3087 3247
f 3249 3248 3247
f 3077 3088 3248
f 3258 3249 3254
f 3258 3248 3249
f 3251 3250 3242
f 3254 3249 3250
f 812 3253 817
f 3274 818 3256
f 3273 3252 3234
f 3256 815 3254
f 3234 3253 3232
f 3252 3251 3253
f 3258 3254 815
f 3250 3251 3274
f 41 3272 818
f 3266 2838 3265
f 3274 3256 3254
f 818 3272 3256
f 3255 3257 815
f 3266 2839 2838
f 3259 3258 815
f 3077 3248 3258
f 3257 3259 815
f 3257 3263 3259
f 3078 3260 3074
f 3265 2838 2841
f 2843 3261 2841
f 757 3073 3261
f 3264 3262 3260
f 3261 3073 3262
f 3267 3266 3264
f 3264 3260 3263
f 3262 3264 3265
f 3263 3257 3267
f 3261 3265 2841
f 3264 3263 3267
f 3264 3266 3265
f 3269 44 2837
f 3255 3268 3257
f 3257 3268 3267
f 3267 3268 3270
f 3272 41 3278
f 2839 3270 2836
f 3271 3272 3278
f 3267 3270 3266
f 3269 2836 3270
f 3268 3271 3269
f 3268 3255 3271
f 3255 3272 3271
f 3255 3256 3272
f 819 3273 820
f 41 818 3273
f 3250 3274 3254
f 3252 818 3274
f 820 3275 819
f 204 3283 3275
f 3231 3276 827
f 203 3294 3276
f 820 3277 3275
f 827 3276 3298
f 819 3279 41
f 819 823 3279
f 3278 3279 3282
f 3278 41 3279
f 2826 3280 2824
f 3282 44 3278
f 2826 3282 3280
f 3284 3283 3285
f 3280 3282 3281
f 2826 44 3282
f 823 3283 3284
f 823 3275 3283
f 2822 3284 2821
f 2822 3281 3284
f 3287 3285 821
f 2821 3284 3285
f 2817 3289 822
f 2819 2821 3286
f 3289 3287 822
f 3286 3285 3287
f 3287 3295 822
f 3291 3292 3293
f 705 3289 2817
f 2818 3286 3289
f 3298 204 3277
f 3307 826 3306
f 3295 3292 3288
f 3290 3330 3334
f 3288 3292 3291
f 3296 204 3298
f 3291 3293 3290
f 3292 3296 3294
f 3293 3294 203
f 3293 3292 3294
f 822 3295 3288
f 3287 821 3295
f 3295 3296 3292
f 821 204 3296
f 3310 3297 3308
f 3309 203 3299
f 827 3298 3277
f 3294 3296 3298
f 3301 3299 3228
f 3297 3309 3299
f 3231 3300 3276
f 3231 3225 3300
f 825 3301 3228
f 826 3297 3301
f 3305 3304 3306
f 826 3301 3302
f 3302 3303 871
f 825 3226 3303
f 3306 3304 3307
f 3315 829 3322
f 10 3305 871
f 872 3304 3305
f 3302 3306 826
f 3302 871 3306
f 826 3307 3308
f 3322 829 3321
f 826 3308 3297
f 3307 3311 3308
f 3293 3309 3290
f 3293 203 3309
f 3309 3310 3290
f 3308 3311 3331
f 3331 3311 824
f 3307 3304 3313
f 824 3312 831
f 3316 3317 872
f 3311 3313 3312
f 3311 3307 3313
f 3313 3314 3312
f 3317 3304 872
f 3313 3317 3314
f 3487 3488 3489
f 3317 3316 3315
f 3489 3490 3487
f 3314 3317 3315
f 3313 3304 3317
f 3321 3318 208
f 829 3477 3318
f 3479 3480 3473
f 3474 3475 870
f 3318 3320 208
f 3318 3319 3320
f 3312 3314 3324
f 829 3318 3321
f 3323 3322 3321
f 3324 3314 3322
f 831 3324 830
f 3321 208 3391
f 830 3324 3323
f 831 3312 3324
f 3336 3325 3337
f 3326 849 3343
f 207 3326 3325
f 207 830 3326
f 205 3328 833
f 831 207 3327
f 3332 3328 3329
f 205 206 3334
f 3332 3329 3327
f 3330 3290 3310
f 3328 3330 3329
f 3328 3334 3330
f 3329 3331 824
f 3330 3310 3331
f 3328 3332 833
f 3327 207 3336
f 2769 3333 2768
f 2772 2770 3333
f 3291 3334 206
f 3291 3290 3334
f 3338 3335 3339
f 2767 2768 3335
f 3332 3336 3339
f 3332 3327 3336
f 3339 3337 3338
f 3325 836 3337
f 2767 3338 2763
f 2767 3335 3338
f 833 3339 3335
f 833 3332 3339
f 3338 3340 2763
f 3338 3337 3340
f 835 3341 692
f 3351 210 3352
f 835 3342 3341
f 209 3349 3351
f 3325 3343 836
f 849 837 3343
f 849 3344 837
f 846 838 3344
f 846 3345 828
f 846 3344 3345
f 830 3346 3326
f 830 3323 3346
f 843 3347 839
f 844 3366 3368
f 3392 3348 846
f 843 839 3348
f 3347 3350 839
f 210 3351 3349
f 3349 3350 210
f 3347 841 3350
f 3342 3351 3353
f 3342 209 3351
f 2750 3352 2748
f 2750 2752 3353
f 3341 3353 2752
f 3341 3342 3353
f 3355 3354 210
f 3357 3358 3354
f 3365 3356 841
f 3356 3357 3355
f 841 3356 3355
f 3360 211 685
f 3358 3357 2746
f 3354 3355 3357
f 2744 3358 2746
f 2747 2748 3358
f 2745 3359 685
f 2746 3357 3359
f 3356 3360 3359
f 840 211 3360
f 3367 3361 3366
f 3362 211 840
f 3363 3362 3361
f 3373 3363 3361
f 3373 3364 3363
f 3368 3366 3365
f 840 3360 3365
f 3367 3366 844
f 3361 840 3366
f 3389 842 3393
f 3375 845 3364
f 3347 3368 841
f 3347 3388 3368
f 856 3379 213
f 3372 3367 3371
f 3414 3412 3381
f 3370 3372 3371
f 3388 3387 844
f 3370 3369 3372
f 3382 3377 3369
f 3375 3364 3373
f 3367 3373 3361
f 3367 3372 3373
f 3375 3377 845
f 3372 3375 3373
f 3372 3369 3375
f 3370 3381 3369
f 3379 3378 3376
f 3369 3377 3375
f 3376 3374 3377
f 3376 3378 3374
f 3380 3379 3376
f 856 3417 3379
f 3382 3380 3376
f 213 3379 3380
f 3383 3381 3370
f 3412 3380 3382
f 3381 3382 3369
f 3381 3412 3382
f 3386 3384 3383
f 852 3410 3414
f 3383 3384 852
f 3383 3370 3386
f 3386 3385 3384
f 3393 3390 847
f 3371 3386 3370
f 3389 843 842
f 3371 3387 3386
f 3371 844 3387
f 3368 3388 844
f 3347 843 3388
f 3387 3389 3385
f 3387 3388 3389
f 3394 3390 848
f 3395 3384 3385
f 3345 3391 828
f 3346 3323 3391
f 828 3392 846
f 3390 842 3392
f 3389 3393 3385
f 842 3390 3393
f 3320 3394 848
f 3320 3474 3394
f 847 3395 3393
f 847 3397 3395
f 870 3399 3397
f 852 3384 3396
f 3399 3398 3397
f 3396 3395 3397
f 3397 3398 3396
f 3400 3402 3401
f 3475 3473 3472
f 869 3398 3399
f 869 3400 3398
f 3401 3405 3408
f 869 3402 3400
f 215 867 3404
f 3401 3402 3403
f 869 3469 3402
f 3401 3403 215
f 3468 873 3467
f 215 3404 3405
f 15 3449 3445
f 3408 3400 3401
f 3401 215 3405
f 3425 3407 3406
f 3407 3404 3406
f 3409 3408 3405
f 3405 3404 3407
f 850 3409 3407
f 3411 3396 3398
f 851 3409 850
f 3411 852 3396
f 851 3410 3409
f 851 3414 3410
f 3400 3411 3398
f 3410 852 3411
f 3383 3414 3381
f 3415 213 3380
f 3415 3413 213
f 3425 853 3423
f 852 3414 3383
f 851 3412 3414
f 851 3415 3412
f 851 850 3415
f 3421 855 212
f 3379 3417 3378
f 856 3418 3417
f 856 3421 3418
f 3421 3422 3416
f 3422 3429 3419
f 3418 3421 3416
f 856 855 3421
f 212 3422 3421
f 212 3424 3426
f 855 3423 212
f 3413 850 3425
f 3423 3424 212
f 3423 853 3424
f 3413 3425 3423
f 850 3407 3425
f 3429 3426 3428
f 3422 212 3426
f 3435 3439 857
f 3428 854 3446
f 3430 3428 3427
f 3426 854 3428
f 3419 3429 3420
f 3422 3426 3429
f 3429 3430 3420
f 3429 3428 3430
f 3430 3431 3420
f 3439 3427 857
f 3431 3430 3439
f 3438 857 860
f 3437 3434 3433
f 3432 3435 3433
f 3432 3439 3435
f 897 3436 899
f 858 3434 3436
f 857 3438 3435
f 3436 3434 3437
f 3584 3438 860
f 3437 3435 3438
f 3431 3439 3432
f 3430 3427 3439
f 859 3440 860
f 859 3442 3440
f 3574 3582 3583
f 863 214 3441
f 214 3442 861
f 859 3427 3446
f 3442 3444 861
f 3445 3406 15
f 859 3446 3442
f 854 862 3444
f 862 3445 3443
f 862 853 3445
f 3442 3446 3444
f 3427 3428 3446
f 3451 3447 3450
f 867 3448 3456
f 215 3448 867
f 3403 868 3448
f 3445 3449 3443
f 15 3447 3449
f 216 3450 864
f 3453 3451 3450
f 3454 3452 865
f 3449 3447 3451
f 3443 3452 861
f 3449 3451 3452
f 3451 3453 865
f 3450 216 3453
f 3572 3454 865
f 214 861 3454
f 3450 3456 864
f 3448 868 3455
f 3455 3456 3448
f 3455 864 3456
f 3458 3457 866
f 878 864 3457
f 3459 3458 866
f 3461 878 3457
f 868 3467 866
f 3460 876 3458
f 3466 3464 3459
f 3464 3504 3505
f 876 3461 3458
f 876 3506 3562
f 873 3465 3466
f 3466 3465 3462
f 3484 3486 3483
f 3486 874 3463
f 3459 3464 3460
f 3462 874 3504
f 3482 3465 3470
f 3463 3462 3465
f 3464 3466 3462
f 3459 866 3467
f 3468 3467 868
f 873 3466 3467
f 3402 3468 3403
f 3402 3469 3468
f 3468 3469 873
f 3477 3479 3319
f 873 3470 3465
f 3469 869 3471
f 3469 3471 3470
f 869 3399 3471
f 3471 3472 3470
f 3477 3319 3318
f 3471 3475 3472
f 3471 3399 3475
f 3319 3474 3320
f 3319 3473 3474
f 870 3475 3399
f 3474 3473 3475
f 3490 202 3491
f 3463 3465 3482
f 3315 3478 829
f 3479 3473 3319
f 3316 3478 3315
f 3476 3477 3478
f 3476 3479 3477
f 3476 3481 3479
f 3472 3480 3482
f 3472 3473 3480
f 3483 3481 3484
f 3480 3479 3481
f 3472 3482 3470
f 3480 3481 3483
f 3482 3483 3463
f 3482 3480 3483
f 3488 3485 3484
f 3485 218 3484
f 3481 3488 3484
f 3495 3491 3493
f 3483 3486 3463
f 3484 218 3486
f 3488 3487 3485
f 3495 3493 3212
f 3476 3488 3481
f 3490 3316 872
f 3476 3489 3488
f 3476 3478 3489
f 3316 3490 3489
f 872 202 3490
f 3490 3491 3487
f 202 10 3493
f 3224 3492 3303
f 3224 3223 3492
f 3212 3493 54
f 3491 202 3493
f 3503 218 3485
f 3485 3487 3494
f 3211 3496 3212
f 3494 3491 3495
f 3208 3498 3499
f 3512 12 3500
f 3495 3497 3494
f 3499 3210 3209
f 3503 3498 3501
f 3497 3496 3499
f 3497 3499 3498
f 3496 3210 3499
f 3508 3502 3500
f 3501 3498 3512
f 875 3504 3508
f 218 3503 3501
f 3500 3502 3501
f 874 3486 3502
f 3497 3503 3494
f 3497 3498 3503
f 3505 3504 875
f 3464 3462 3504
f 877 3505 875
f 3460 3464 3505
f 3561 3522 3560
f 3519 3521 3563
f 877 3507 3505
f 877 3517 3507
f 3509 3508 3500
f 3504 874 3508
f 3508 3509 875
f 3500 12 3509
f 875 3510 877
f 3509 12 3511
f 3819 3820 3515
f 3510 3509 3511
f 198 3512 3208
f 3500 3501 3512
f 3517 3513 3516
f 3510 3511 3515
f 3515 3514 3513
f 3818 956 3814
f 3510 3515 3513
f 3511 3203 3819
f 3517 3516 3518
f 3513 3514 3516
f 3507 3517 3506
f 877 3513 3517
f 3517 3518 3506
f 3516 880 3518
f 3563 3562 3519
f 3506 3518 3519
f 3524 3520 880
f 3519 3518 3520
f 3520 3521 3519
f 3560 892 3559
f 3520 3523 3521
f 220 892 3560
f 3540 3523 882
f 3522 3521 3523
f 3523 3524 882
f 3523 3520 3524
f 880 3525 3524
f 3821 3204 800
f 3820 3817 3514
f 3525 880 3526
f 3537 3527 13
f 3528 3529 3530
f 3537 3528 3527
f 882 879 3529
f 882 3529 3528
f 879 883 3529
f 3801 3530 885
f 3527 3528 3530
f 13 3531 887
f 3527 884 3531
f 884 3533 3531
f 230 931 3719
f 948 3785 3798
f 3532 3531 3533
f 3535 3534 3718
f 888 887 3534
f 3546 3535 929
f 888 3534 3535
f 3537 13 3538
f 3546 929 886
f 3536 3538 13
f 220 3540 3537
f 3537 3538 220
f 3539 222 892
f 3536 3539 3538
f 3545 886 889
f 3528 3540 882
f 220 3522 3540
f 3544 3541 3539
f 3623 906 3554
f 891 3542 893
f 3541 3545 3543
f 3541 3543 3542
f 889 906 3552
f 3536 3544 3539
f 3536 888 3544
f 3543 3545 889
f 3541 3544 3545
f 888 3546 3544
f 888 3535 3546
f 3709 3712 3706
f 3549 927 3547
f 3626 3550 3548
f 927 3549 3548
f 3707 3708 3547
f 3704 3629 3626
f 3628 3625 3627
f 904 3623 3550
f 886 3551 889
f 927 3548 3554
f 3557 3552 3553
f 3543 889 3552
f 906 3553 3552
f 3623 3621 3553
f 927 3554 3551
f 3550 3623 3554
f 905 3557 3553
f 893 3542 3555
f 893 3556 894
f 3572 3441 3454
f 3575 3557 895
f 3555 3552 3557
f 3566 3558 3567
f 878 3461 3564
f 891 3559 222
f 891 890 3559
f 220 3560 3522
f 3559 217 3560
f 3521 3561 3563
f 3521 3522 3561
f 876 3562 3461
f 3506 3519 3562
f 217 3565 3561
f 3565 3558 3566
f 3562 3564 3461
f 3562 3563 3564
f 3563 3565 3564
f 217 3558 3565
f 878 3566 216
f 878 3564 3566
f 216 3567 3453
f 3558 890 3569
f 3453 3568 865
f 3571 894 3556
f 3567 3569 3568
f 3567 3558 3569
f 3575 3573 3556
f 3573 3574 3583
f 3572 3571 3570
f 3568 3569 3571
f 3568 3572 865
f 3570 3441 3572
f 3556 3573 3570
f 3598 902 3578
f 895 3574 3573
f 3597 3581 3598
f 3573 3575 895
f 3556 893 3575
f 895 3576 3574
f 895 905 3576
f 3621 3577 905
f 902 3579 3577
f 3598 3578 896
f 3619 3616 3617
f 3576 3579 3580
f 3576 3577 3579
f 3574 3580 3582
f 3579 902 3598
f 3587 3585 3581
f 3580 3579 3581
f 3585 3582 3580
f 863 3441 3583
f 3570 3583 3441
f 3570 3573 3583
f 899 3584 3587
f 3586 863 3582
f 896 3588 3597
f 3586 3440 863
f 3584 3586 3585
f 3584 860 3586
f 899 3587 897
f 3584 3585 3587
f 225 3594 898
f 898 3594 3588
f 3594 3589 3588
f 858 3436 3589
f 3589 3590 858
f 3589 3594 3590
f 225 3592 3591
f 225 3593 3592
f 3592 3593 901
f 225 898 3595
f 3591 3594 225
f 3591 3590 3594
f 3599 3595 223
f 3593 225 3595
f 3578 3596 896
f 3578 3619 3596
f 897 3597 3588
f 3587 3581 3597
f 3597 3598 896
f 3581 3579 3598
f 3601 3599 223
f 3593 3595 3599
f 3608 3606 3609
f 3602 3599 3600
f 3611 3612 3615
f 3600 3599 3601
f 3603 3602 3600
f 901 3593 3602
f 3612 3610 3603
f 3604 901 3602
f 3605 3604 3603
f 3610 3605 3603
f 3609 3606 3607
f 913 3609 3610
f 3645 3608 3609
f 3652 911 3655
f 3610 3609 3607
f 913 3645 3609
f 3605 3610 3607
f 3603 3600 3612
f 3614 3611 3615
f 3643 907 3640
f 3601 3615 3600
f 913 3610 3612
f 3620 903 3616
f 903 3625 3613
f 56 3614 900
f 56 907 3614
f 900 3615 3601
f 900 3614 3615
f 3618 3622 3620
f 3613 900 3617
f 3619 3618 3616
f 3616 3613 3617
f 902 3618 3578
f 902 3577 3622
f 3596 3619 223
f 3578 3618 3619
f 3624 3620 904
f 3616 3618 3620
f 3553 3621 905
f 904 3620 3622
f 3621 3622 3577
f 3621 904 3622
f 3621 3623 904
f 3553 906 3623
f 3620 3624 903
f 904 3550 3624
f 56 3625 3630
f 56 3613 3625
f 3549 3704 3548
f 3627 3624 3626
f 3629 3628 3627
f 3625 903 3627
f 3626 3629 3627
f 3641 3638 3640
f 3548 3704 3626
f 3631 926 3628
f 56 3630 907
f 3625 3628 3630
f 14 3631 3629
f 14 3703 3705
f 3678 3632 229
f 3702 926 3631
f 909 3638 3632
f 909 226 3638
f 57 3634 909
f 57 921 3634
f 226 3635 3639
f 226 908 3635
f 908 3636 3635
f 3658 916 3656
f 920 3637 3636
f 920 917 3637
f 3632 3638 3633
f 226 3640 3638
f 3644 3639 3635
f 3642 3643 3639
f 3643 3640 3639
f 907 3630 3641
f 907 3641 3640
f 3630 926 3641
f 3608 3645 912
f 3611 3614 3643
f 3611 3643 3642
f 3614 907 3643
f 3645 3644 912
f 3642 3639 3644
f 3642 3645 913
f 3642 3644 3645
f 3648 3652 3647
f 3648 3647 224
f 912 3648 3608
f 912 911 3648
f 910 3654 911
f 3653 3658 3650
f 3660 3650 3658
f 227 3649 3650
f 3661 3651 3660
f 3647 3652 3646
f 3648 911 3652
f 3649 3653 3650
f 3657 916 3653
f 3655 3654 3657
f 910 3636 3654
f 3649 3655 3653
f 3649 3652 3655
f 3676 3674 916
f 3667 3663 3666
f 3655 3657 3653
f 3637 3676 3657
f 3660 3658 3659
f 3653 916 3658
f 3656 3659 3658
f 3669 914 3668
f 3661 3660 915
f 3651 3650 3660
f 3668 914 3667
f 3666 3665 3662
f 3666 3662 915
f 3664 3665 3663
f 3659 3668 915
f 3663 3665 3666
f 3668 3667 3666
f 915 3668 3666
f 3659 3656 3669
f 3659 3669 3668
f 3677 917 228
f 3673 3670 3674
f 3669 3656 3670
f 914 3669 3671
f 3671 3670 3672
f 228 918 3677
f 3672 3670 3673
f 3656 3674 3670
f 3656 916 3674
f 3674 3675 3673
f 3674 3676 3675
f 3657 3676 916
f 3637 917 3676
f 3681 3677 918
f 3682 3675 3677
f 3700 3698 3678
f 3679 57 3678
f 3700 3696 3698
f 3680 918 921
f 3698 3697 3679
f 55 918 3680
f 3682 3681 3683
f 918 55 3681
f 3673 3682 919
f 3673 3675 3682
f 919 3682 3683
f 3683 3681 3684
f 3686 923 3685
f 3684 55 3686
f 3688 3687 232
f 3685 923 3687
f 3685 3687 3688
f 3690 232 3689
f 3733 3735 3737
f 3694 3691 3692
f 3734 3715 3731
f 3693 3694 925
f 3691 3689 3695
f 3713 3703 3712
f 3717 928 931
f 925 3694 3692
f 3731 3714 3728
f 3696 3695 922
f 3692 3691 3695
f 3692 3696 924
f 922 3697 3698
f 3679 3697 3680
f 922 3687 3697
f 3678 3698 3679
f 3696 922 3698
f 3705 3701 3699
f 924 3700 3699
f 229 3700 3678
f 924 3696 3700
f 3705 3703 3701
f 3712 3709 3710
f 926 3702 3633
f 3631 14 3705
f 3706 3703 14
f 3708 221 928
f 3706 3704 3549
f 14 3629 3704
f 3702 3705 3699
f 3702 3631 3705
f 3704 3706 14
f 3549 3547 3709
f 3535 3720 929
f 221 3708 3707
f 3710 3708 928
f 3709 3547 3708
f 3549 3709 3706
f 3708 3710 3709
f 3717 3714 3716
f 3712 3703 3706
f 3713 3711 3693
f 3710 928 3716
f 3711 3712 3710
f 3711 3713 3712
f 3701 3713 925
f 3701 3703 3713
f 3711 3710 3716
f 3727 230 932
f 3693 3715 3734
f 3693 3711 3715
f 3715 3716 3714
f 3715 3711 3716
f 928 3717 3716
f 931 230 3727
f 3720 3718 3719
f 3534 3532 3722
f 3720 3719 221
f 3722 3532 3721
f 3707 3720 221
f 3707 929 3720
f 3785 3796 3798
f 3723 3724 3722
f 3718 3722 3724
f 3718 3534 3722
f 3795 3726 3723
f 3724 3719 3718
f 3726 3724 3723
f 230 3719 3724
f 3792 3749 932
f 3730 934 3741
f 230 3726 932
f 230 3724 3726
f 3729 3727 3725
f 3717 931 3727
f 16 3730 3725
f 231 3731 3728
f 3730 3729 3725
f 3728 3714 3729
f 3729 3730 3728
f 16 934 3730
f 3732 3731 231
f 3715 3714 3731
f 3742 3739 3740
f 3733 3691 3694
f 3735 3733 3732
f 3737 3691 3733
f 3694 3734 3733
f 3694 3693 3734
f 231 3740 3732
f 3737 3738 3689
f 3739 3736 3735
f 3691 3737 3689
f 3735 3736 3737
f 3689 3738 3690
f 3737 3736 3738
f 3740 3739 3735
f 3732 3740 3735
f 3744 934 933
f 231 3741 3746
f 231 3728 3741
f 3741 3743 3746
f 3742 3746 935
f 3741 934 3743
f 3745 3744 936
f 3743 934 3744
f 935 3743 3745
f 935 3746 3743
f 3742 3740 3746
f 3754 3747 940
f 933 3748 3747
f 3750 3748 3793
f 933 16 3748
f 3725 3749 16
f 3725 932 3749
f 939 3752 937
f 3747 3748 3750
f 943 3773 3791
f 3770 3759 3753
f 3751 3752 939
f 938 3750 3752
f 938 3753 941
f 938 3752 3753
f 3744 3754 936
f 3744 933 3754
f 936 3754 3755
f 3755 940 3756
f 3761 3757 3760
f 3759 3758 941
f 3753 3759 941
f 59 942 3760
f 3770 3760 3759
f 942 3761 3760
f 987 3761 942
f 3763 3762 3765
f 987 942 3762
f 3953 3763 988
f 3952 3762 3763
f 3776 3766 235
f 3767 59 3768
f 3763 3765 988
f 3762 942 3767
f 988 3766 986
f 3765 3764 3766
f 3765 3767 3764
f 942 59 3767
f 3774 3771 235
f 3774 3764 3768
f 3791 3773 3769
f 3768 59 3769
f 3751 3770 3753
f 3769 59 3770
f 3784 3775 3771
f 3774 3768 3773
f 3774 3772 3771
f 943 3789 3772
f 3751 3791 3769
f 943 3772 3773
f 3772 3774 3773
f 235 3764 3774
f 3771 3775 235
f 3775 3784 3781
f 3775 3776 235
f 233 3938 3950
f 3775 3781 233
f 3780 964 963
f 233 3781 3777
f 944 3782 3778
f 964 3779 3778
f 983 3934 3935
f 3935 3780 983
f 3779 964 3780
f 3778 3781 944
f 3778 3777 3781
f 3851 3782 945
f 964 3778 3782
f 3789 3786 3788
f 3787 945 3783
f 3781 3784 944
f 3771 236 3784
f 3790 3794 949
f 3799 3797 3721
f 948 3786 3785
f 951 3787 3788
f 3788 3787 3783
f 951 950 3787
f 3789 3788 236
f 3786 951 3788
f 3772 3789 236
f 943 947 3789
f 3794 3790 58
f 946 939 3790
f 939 3791 3751
f 939 946 3791
f 3726 3792 932
f 58 3793 3792
f 3750 3793 937
f 3748 3749 3793
f 3792 3795 58
f 3796 3785 949
f 58 3795 3794
f 3792 3726 3795
f 3795 3797 3794
f 3800 3799 3533
f 3721 3797 3723
f 3796 3794 3797
f 948 3798 930
f 3796 3797 3799
f 3533 3799 3721
f 3798 3796 3799
f 884 3800 3533
f 930 3798 3800
f 239 3802 885
f 3800 884 3801
f 885 3802 3801
f 3812 952 3804
f 239 3803 3802
f 3804 950 3803
f 3812 3804 3803
f 952 961 3804
f 930 3805 948
f 930 3802 3805
f 950 3806 3787
f 950 3804 3806
f 3810 3809 3807
f 3852 960 3853
f 955 3808 953
f 3846 959 3845
f 952 3810 3807
f 953 3808 3809
f 3828 3810 3811
f 953 3809 3810
f 952 3811 3810
f 3813 883 3815
f 239 3812 3803
f 239 3813 3812
f 3812 3813 3811
f 239 883 3813
f 3828 3814 956
f 881 3815 3816
f 3813 3815 881
f 883 879 3815
f 881 3816 3814
f 3815 3525 3816
f 3816 3817 3814
f 3526 3514 3817
f 3817 3818 3814
f 3817 3820 3818
f 3511 3819 3515
f 3204 3821 3824
f 3515 3820 3514
f 3819 3204 3824
f 3824 3821 3825
f 800 3202 3823
f 3185 3838 3190
f 200 3202 3822
f 800 3823 3821
f 3202 200 3823
f 3820 3824 3818
f 3820 3819 3824
f 3818 3825 956
f 3818 3824 3825
f 954 3826 955
f 3842 3834 3836
f 954 3827 3826
f 954 3823 3827
f 3810 3828 953
f 3811 881 3828
f 3826 3829 3848
f 3826 3827 3829
f 3847 3830 958
f 3848 3808 3826
f 3846 3831 959
f 3830 3829 3831
f 199 3832 3831
f 3834 3835 3833
f 3200 3833 3822
f 3835 3832 199
f 3838 3834 3833
f 3838 3836 3834
f 3832 3835 3834
f 199 200 3835
f 3839 3836 3188
f 3840 3842 3836
f 3876 3872 3839
f 3839 3188 3837
f 3190 3838 3833
f 3188 3836 3838
f 798 3876 3837
f 3842 959 3832
f 798 3875 3876
f 3846 3843 958
f 3872 3874 3840
f 3868 3873 3866
f 3834 3842 3832
f 3840 3841 3842
f 3870 3843 3844
f 3846 3830 3831
f 3860 237 962
f 3843 3845 3844
f 3841 3845 959
f 3874 3841 3840
f 3843 3846 3845
f 958 3830 3846
f 3855 3847 958
f 957 3848 3847
f 3847 3848 3830
f 957 3808 3848
f 3809 3849 3807
f 957 3847 3850
f 3849 3850 960
f 3849 957 3850
f 961 3851 3806
f 3853 3782 3851
f 960 3852 3849
f 3851 961 3852
f 3852 3853 3851
f 960 963 3853
f 960 3854 963
f 960 3850 3854
f 3850 3855 3854
f 3850 3847 3855
f 237 3856 962
f 3780 963 3856
f 3855 3857 962
f 3855 958 3857
f 3871 3869 3844
f 3860 966 237
f 967 3859 3858
f 967 244 3859
f 3857 3860 962
f 3859 966 3860
f 3858 3861 967
f 3858 3869 3861
f 967 3862 244
f 243 245 3862
f 3906 3908 242
f 240 243 3864
f 967 3864 3862
f 967 3861 3864
f 3869 3865 3861
f 965 242 3867
f 3868 3866 3865
f 238 965 3866
f 3908 3867 242
f 3863 3865 3867
f 3871 3868 3869
f 3873 238 3866
f 3844 3869 3858
f 3868 3865 3869
f 3857 3870 3860
f 3857 3843 3870
f 3845 3871 3844
f 3845 3841 3871
f 3839 3872 3840
f 970 3873 3872
f 3871 3874 3868
f 970 238 3873
f 3868 3874 3873
f 3871 3841 3874
f 3872 3876 970
f 3147 3145 3877
f 3837 3876 3839
f 3875 970 3876
f 3882 3877 3879
f 3878 3147 3877
f 3882 3878 3877
f 3875 798 3878
f 3880 3879 3881
f 3882 3875 3878
f 975 3880 972
f 971 3879 3880
f 3133 3892 3144
f 3879 3877 3881
f 969 3882 3879
f 969 3883 3882
f 3884 3883 969
f 238 970 3883
f 3883 3884 238
f 969 971 3885
f 975 3886 971
f 968 3884 3885
f 3890 3889 975
f 3904 3888 3902
f 3889 3888 3886
f 3904 3902 978
f 3886 3888 3887
f 3904 978 3903
f 975 3889 3886
f 3890 3893 3896
f 972 3890 975
f 973 3895 3897
f 3880 3892 972
f 3132 974 3891
f 3881 3892 3880
f 3881 3144 3892
f 972 3893 3890
f 972 3891 3893
f 974 3894 973
f 974 3130 3894
f 3894 3895 973
f 4199 1050 4198
f 3898 3899 976
f 3899 3890 3896
f 4201 3897 3895
f 3896 973 3897
f 3889 3898 3888
f 976 3900 3898
f 3897 4188 3896
f 3898 3889 3899
f 52 4183 4184
f 3901 3902 3900
f 4183 3914 3901
f 978 3902 3901
f 3898 3902 3888
f 3898 3900 3902
f 3887 3904 3905
f 3913 246 3910
f 3905 3904 3903
f 3887 3888 3904
f 3906 3905 3903
f 242 968 3905
f 3913 3910 3909
f 3908 3863 3867
f 240 3907 243
f 246 3913 3912
f 3909 3908 3906
f 240 3863 3908
f 240 3909 3907
f 240 3908 3909
f 979 3910 246
f 979 3911 3910
f 980 3911 979
f 3927 981 3924
f 978 3912 3903
f 978 3901 3914
f 3906 3913 3909
f 3903 3912 3913
f 977 3914 1000
f 977 3912 3914
f 980 3915 3911
f 980 3918 3915
f 1000 4182 977
f 998 3917 3916
f 979 3917 980
f 3991 997 3990
f 3915 3918 981
f 3967 3962 3968
f 3993 3919 3918
f 3987 3988 3983
f 3966 3920 3921
f 3924 981 3920
f 3920 3919 3921
f 3966 3922 3924
f 3924 3920 3966
f 3964 3943 3923
f 993 3922 3923
f 993 3924 3922
f 993 3927 3924
f 3930 3926 984
f 993 3923 3925
f 984 3926 3925
f 3928 982 3915
f 3926 3927 993
f 3931 3930 985
f 3926 3931 3927
f 245 982 3928
f 966 3929 3933
f 3939 3937 3941
f 985 3930 3929
f 985 245 3931
f 3927 3931 3928
f 3926 3930 3931
f 983 3933 3934
f 3929 3930 3932
f 237 3933 983
f 3929 3932 3933
f 3935 3934 3937
f 3933 3932 3934
f 3779 3935 2
f 3779 3780 3935
f 3942 3944 3941
f 992 247 3946
f 3932 3940 3934
f 3939 3938 2
f 3950 3938 234
f 233 3777 3938
f 3940 3941 3937
f 234 3938 3939
f 3934 3940 3937
f 3941 3936 3939
f 984 3942 3940
f 984 3925 3942
f 3940 3942 3941
f 3925 3943 3942
f 3944 3943 3945
f 3925 3923 3943
f 3936 3944 992
f 3936 3941 3944
f 992 3945 991
f 992 3944 3945
f 992 3946 3936
f 247 989 3947
f 247 3947 3946
f 986 3948 988
f 3954 3955 990
f 3950 3949 986
f 234 3946 3949
f 3949 3950 234
f 986 3776 3950
f 3952 3763 3951
f 987 3762 3952
f 3947 3955 3948
f 3951 3763 3953
f 3953 3954 3951
f 3955 989 990
f 3953 3955 3954
f 3953 3948 3955
f 990 989 3956
f 247 3957 989
f 3963 991 3945
f 3970 3971 3967
f 3964 3963 3945
f 3961 3957 991
f 3956 3957 3960
f 3959 3961 3958
f 3960 3957 3961
f 3961 3963 3958
f 3968 3922 3965
f 3958 3963 3962
f 3961 991 3963
f 3943 3964 3945
f 3923 3922 3968
f 3984 3986 3985
f 3967 3968 3965
f 3985 3966 3921
f 3965 3922 3966
f 3985 3969 3965
f 3969 3970 3967
f 3964 3968 3962
f 3964 3923 3968
f 3965 3969 3967
f 3973 996 3970
f 3971 3970 3974
f 3986 3984 995
f 3958 3971 3972
f 3958 3962 3971
f 3958 3972 3959
f 3969 3973 3970
f 3976 3975 3973
f 3971 3974 3972
f 3970 996 3974
f 996 3973 3975
f 3986 3976 3973
f 3980 3982 3979
f 3982 3980 995
f 3975 3976 3978
f 3980 3979 3977
f 4019 1007 4022
f 3976 3980 3978
f 3976 995 3980
f 3979 3982 60
f 3983 3984 3987
f 3983 3982 995
f 3981 60 3982
f 3982 3983 3981
f 995 3976 3986
f 3919 3987 3921
f 3983 995 3984
f 3966 3985 3965
f 3921 3984 3985
f 3969 3986 3973
f 3969 3985 3986
f 3988 3987 3989
f 3984 3921 3987
f 3998 3981 3988
f 3981 3983 3988
f 3990 3989 3991
f 3987 3919 3989
f 3992 3996 997
f 3988 3989 3990
f 3919 3993 3989
f 3917 998 3991
f 4182 3992 998
f 4179 4181 4178
f 980 3993 3918
f 3917 3991 3993
f 4179 3994 999
f 3995 4005 3994
f 994 3995 1003
f 3996 3997 997
f 994 4003 4005
f 4003 4001 1004
f 3990 3997 3998
f 4005 3995 994
f 3990 3998 3988
f 4003 994 4001
f 4021 3999 4002
f 3998 3997 3999
f 3981 4000 60
f 3981 3998 4000
f 4021 4002 4003
f 4168 4169 4164
f 3997 4002 3999
f 3997 3996 4002
f 4021 4003 1004
f 4002 4005 4003
f 4015 4004 4012
f 4001 4006 4004
f 3996 4005 4002
f 3996 3994 4005
f 994 4006 4001
f 994 1003 4006
f 4010 4007 4008
f 4004 4006 4007
f 4010 4008 248
f 4007 1001 4008
f 4085 4086 251
f 4015 1020 4014
f 4086 4084 4009
f 4012 4007 4010
f 248 4011 4010
f 4080 1018 1011
f 4007 4012 4004
f 4036 1010 4030
f 4010 4013 4012
f 4084 1021 4083
f 4017 4014 1020
f 1004 4001 4014
f 4004 4015 4014
f 4012 4013 4082
f 4015 4016 1020
f 4082 4013 4081
f 1005 4017 4018
f 1005 1004 4017
f 1005 4018 1007
f 4017 1020 4029
f 60 4019 4024
f 60 4000 4019
f 3999 4020 4000
f 1005 1007 4020
f 1005 4021 1004
f 4020 3999 4021
f 4018 4025 1007
f 4025 4026 4022
f 4026 4023 4022
f 60 4024 3979
f 4022 4023 4024
f 1007 4025 4022
f 1009 4027 4025
f 4025 4027 4026
f 1009 1008 4027
f 4030 4028 4036
f 1008 1009 4028
f 4018 4029 1009
f 4018 4017 4029
f 4034 4033 1010
f 4032 1008 4028
f 4033 4031 4030
f 4031 4032 4030
f 1010 4033 4030
f 4056 4045 4037
f 4035 4034 1010
f 1011 4037 4040
f 4082 4081 4035
f 4080 1011 4039
f 1020 4036 4029
f 4016 1010 4036
f 1018 4038 1011
f 1011 4038 4037
f 4076 4075 1019
f 4035 4039 4034
f 4039 4081 4080
f 4034 4040 4041
f 4034 4039 4040
f 4033 4041 1014
f 4033 4034 4041
f 4046 4042 4045
f 4041 4040 4042
f 1014 4041 4043
f 4078 4077 4057
f 4805 64 4803
f 4037 4045 4042
f 4044 1013 4045
f 4042 4046 4043
f 4045 1013 4046
f 4055 4047 4044
f 4047 4055 4054
f 1013 4044 4048
f 4048 4047 4049
f 4808 4050 4052
f 4049 4047 4050
f 4050 4054 4052
f 1012 4058 4051
f 4047 4054 4050
f 64 4806 4807
f 4051 4053 4052
f 4051 4061 4053
f 4051 4054 1012
f 4051 4052 4054
f 4054 4055 1012
f 4044 4045 4056
f 4038 4056 4037
f 4055 4044 4056
f 4055 4057 1012
f 4056 4038 4057
f 4038 1018 4078
f 4807 4062 1016
f 1012 4077 4058
f 4071 1015 4060
f 4059 4060 4058
f 4059 4071 4060
f 4058 4061 4051
f 4807 1016 1200
f 4064 4062 4063
f 4068 1015 4069
f 4061 4063 4053
f 4061 4064 4063
f 4060 4064 4061
f 4060 1015 4064
f 254 4106 4107
f 4067 1016 4062
f 4791 4752 4753
f 4795 4794 4066
f 4064 4068 4062
f 253 4065 4067
f 4067 4068 253
f 4064 1015 4068
f 4070 4069 1015
f 4104 253 4069
f 1019 4073 252
f 4100 4089 1017
f 252 4071 4059
f 252 4074 4071
f 4084 4086 1021
f 4089 4087 1017
f 4072 4073 1019
f 4072 4088 4073
f 4071 4074 4070
f 252 4073 4074
f 252 4076 1019
f 1018 4080 4083
f 4077 4076 4059
f 4078 4075 4076
f 4058 4077 4059
f 4057 4038 4078
f 4075 4078 1018
f 4076 4077 4078
f 4075 4083 1021
f 4081 4013 4079
f 4035 4081 4039
f 4083 4075 1018
f 4080 4081 4079
f 4035 4016 4082
f 4015 4082 4016
f 4015 4012 4082
f 4079 4083 4080
f 4079 4084 4083
f 4011 4084 4079
f 4011 4009 4084
f 4086 4085 4072
f 251 250 4085
f 251 4086 4009
f 4072 1021 4086
f 4089 4088 4087
f 4162 250 4161
f 4085 4088 4072
f 4085 4162 4088
f 4097 4098 4099
f 4073 4088 4089
f 4092 4096 50
f 4087 4088 4162
f 4090 4091 4093
f 4090 4087 4091
f 1028 4097 4094
f 50 4137 4092
f 4158 4093 4091
f 4160 1022 1023
f 4097 4096 4092
f 4092 4095 4094
f 4093 4159 50
f 4118 4127 1029
f 50 4096 4090
f 4092 4094 4097
f 4098 4097 1028
f 4099 4096 4097
f 4103 4101 1028
f 4070 4074 4100
f 4096 4099 1017
f 4102 4070 4100
f 4098 4102 4099
f 4074 4089 4100
f 1028 4101 4098
f 254 61 4101
f 4099 4102 4100
f 4098 4101 4104
f 4113 4103 1028
f 1026 4105 4103
f 61 4104 4101
f 61 253 4104
f 4111 4105 4112
f 254 4103 4105
f 4752 4106 4111
f 254 4105 4106
f 61 4107 4065
f 61 254 4107
f 4112 4108 4111
f 4750 4737 1030
f 4747 1187 4750
f 4754 256 4751
f 1032 4119 4121
f 4109 4751 4110
f 4751 4753 4108
f 4106 4105 4111
f 1026 4112 4105
f 1026 1027 4112
f 4094 4113 1028
f 4094 1025 4113
f 1026 4114 1027
f 4113 1025 4114
f 1032 4115 4117
f 1032 1027 4115
f 1025 4134 4135
f 4414 4131 1101
f 4116 4117 4115
f 4127 1033 1029
f 4127 4118 4117
f 1031 4119 4118
f 4108 4121 4110
f 1032 4118 4119
f 4123 4120 1031
f 4109 4110 4120
f 1032 4121 1027
f 4119 4110 4121
f 4123 4128 4124
f 4732 66 4729
f 4128 4123 1031
f 4737 4749 4123
f 4128 4125 4124
f 4735 4429 1106
f 4124 4125 4122
f 4126 1033 1104
f 4128 4126 4125
f 1029 1033 4126
f 4116 4133 4117
f 4127 4133 4130
f 1029 4128 1031
f 1029 4126 4128
f 4133 4129 4130
f 4410 4143 4144
f 4127 4130 1033
f 4133 4116 4132
f 4132 4141 4129
f 4129 4142 4131
f 4135 4134 4138
f 4138 4140 4132
f 4129 4133 4132
f 4127 4117 4133
f 4137 4139 4095
f 4138 4132 4116
f 4115 4135 4116
f 4115 4114 4135
f 4095 4139 4134
f 1034 4145 4136
f 4092 4137 4095
f 4159 4093 4160
f 4136 4138 4134
f 4136 4140 4138
f 4134 4139 4136
f 4156 1023 4155
f 4132 4140 4141
f 4145 1034 4146
f 4129 4141 4142
f 4140 4136 4145
f 4131 4142 4415
f 4141 4143 4413
f 4145 4143 4140
f 4411 4410 4222
f 4146 4144 4145
f 1037 4220 4221
f 1035 4146 1034
f 4144 4143 4145
f 4147 4146 1035
f 1037 4144 4146
f 4155 4154 4149
f 4149 4148 4147
f 4147 4148 1037
f 4215 4196 4195
f 1035 4155 4147
f 4154 4151 1036
f 4149 4150 4148
f 1036 4193 4196
f 4172 4152 1038
f 1047 4193 4151
f 4153 4192 1039
f 1047 4151 4152
f 1040 4153 1039
f 4174 4173 1044
f 4147 4155 4149
f 1038 4151 4154
f 4156 4155 1035
f 1023 4154 4155
f 4157 4156 1035
f 4160 4093 4158
f 4137 4157 4139
f 4137 50 4159
f 4162 4161 4091
f 1024 1022 4158
f 4157 4159 4156
f 4157 4137 4159
f 4159 4160 4156
f 4158 1022 4160
f 4158 4161 1024
f 4158 4091 4161
f 4087 4162 4091
f 4085 250 4162
f 4167 4165 1042
f 4170 1024 4161
f 4008 4168 248
f 4008 1001 4166
f 4177 4165 4166
f 249 1046 4165
f 4168 4166 4167
f 1001 1003 4177
f 1002 4169 1041
f 4166 4165 4167
f 248 4168 4164
f 4008 4166 4168
f 4167 4169 4168
f 4167 1041 4169
f 1002 4170 4163
f 1002 4171 4170
f 1040 4171 1002
f 1040 1039 4171
f 1024 4172 1022
f 4171 1039 4172
f 1046 4185 1045
f 261 1043 4173
f 4175 4174 4153
f 1045 4173 4174
f 1041 4175 1040
f 1042 1045 4175
f 249 4176 1046
f 249 4178 4181
f 3995 4178 1003
f 249 4165 4177
f 4177 4178 249
f 3995 3994 4179
f 4180 4179 999
f 4178 3995 4179
f 1000 4180 999
f 1000 4183 4180
f 52 4181 4180
f 4176 249 4181
f 3992 4182 999
f 998 3916 4182
f 4180 4183 52
f 1000 3914 4183
f 4185 4186 261
f 4183 3901 4184
f 1045 4185 4173
f 4176 52 4186
f 4189 4186 4184
f 4185 4176 4186
f 1043 4187 51
f 241 976 4188
f 4187 4188 3897
f 976 3899 4188
f 4186 4189 261
f 4184 3900 4189
f 4194 4191 1048
f 1044 51 4190
f 4192 4191 1047
f 260 4190 4191
f 1039 4192 4152
f 4153 260 4192
f 4191 4194 1047
f 4214 4215 4203
f 4197 4195 4194
f 4193 1047 4194
f 4215 4195 1054
f 4194 1048 4197
f 1036 4196 4150
f 4193 4195 4196
f 1049 4198 1048
f 1050 1054 4197
f 4200 4198 1049
f 4200 784 4199
f 4200 4199 4198
f 784 3131 4199
f 4201 4200 1049
f 3895 784 4200
f 51 4201 1049
f 4187 3897 4201
f 3129 4202 3131
f 1053 1050 4202
f 1055 4214 1051
f 1054 1053 4203
f 3129 4204 4202
f 4207 1052 263
f 4204 4205 1053
f 4204 4206 4205
f 3125 4206 4204
f 3125 3126 4206
f 4206 4207 4205
f 4206 1052 4207
f 4209 4208 4250
f 259 263 4208
f 4212 4209 4211
f 258 4208 4209
f 4228 4211 4210
f 264 265 4210
f 4212 4211 1056
f 4209 264 4211
f 4209 4212 258
f 1056 4229 4212
f 4227 4229 1056
f 1055 258 4213
f 1051 4214 4203
f 4218 4216 4219
f 4203 4215 1054
f 4218 4213 4216
f 4220 4219 4216
f 4150 4196 4217
f 4215 4217 4196
f 4215 4214 4217
f 4214 4218 4217
f 4214 1055 4218
f 4217 4219 4150
f 4217 4218 4219
f 4221 4220 1057
f 4148 4219 4220
f 4222 4221 1057
f 4144 1037 4221
f 4227 4226 4223
f 4407 4409 4224
f 1057 4227 4222
f 4226 1064 4225
f 4409 4406 4408
f 1058 1061 4234
f 4226 4225 4223
f 1064 1058 4225
f 4222 4227 4223
f 1056 4228 4226
f 4216 4229 1057
f 1056 4226 4227
f 4226 4228 1064
f 1056 4211 4228
f 1057 4229 4227
f 4216 4213 4229
f 1064 4230 1061
f 4228 4210 4230
f 4242 4241 4231
f 4232 1061 4231
f 4241 4240 4237
f 4396 4235 4236
f 4237 4233 4235
f 4394 1060 4393
f 1058 4234 4224
f 1061 4232 4234
f 4393 4318 4392
f 4234 4232 4235
f 4395 4236 4394
f 4396 4234 4235
f 4231 4241 4232
f 4240 1067 4239
f 1065 4238 1067
f 1079 1060 4238
f 1060 4239 4238
f 4240 1066 4243
f 4237 4240 4239
f 4237 4232 4241
f 1063 4242 4231
f 1066 4240 4241
f 265 4247 1063
f 4247 4244 4246
f 4246 4245 1066
f 4263 4264 4265
f 4246 4244 4255
f 4248 4249 4251
f 1066 4245 4243
f 4244 53 4258
f 4242 4246 1066
f 4242 1063 4247
f 4242 4247 4246
f 265 4249 4248
f 4247 4248 4244
f 4247 265 4248
f 4250 4249 264
f 1062 4251 4249
f 262 4250 4208
f 262 1062 4250
f 4248 4251 53
f 4252 3124 3112
f 1062 4252 4251
f 1062 4254 4252
f 780 4253 778
f 262 263 4253
f 262 4254 1062
f 4253 780 4254
f 4257 4255 4258
f 4245 4246 4255
f 4260 4256 777
f 4258 53 4256
f 3104 4259 3105
f 4274 1071 4273
f 4261 4258 4256
f 4255 4244 4258
f 4261 4260 3105
f 4269 4271 4266
f 3103 4260 3110
f 3105 4259 4261
f 4258 4261 4257
f 4256 4260 4261
f 4259 4262 4257
f 4269 4270 4271
f 1065 4312 4309
f 4265 4255 4257
f 4312 4264 4311
f 4245 4255 4265
f 4262 4265 4257
f 4264 4245 4265
f 4274 4266 1071
f 4267 4263 4269
f 4305 4307 1069
f 4263 4262 4269
f 4308 4268 4287
f 4267 4266 4268
f 4270 4269 4262
f 4266 4267 4269
f 3104 4270 4259
f 4270 4272 4271
f 4266 4271 1071
f 4270 3104 4272
f 4271 4272 765
f 3104 3060 4272
f 3057 4273 1071
f 3057 764 4273
f 766 4275 4273
f 4268 4266 4274
f 4286 1070 1069
f 4274 4273 4275
f 4282 4280 4278
f 4275 766 4276
f 3054 4277 766
f 3054 4 4277
f 1829 4278 4277
f 4283 1827 452
f 4282 4279 1826
f 4278 1829 4279
f 4278 4280 4276
f 452 267 4292
f 4286 4284 4285
f 4280 4282 4281
f 4279 4282 4278
f 1826 1827 4283
f 1826 4283 4282
f 452 4292 4283
f 4287 4284 4286
f 4287 4275 4284
f 4280 4285 4284
f 4291 4292 4288
f 4287 4286 4308
f 4285 1070 4286
f 4274 4287 4268
f 4274 4275 4287
f 4290 4288 267
f 1074 4289 4288
f 1070 4289 4306
f 1070 4291 4289
f 4293 4294 4298
f 4299 4300 4290
f 4281 4291 4285
f 4288 4289 4291
f 4288 4292 267
f 4291 4281 4292
f 268 4294 1816
f 268 1813 4296
f 4298 4294 4297
f 4293 1816 4294
f 4333 4297 4295
f 4335 1813 441
f 4297 4296 4295
f 4294 268 4296
f 4333 4299 4297
f 4298 267 4293
f 4299 4298 4297
f 4290 267 4298
f 4300 4299 1072
f 4290 4298 4299
f 4302 4300 1072
f 4301 1074 4300
f 4302 4301 4300
f 4304 1074 4301
f 4333 4332 1072
f 4315 1075 48
f 4329 4317 4303
f 4330 1077 4316
f 4315 4304 4301
f 48 4305 4306
f 4306 4305 1069
f 48 4314 4305
f 1070 4306 1069
f 4304 48 4306
f 4268 4308 4310
f 4305 1068 4307
f 4307 4308 1069
f 4307 4310 4308
f 4311 4309 4312
f 4307 1068 4309
f 4309 4310 4307
f 4309 4311 4310
f 4263 4311 4264
f 4263 4267 4311
f 1067 4312 1065
f 4243 4264 4312
f 1065 4313 4238
f 1065 1068 4313
f 4305 4314 1068
f 1075 8 4314
f 4304 4315 48
f 4303 4330 4315
f 8 4316 4318
f 8 1075 4316
f 4302 4328 4329
f 1076 266 4317
f 4319 4318 4316
f 4393 1079 4318
f 4388 4319 1078
f 4392 4390 4391
f 4389 4320 1099
f 1100 4388 4320
f 1076 4321 266
f 4368 1081 4323
f 266 4322 1078
f 4368 274 1081
f 4321 4323 4322
f 1081 1082 4323
f 4364 4324 1080
f 4326 4327 4324
f 274 4325 1090
f 4368 4326 4325
f 1076 4326 4321
f 1076 4327 4326
f 4324 4327 4343
f 1076 4317 4329
f 4343 4328 4332
f 4327 4329 4328
f 4302 4329 4303
f 4327 1076 4329
f 4317 4330 4303
f 4316 1075 4330
f 4333 4331 4332
f 1073 4341 4342
f 1080 4343 4344
f 4328 1072 4332
f 4331 4333 4295
f 1072 4299 4333
f 4295 4334 4331
f 4337 4296 1813
f 4336 4335 5
f 4337 1813 4335
f 4295 4337 4334
f 5 442 4336
f 4334 4337 4336
f 4295 4296 4337
f 442 4338 1073
f 270 1086 4340
f 1772 4339 270
f 1772 443 4339
f 270 4340 4338
f 4352 271 1088
f 4340 4348 4338
f 4342 4331 4334
f 1084 4342 4341
f 1084 4344 4342
f 4324 4343 1080
f 4327 4328 4343
f 4332 4344 4343
f 4332 4331 4344
f 1087 4357 272
f 4347 1084 4341
f 1085 4346 4345
f 4369 4361 273
f 4363 4347 4345
f 1083 1084 4347
f 4338 4348 4341
f 1085 4345 4348
f 1086 4349 4350
f 1086 1768 4349
f 4340 4350 1085
f 4349 271 4351
f 4356 4351 272
f 4350 4349 4351
f 4351 4352 272
f 1088 269 4352
f 1758 4353 4354
f 1758 1759 4353
f 1088 4354 269
f 4353 1756 4507
f 4504 4498 4500
f 1087 272 4355
f 4357 4356 272
f 4346 1085 4356
f 4356 4357 4346
f 4501 4373 4360
f 4357 4358 4346
f 4357 1087 4359
f 4357 4359 4358
f 4505 4355 269
f 4361 4360 4373
f 4359 1089 4360
f 4366 4369 273
f 4358 4360 4361
f 4369 4362 4361
f 4346 4358 4362
f 4369 4363 4362
f 1083 4347 4363
f 4363 4365 1083
f 1090 4325 4364
f 4364 4365 1090
f 4364 1083 4365
f 4365 4366 1090
f 4367 1093 274
f 273 4371 4366
f 273 1091 4371
f 4321 4368 4323
f 4321 4326 4368
f 4365 4369 4366
f 4365 4363 4369
f 1092 4372 1091
f 4387 1097 1082
f 4372 4371 1091
f 4370 4367 4371
f 4486 4372 1092
f 1094 4370 4372
f 273 4373 1091
f 4360 1089 4501
f 1097 4374 1098
f 1096 1095 4377
f 1094 4375 4370
f 1094 1096 4375
f 1096 4376 4375
f 4374 1097 4376
f 4378 4377 1107
f 4374 4376 4377
f 1122 4437 1107
f 4380 4379 4378
f 4374 4379 1098
f 4374 4378 4379
f 1107 4437 4378
f 4424 1108 4380
f 4379 4383 1098
f 4423 4422 4382
f 1103 4401 257
f 1102 276 4382
f 4385 4383 4381
f 4379 1108 4383
f 4389 4384 1100
f 276 1102 4402
f 4383 4385 1098
f 4381 4384 4385
f 1097 4386 1082
f 4385 4384 4389
f 1081 4387 1082
f 4375 4376 4387
f 4320 4388 1078
f 4394 4236 4233
f 4320 4389 1100
f 4386 4385 4389
f 1100 4390 4388
f 1059 4395 4391
f 4319 4392 4318
f 4390 1059 4391
f 4388 4392 4319
f 4388 4390 4392
f 1079 4393 1060
f 4392 4391 4393
f 1060 4394 4233
f 4393 4391 4394
f 4399 4400 4398
f 1059 1102 4399
f 4395 4398 4236
f 4224 4234 4396
f 4403 4397 4400
f 4224 4396 4397
f 1059 4399 4395
f 4397 4396 4398
f 4395 4399 4398
f 4401 1103 4400
f 4403 4400 1103
f 4397 4398 4400
f 4399 4401 4400
f 1102 4382 4401
f 1059 4402 1102
f 1059 4390 4402
f 4405 4403 1103
f 4415 4142 4412
f 4414 4417 1104
f 4417 4405 4404
f 4404 4405 1103
f 1101 4415 4416
f 4413 4411 4412
f 4403 4405 4416
f 4397 4407 4224
f 4397 4403 4407
f 4223 4408 4411
f 4223 4225 4408
f 4225 4409 4408
f 4225 1058 4409
f 4222 4410 4221
f 4416 4406 4407
f 4223 4411 4222
f 4408 4406 4412
f 4413 4412 4142
f 4411 4408 4412
f 4410 4413 4143
f 4410 4411 4413
f 1033 4414 1104
f 4130 4131 4414
f 4406 4415 4412
f 1101 4131 4415
f 1101 4416 4405
f 4415 4406 4416
f 4426 1105 4425
f 4414 1101 4417
f 4417 4419 1104
f 4431 4125 4418
f 4430 4419 4421
f 4418 1104 4419
f 1108 4425 1105
f 255 4430 4420
f 257 4421 4404
f 4420 4430 4421
f 257 4422 4421
f 257 4382 4422
f 276 4423 4382
f 1105 4426 4423
f 4437 4436 4380
f 4428 1106 4427
f 4424 4425 1108
f 4424 49 4428
f 4423 4426 4422
f 4425 4427 4426
f 4426 4427 4420
f 4425 4424 4428
f 4425 4428 4427
f 49 4434 4428
f 1106 4429 255
f 4434 49 4433
f 4431 4430 255
f 4418 4419 4430
f 4430 4431 4418
f 255 4429 4431
f 68 4432 67
f 68 1110 4432
f 4434 4433 4732
f 68 67 4433
f 1106 4434 4735
f 1106 4428 4434
f 4443 4435 277
f 4432 1110 4435
f 68 4436 1110
f 49 4424 4436
f 4378 4437 4380
f 1122 1110 4437
f 1122 4438 1120
f 1122 1107 4438
f 4440 4439 1119
f 4450 4451 1114
f 4479 4478 4461
f 4465 4464 4466
f 4480 4441 1120
f 4439 4444 4441
f 4440 4442 4439
f 4638 1113 1116
f 4445 4443 1111
f 4432 4435 4443
f 4441 4444 277
f 4439 4442 4459
f 67 4445 1109
f 67 4432 4445
f 4727 4447 4446
f 4449 4459 4442
f 278 4447 4448
f 278 4444 4447
f 1112 4718 4728
f 1111 278 4448
f 4447 4459 4446
f 4453 1113 4454
f 4716 4450 4452
f 4446 4449 4450
f 4449 4451 4450
f 4456 4442 4458
f 4712 4452 4640
f 4715 4716 4452
f 4449 4456 4451
f 4457 4463 4455
f 4451 4454 1114
f 4451 4453 4454
f 4456 4457 4453
f 4465 1118 280
f 4451 4456 4453
f 4449 4442 4456
f 4453 4457 4455
f 4458 4440 4461
f 4456 4458 4457
f 4442 4440 4458
f 4439 4459 4444
f 4449 4446 4459
f 4472 4470 4471
f 4463 4457 4462
f 4476 4477 4478
f 4477 4460 4462
f 4477 4462 4461
f 4460 1136 4463
f 4460 4463 4462
f 4466 1118 4465
f 4463 4464 4455
f 4463 1136 4464
f 4639 4626 4465
f 4626 4464 4465
f 1136 4466 4464
f 4473 4460 1124
f 1136 4471 4466
f 4545 4542 1135
f 4469 4468 4467
f 72 4622 4623
f 4470 4469 4467
f 4470 4539 4469
f 1136 4473 4471
f 4546 1135 26
f 4467 4471 4470
f 1136 4460 4473
f 4474 4472 4473
f 1123 4470 4472
f 4474 4473 1124
f 4472 4471 4473
f 4495 4474 4494
f 4495 4472 4474
f 4485 4488 4476
f 4488 4492 4475
f 4481 4484 1121
f 4475 1124 4476
f 4478 4477 4461
f 4476 1124 4477
f 4440 4479 4461
f 1121 4485 4478
f 4480 4482 1119
f 1121 4478 4479
f 275 4480 4438
f 1119 4441 4480
f 1095 4483 275
f 4485 4476 4478
f 1119 4482 4479
f 4480 275 4482
f 1094 4483 1096
f 4481 275 4483
f 4483 4486 4481
f 4488 4475 4476
f 4484 4485 1121
f 4484 4487 4485
f 4372 4486 1094
f 4484 4481 4486
f 1092 4487 4484
f 4490 1091 4373
f 4487 4488 4485
f 4487 4489 4488
f 4501 4489 4490
f 4492 4488 4489
f 4487 4490 4489
f 1092 1091 4490
f 4502 4496 4493
f 4493 4492 4491
f 4491 4492 4489
f 4494 4475 4492
f 4502 4493 4491
f 1125 4494 4493
f 4493 4494 4492
f 4540 1126 1133
f 1125 4495 4494
f 1123 4472 4495
f 1089 4500 4502
f 1129 1127 4496
f 4514 4517 281
f 1127 1129 4497
f 4504 4499 4498
f 1129 4496 4498
f 4505 4499 4504
f 4516 1129 4499
f 1087 4500 4359
f 4498 4502 4500
f 4489 4501 4491
f 4490 4373 4501
f 1089 4502 4491
f 4498 4496 4502
f 1599 4510 4511
f 4515 4516 4503
f 1087 4504 4500
f 1087 4355 4504
f 4499 4505 4503
f 4504 4355 4505
f 1596 4523 1597
f 4514 4515 4506
f 4508 4507 1128
f 4509 4354 4507
f 4506 4508 1128
f 4506 4515 4508
f 4354 4509 269
f 4508 4503 4509
f 4520 4528 4521
f 4511 1128 1600
f 4512 4511 4510
f 4506 1128 4511
f 4511 4512 4506
f 4521 4524 4520
f 4519 4517 4513
f 4517 4514 4513
f 4512 4514 4506
f 4512 4513 4514
f 4508 4515 4503
f 4514 281 4515
f 4503 4516 4499
f 281 4497 4516
f 281 4517 4536
f 4564 1132 4527
f 4513 4518 4519
f 4522 4512 4510
f 4528 4530 4518
f 4536 4537 4538
f 282 4527 396
f 1132 4528 4520
f 4513 4522 4518
f 4522 4523 4521
f 4518 4522 4521
f 4513 4512 4522
f 1597 4523 4510
f 1596 1585 4524
f 4520 4524 396
f 4521 4523 4524
f 4567 4565 4566
f 4532 4533 4543
f 1583 4526 283
f 1584 385 4526
f 396 4527 4520
f 4525 4564 4527
f 4521 4528 4518
f 1132 4529 4528
f 4533 4529 4531
f 4530 4528 4529
f 4534 4530 4532
f 4519 4518 4530
f 1132 4531 4529
f 4559 4557 4558
f 4534 4532 26
f 4530 4529 4532
f 4564 4563 4531
f 1130 4543 4533
f 4535 4534 26
f 4519 4530 4534
f 1135 4535 26
f 4538 1126 4536
f 281 4536 4497
f 4517 4519 4537
f 4541 4538 4535
f 4536 4517 4537
f 4535 4538 4537
f 1133 1126 4538
f 1123 4539 4470
f 1123 1133 4539
f 1125 4540 4495
f 1125 1127 4540
f 4538 4541 1133
f 1135 4542 4541
f 4539 4542 4469
f 4539 4541 4542
f 1134 4543 1130
f 1134 4548 4546
f 4623 4544 72
f 4468 4469 4544
f 4548 4545 4546
f 4544 4542 4545
f 1134 4546 4543
f 4545 1135 4546
f 4560 4547 1130
f 1142 1139 4547
f 1139 4624 1134
f 4619 1142 4550
f 4573 4556 4557
f 1142 4547 4549
f 4614 4620 288
f 4552 4549 4551
f 4556 4555 4553
f 4599 4597 4598
f 1142 4552 4550
f 1142 4549 4552
f 4599 4553 1140
f 4556 4551 4557
f 4574 4554 1141
f 4587 1146 285
f 4595 4592 4555
f 4553 4551 4556
f 4555 4556 4554
f 4551 4549 4557
f 4554 4556 4573
f 4549 4547 4558
f 4563 4558 4560
f 4557 4549 4558
f 4564 4561 4563
f 4573 4557 4559
f 4531 4560 4533
f 4558 4547 4560
f 4566 4561 4525
f 4563 4560 4531
f 4573 4562 1141
f 4559 4561 4562
f 4559 4563 4561
f 4559 4558 4563
f 4561 4564 4525
f 4531 1132 4564
f 4561 4566 4562
f 1543 1542 4569
f 1131 4566 4525
f 4565 4562 4566
f 1131 4567 4566
f 385 1543 4571
f 4581 4579 4578
f 1143 4574 4572
f 1143 4569 4568
f 4571 4567 385
f 1541 4570 1539
f 4568 1542 4570
f 4572 4571 4569
f 4565 4567 4571
f 4565 4572 1141
f 4565 4571 4572
f 4562 4573 4559
f 1141 4554 4573
f 4572 4574 1141
f 4580 4581 1541
f 4589 4575 4576
f 4577 1143 4578
f 4589 4576 4588
f 4575 4578 4579
f 1143 4577 4574
f 4575 4593 4577
f 4577 4578 4575
f 1143 4568 4578
f 1525 383 4582
f 4576 4575 4579
f 1528 4580 1541
f 4583 1525 4582
f 4570 4581 4568
f 4580 4579 4581
f 1145 4582 383
f 4586 4579 4580
f 4584 4583 4582
f 1528 25 4583
f 4585 4584 4582
f 4586 4580 4584
f 1145 4585 4582
f 1145 1146 4585
f 4585 4586 4584
f 4576 4579 4586
f 1144 4588 285
f 4576 4586 4587
f 4589 4588 284
f 4576 4587 4588
f 4590 4589 284
f 4593 4575 4589
f 4591 4590 284
f 4592 4553 4555
f 1144 4602 284
f 4600 4596 4592
f 4591 1147 4600
f 1140 4553 4592
f 4590 4593 4589
f 4594 4554 4574
f 4595 4594 4593
f 4555 4554 4594
f 4594 4595 4555
f 4590 4600 4595
f 4592 4596 1140
f 1147 4601 4596
f 4616 4597 1149
f 4598 4550 4552
f 4616 4598 4597
f 288 4550 4598
f 4597 4599 1140
f 4598 4552 4599
f 4595 4600 4592
f 4590 4591 4600
f 287 4601 1148
f 4617 4597 1140
f 4603 1147 4591
f 1148 1147 4603
f 1150 4605 4604
f 287 4605 4601
f 1150 1149 4605
f 4609 4606 4608
f 1153 4615 4606
f 4606 1150 4607
f 4609 4608 1152
f 4606 4607 4608
f 4610 4609 1152
f 1153 4606 4609
f 4657 4656 4610
f 4652 4651 4635
f 4609 4612 1153
f 4652 1165 4651
f 4613 4612 4611
f 4609 4610 4612
f 1153 4613 1138
f 4631 4632 4629
f 4613 4614 1138
f 4631 4611 4632
f 1138 4615 1153
f 1138 4616 4615
f 4615 4616 1149
f 1138 288 4616
f 4605 4617 4601
f 1149 4597 4617
f 1139 4619 4624
f 4619 4550 4620
f 4621 4624 4618
f 1139 1142 4619
f 288 4620 4550
f 1151 4618 4620
f 4548 4621 72
f 4618 1137 4621
f 1137 4622 4621
f 4623 4468 4544
f 1117 4623 4622
f 1117 4627 4625
f 4548 4624 4621
f 4548 1134 4624
f 1117 4625 4623
f 280 1118 4625
f 280 4639 4465
f 1113 4455 4626
f 280 4627 279
f 280 4625 4627
f 1154 4628 1156
f 1155 4627 4628
f 1137 4629 1156
f 1151 4614 4631
f 4655 4610 4656
f 4635 1162 4636
f 1151 4631 4629
f 4613 4611 4631
f 4653 4632 4611
f 4630 1154 4632
f 4647 4633 1162
f 1158 18 4633
f 1155 4634 4636
f 1155 4628 4634
f 4633 4636 1162
f 4634 4630 4635
f 4635 4636 4634
f 4633 18 4636
f 1157 4637 1116
f 4645 290 4643
f 4642 4641 4638
f 4641 4454 4638
f 279 4639 280
f 1116 4626 4639
f 4712 4640 1159
f 4452 1114 4640
f 4637 4642 4638
f 4640 1114 4641
f 1158 4645 4637
f 1115 4641 4642
f 4709 4643 290
f 1160 1115 4643
f 4668 4644 4667
f 290 4646 4644
f 4637 4645 4642
f 1158 4633 4646
f 4645 4646 290
f 4645 1158 4646
f 4646 4647 4644
f 4646 4633 4647
f 1166 4667 4666
f 4644 4647 4648
f 4666 4649 4664
f 4648 4650 4649
f 4647 4650 4648
f 4647 1162 4650
f 1164 4651 1165
f 4650 1162 4651
f 4630 4652 4635
f 4655 4612 4610
f 4612 4655 4611
f 4652 4630 4653
f 4652 4654 1165
f 4652 4653 4654
f 4653 4655 4654
f 4653 4611 4655
f 4654 4656 289
f 4654 4655 4656
f 4658 4656 4657
f 289 4656 4658
f 4661 4659 1163
f 1164 1165 4659
f 4659 4660 1163
f 4659 289 4660
f 4649 4661 4664
f 4649 1164 4661
f 4664 4661 4663
f 4665 4664 4662
f 4661 1163 4663
f 4662 4664 4663
f 4665 4666 4664
f 4673 4685 4665
f 1166 4666 4665
f 291 4667 1166
f 4648 4649 4666
f 4666 4667 4648
f 4708 1161 4709
f 291 4668 4667
f 4708 4709 4668
f 4672 4669 291
f 4670 4671 4669
f 4682 4684 292
f 4671 1161 4708
f 4706 4705 4704
f 4700 1178 4702
f 4665 4672 1166
f 4685 4669 4672
f 4662 4673 4665
f 4675 4673 4674
f 292 4685 4673
f 4676 1167 4675
f 4681 4682 1167
f 292 4673 4675
f 4677 4868 4678
f 4868 1170 4678
f 1171 4678 1170
f 1171 4681 4678
f 1168 4679 4689
f 4688 295 1175
f 1170 4680 1171
f 4692 1172 4690
f 293 4681 1171
f 4682 292 4675
f 293 4683 4681
f 4687 294 296
f 4681 4683 4682
f 293 294 4683
f 292 4684 4670
f 4683 294 4687
f 4665 4685 4672
f 292 4670 4685
f 4692 4690 4679
f 4698 1175 1177
f 4705 4687 296
f 4684 4683 4687
f 4690 4688 4686
f 4695 1173 1193
f 1176 4689 4686
f 293 1168 4689
f 4679 4690 4686
f 1172 4691 4694
f 4690 1172 4694
f 1172 1174 4691
f 1169 4864 4865
f 4864 4862 4863
f 1193 4693 70
f 1192 1190 4693
f 4688 4694 295
f 4688 4690 4694
f 70 4695 1193
f 4691 4854 4695
f 4697 4696 70
f 4694 4691 4696
f 4770 4768 4697
f 1179 295 4697
f 4686 4698 1176
f 4688 1175 4698
f 1180 4699 1181
f 1180 1177 4699
f 4705 4700 4707
f 296 1176 4703
f 4766 4701 4768
f 1181 4699 4701
f 4711 4707 4702
f 1178 1180 4713
f 1178 4703 1177
f 4700 296 4703
f 4707 4704 4705
f 1161 4671 4704
f 4671 4706 4704
f 296 4700 4705
f 4684 4706 4670
f 4687 4705 4706
f 4702 4707 4700
f 4707 4711 4710
f 291 4708 4668
f 291 4669 4708
f 4668 4709 290
f 1161 1160 4709
f 1160 4710 1159
f 1160 1161 4710
f 4710 4711 1159
f 4702 1178 4713
f 4711 4712 1159
f 4714 4702 4713
f 4721 4717 4713
f 4714 4711 4702
f 71 4715 4717
f 4712 4711 4714
f 4716 4715 71
f 4712 4714 4715
f 4727 4716 71
f 4446 4450 4716
f 71 4717 1112
f 4714 4713 4717
f 4717 4721 1112
f 4726 4730 1111
f 4701 4766 4767
f 4767 4722 4719
f 1181 4767 4719
f 1182 1183 4744
f 4719 4721 1181
f 4719 1112 4721
f 4723 4724 4720
f 4720 4724 4722
f 4764 4723 4720
f 4744 4743 1185
f 4722 4724 4725
f 4742 1185 4741
f 4722 4725 4718
f 4724 4742 4731
f 4727 4728 4448
f 4730 1109 4445
f 4728 4727 71
f 4448 4447 4727
f 1112 4728 71
f 4718 4726 4728
f 4740 4736 4733
f 4734 4738 4122
f 4725 4730 4726
f 4741 1185 4729
f 4725 4731 4730
f 4725 4724 4731
f 1185 4740 4729
f 4735 4434 4732
f 4729 4733 4732
f 4736 4738 4734
f 4429 4734 4122
f 4738 1030 4737
f 4733 4735 4732
f 4734 4429 4735
f 4733 4736 4734
f 4733 4729 4740
f 4124 4737 4123
f 4750 4748 4749
f 4124 4738 4737
f 4124 4122 4738
f 4746 4747 1184
f 1030 4736 4739
f 4743 4740 1185
f 4739 4736 4740
f 66 4741 4729
f 4731 4742 4741
f 4723 4742 4724
f 4723 1182 4744
f 4739 4743 1184
f 4739 4740 4743
f 4723 4744 4742
f 1183 4743 4744
f 4746 4745 65
f 1184 1183 4745
f 4757 4756 1187
f 1187 4747 4746
f 4748 4750 1187
f 1030 4739 4747
f 4749 4748 4109
f 4756 1189 4754
f 4120 4749 4109
f 4120 4123 4749
f 4737 4750 4749
f 1030 4747 4750
f 4791 4753 256
f 4108 4110 4751
f 1189 4755 256
f 4793 4106 4752
f 4111 4753 4752
f 4111 4108 4753
f 4109 4754 4751
f 4748 1187 4756
f 4791 4755 4787
f 297 1186 4788
f 4748 4756 4754
f 1187 4746 4757
f 4758 4757 65
f 1188 4756 4757
f 4763 1182 4762
f 4785 297 1188
f 62 4771 4772
f 4774 4786 4785
f 4761 4760 4772
f 4768 4701 1179
f 65 4761 4759
f 65 4745 4761
f 4761 4763 4760
f 4767 4720 4722
f 4760 4763 4762
f 4761 4745 4763
f 1182 4764 4762
f 1182 4723 4764
f 4762 4765 4769
f 4762 4764 4765
f 4764 4766 4765
f 4764 4720 4766
f 4701 4767 1181
f 4766 4720 4767
f 4770 4769 4765
f 4765 4766 4768
f 4762 4769 4760
f 4765 4768 4770
f 70 4770 4697
f 4693 4769 4770
f 4786 4774 1194
f 4772 1190 62
f 4759 4772 4771
f 4759 4761 4772
f 4784 4773 4775
f 1194 69 4773
f 4771 4774 4759
f 4771 1194 4774
f 4778 4775 1195
f 4783 1197 4784
f 1195 4776 4777
f 1195 69 4776
f 4846 4844 4776
f 4842 300 4778
f 4777 4778 1195
f 4779 1196 4783
f 300 4779 4778
f 300 4823 4779
f 4782 1196 4780
f 1196 4779 4823
f 4817 4818 299
f 4801 4794 4797
f 4798 4782 4781
f 4799 1197 4783
f 4779 4783 4775
f 1196 4782 4799
f 1186 4784 1197
f 4786 1194 4773
f 4774 4785 4758
f 1186 297 4785
f 1186 4786 4784
f 1186 4785 4786
f 4791 4787 4790
f 4755 297 4788
f 1197 4788 1186
f 4800 1199 4796
f 4792 4789 4795
f 4796 1198 4789
f 4796 4790 4787
f 4789 4792 4793
f 4755 4791 256
f 4790 4752 4791
f 4065 4792 4066
f 4065 4107 4792
f 4106 4793 4107
f 4790 4789 4793
f 1199 4798 1198
f 1200 1016 4794
f 4792 4795 4066
f 4789 1198 4795
f 4790 4796 4789
f 4787 4788 4800
f 4802 4797 4798
f 4794 4795 4797
f 4802 4798 4781
f 4797 1198 4798
f 1199 4799 4782
f 1199 4800 4799
f 4787 4800 4796
f 1197 4799 4800
f 1200 4801 4804
f 1200 4794 4801
f 4818 4819 4820
f 4801 4797 4802
f 4815 4816 4814
f 4811 4805 4803
f 64 4804 4803
f 64 1200 4804
f 4808 4810 1202
f 4810 4053 4806
f 4063 4806 4053
f 64 4805 4806
f 4063 4807 4806
f 4063 4062 4807
f 1201 4808 1202
f 4809 4049 4050
f 1201 4809 4808
f 4052 4810 4808
f 4052 4053 4810
f 4814 4811 4803
f 4812 1202 4811
f 1201 1202 4812
f 4812 4811 4813
f 4819 4814 4803
f 4813 4811 4814
f 1205 4817 299
f 4816 4813 4814
f 63 4816 4815
f 4815 4817 63
f 4815 4818 4817
f 299 4818 4821
f 4815 4814 4819
f 4804 4819 4803
f 4818 4815 4819
f 4801 4820 4804
f 4802 4781 4821
f 4780 4824 4781
f 4818 4820 4821
f 4825 4823 4822
f 300 4842 4843
f 1196 4823 4780
f 300 4822 4823
f 4821 4824 299
f 4821 4781 4824
f 4824 4825 1203
f 4824 4780 4825
f 4827 4826 1206
f 1203 4825 4826
f 1205 4827 4828
f 1205 1203 4827
f 1205 4828 1204
f 4827 4829 4828
f 1206 298 4829
f 298 4831 4830
f 4840 4832 4841
f 298 1206 4831
f 4833 4832 1209
f 4830 4831 4832
f 4830 4832 4833
f 4880 4834 76
f 4835 1209 4834
f 4833 1209 4835
f 305 4836 19
f 305 4880 4836
f 76 4837 1208
f 1209 4832 4840
f 4839 4838 1214
f 1208 1210 4858
f 4879 4877 4857
f 1211 4838 4839
f 4837 4840 1210
f 4832 4831 4841
f 1207 4841 4831
f 1207 4843 4841
f 4844 4845 4777
f 1213 4841 4843
f 1213 4843 4842
f 1207 4822 4843
f 4858 4844 4856
f 4777 4776 4844
f 4842 4845 1213
f 4842 4777 4845
f 4849 4847 4846
f 73 4856 4846
f 4776 4849 4846
f 4850 1191 62
f 4849 4850 4847
f 1192 1193 4848
f 69 4849 4776
f 69 1191 4849
f 4847 4850 4848
f 4849 1191 4850
f 1212 4855 301
f 1214 73 4851
f 4847 4852 73
f 4847 4848 4852
f 4862 4859 4853
f 303 1212 4853
f 1212 4854 1174
f 301 1173 4854
f 4859 4860 303
f 4857 4851 4855
f 4846 4856 4844
f 1214 4838 4856
f 303 4879 4855
f 4839 1214 4857
f 4844 4858 4845
f 4838 1208 4858
f 4869 4871 4859
f 4860 4879 303
f 4861 4866 4869
f 4878 1222 4877
f 1217 4861 1169
f 1217 4866 4861
f 4863 4862 4853
f 4861 4869 4862
f 4865 4864 4692
f 4853 1174 4863
f 4692 4864 4863
f 1169 4861 4864
f 4679 4865 4692
f 4680 1169 4865
f 4867 4866 1217
f 4870 4871 4869
f 4870 4866 4872
f 1215 1170 4868
f 4862 4869 4859
f 4866 4870 4869
f 4876 4870 4873
f 4871 4860 4859
f 4876 4871 4870
f 74 4860 4871
f 4870 4872 4873
f 4876 4873 4874
f 4876 4874 304
f 1219 4875 1220
f 304 4874 4886
f 74 4876 304
f 74 4871 4876
f 4857 4877 4839
f 4860 74 4878
f 4879 4878 4877
f 74 1219 4878
f 4855 4879 4857
f 4860 4878 4879
f 4883 4880 305
f 4881 4834 4880
f 4835 4834 4881
f 4875 4885 1220
f 4883 4881 4880
f 4884 4883 305
f 1221 4884 4882
f 1220 4885 4882
f 4875 304 4886
f 4875 4886 4887
f 4875 4887 4885
